PLAYER_ID,PLAYER_NAME,NICKNAME,TEAM_ID,TEAM_ABBREVIATION,AGE,GP,W,L,W_PCT,MIN,FGM,FGA,FG_PCT,FG3M,FG3A,FG3_PCT,FTM,FTA,FT_PCT,OREB,DREB,REB,AST,TOV,STL,BLK,BLKA,PF,PFD,PTS,PLUS_MINUS,NBA_FANTASY_PTS,DD2,TD3,WNBA_FANTASY_PTS,FP_HIGH_SCORE,GP_RANK,W_RANK,L_RANK,W_PCT_RANK,MIN_RANK,FGM_RANK,FGA_RANK,FG_PCT_RANK,FG3M_RANK,FG3A_RANK,FG3_PCT_RANK,FTM_RANK,FTA_RANK,FT_PCT_RANK,OREB_RANK,DREB_RANK,REB_RANK,AST_RANK,TOV_RANK,STL_RANK,BLK_RANK,BLKA_RANK,PF_RANK,PFD_RANK,PTS_RANK,PLUS_MINUS_RANK,NBA_FANTASY_PTS_RANK,DD2_RANK,TD3_RANK,WNBA_FANTASY_PTS_RANK,FP_HIGH_SCORE_RANK,TEAM_COUNT,FetchTimestampUTC,SourceEndpoint,SeasonFetched
1628932,A'ja Wilson,A'ja,1611661319,LVA,29.0,40,29,11,0.725,31.2,8.3,16.5,0.505,0.6,1.5,0.424,6.2,7.3,0.855,2.3,7.9,10.2,3.1,2.2,1.6,2.3,0.8,1.9,6.7,23.4,7.3,49.7,21,0,45.1,51.4,54,14,122,22,17,2,1,21,92,107,17,1,1,40,9,3,2,37,21,7,1,16,78,1,1,5,1,3,8,1,1,1,2026-10-06T17:13:51.805731+00:00,leaguedashplayerstats,2025
1642290,Aaliyah Edwards,Aaliyah,1611661323,CON,23.0,36,15,21,0.417,14.8,1.9,4.3,0.448,0.0,0.3,0.0,1.6,2.4,0.644,1.3,2.4,3.7,0.6,1.1,0.6,0.4,0.4,1.6,2.1,5.4,-2.9,12.6,0,0,11.7,13.3,78,87,38,121,113,108,110,62,156,158,156,54,47,142,39,78,65,142,82,86,60,60,101,50,104,135,104,63,8,108,107,2,2026-10-06T17:13:51.805731+00:00,leaguedashplayerstats,2025
1642801,Aaliyah Nye,Aaliyah,1611661319,LVA,23.0,44,30,14,0.682,15.3,1.3,3.9,0.345,0.8,2.7,0.314,0.3,0.4,0.824,0.3,1.2,1.5,0.5,0.6,0.3,0.2,0.2,1.3,0.4,3.8,-0.5,7.3,0,0,7.7,7.9,2,6,80,29,111,131,119,153,71,70,94,151,154,57,126,134,133,144,137,148,95,113,128,154,128,93,137,63,8,133,142,1,2026-10-06T17:13:51.805731+00:00,leaguedashplayerstats,2025
1630462,Aari McDonald,Aari,1611661325,IND,27.0,20,12,8,0.6,26.3,3.3,7.7,0.429,1.2,3.9,0.308,2.0,2.6,0.784,0.5,1.9,2.4,4.7,2.3,1.3,0.2,0.3,2.5,2.7,9.8,2.1,21.6,0,0,20.9,25.8,134,105,143,63,53,60,59,76,48,32,96,45,44,78,107,97,104,15,15,28,123,91,30,36,54,50,49,63,8,51,45,1,2026-10-06T17:13:51.805731+00:00,leaguedashplayerstats,2025
1627672,Aerial Powers,Aerial,1611661325,IND,32.0,10,7,3,0.7,16.7,2.7,6.5,0.415,0.7,1.9,0.368,1.3,1.9,0.684,1.0,2.9,3.9,2.0,1.1,0.8,0.1,0.6,1.9,2.0,7.4,4.7,16.7,0,0,15.8,18.0,159,137,162,26,107,85,72,94,84,89,41,69,59,131,48,61,60,67,88,61,130,36,75,55,81,18,78,63,8,80,79,2,2026-10-06T17:13:51.805731+00:00,leaguedashplayerstats,2025
1642828,Ajae Petty,Ajae,1611661321,DAL,23.0,2,1,1,0.5,3.2,0.0,0.0,0.0,0.0,0.0,0.0,0.0,0.0,0.0,0.0,0.5,0.5,0.0,0.0,0.0,0.0,0.0,0.5,0.0,0.0,-1.5,0.6,0,0,0.5,0.5,177,170,174,102,179,177,180,177,156,175,156,166,168,166,173,168,175,175,177,169,156,166,177,176,177,115,179,63,8,179,179,1,2026-10-06T17:13:51.805731+00:00,leaguedashplayerstats,2025
1629501,Alanna Smith,Alanna,1611661324,MIN,29.0,42,32,10,0.762,26.5,3.8,7.9,0.485,1.3,3.8,0.329,0.7,1.5,0.477,1.5,3.5,5.1,2.9,1.5,1.3,1.9,0.3,2.8,2.0,9.6,5.6,28.2,1,0,25.3,30.1,40,4,127,17,52,47,54,37,42,37,82,106,75,161,27,35,31,42,56,22,3,104,15,53,57,14,27,43,8,36,30,1,2026-10-06T17:13:51.805731+00:00,leaguedashplayerstats,2025
1628297,Alexis Prince,Alexis,1611661317,PHX,32.0,1,1,0,1.0,22.1,1.0,3.0,0.333,0.0,1.0,0.0,0.0,0.0,0.0,0.0,8.0,8.0,1.0,3.0,0.0,0.0,0.0,1.0,0.0,2.0,5.0,10.1,0,0,11.0,12.0,179,170,176,1,73,142,138,159,156,124,156,166,168,166,173,2,8,110,5,169,156,166,148,176,152,16,118,63,8,112,115,1,2026-10-06T17:13:51.805731+00:00,leaguedashplayerstats,2025
1642293,Alissa Pili,Alissa,1611661320,LAS,25.0,19,14,5,0.737,5.2,0.7,1.5,0.464,0.2,0.6,0.333,0.7,0.8,0.867,0.2,0.8,1.0,0.2,0.4,0.1,0.1,0.2,0.7,0.5,2.3,0.5,3.8,0,0,3.9,4.1,137,93,152,20,169,154,162,50,126,137,71,111,118,28,154,155,151,169,160,166,149,139,170,144,149,76,166,63,8,164,166,2,2026-10-06T17:13:51.805731+00:00,leaguedashplayerstats,2025
1641648,Aliyah Boston,Aliyah,1611661325,IND,24.0,44,24,20,0.545,30.2,6.2,11.5,0.538,0.1,0.7,0.207,2.5,3.3,0.762,2.4,5.8,8.2,3.7,1.8,1.2,0.9,0.9,3.1,4.0,15.0,4.2,34.9,17,0,31.3,37.0,2,33,48,80,25,8,25,11,134,136,138,27,25,95,6,8,6,23,43,37,15,11,3,13,20,22,11,4,8,15,12,1,2026-10-06T17:13:51.805731+00:00,leaguedashplayerstats,2025
1628277,Allisha Gray,Allisha,1611661330,ATL,31.0,42,28,14,0.667,34.5,5.9,13.0,0.451,2.3,6.1,0.384,4.4,5.5,0.799,0.9,4.5,5.3,3.5,1.8,1.1,0.4,0.8,2.6,4.1,18.4,6.4,32.6,2,0,32.4,35.0,40,18,80,40,3,14,16,59,4,9,33,6,6,72,61,23,26,28,46,46,67,20,22,11,7,11,14,35,8,12,16,1,2026-10-06T17:13:51.805731+00:00,leaguedashplayerstats,2025
202252,Alysha Clark,Alysha,1611661322,WAS,38.0,42,19,23,0.452,19.7,1.4,3.8,0.371,0.6,2.3,0.271,0.5,0.6,0.731,0.4,2.4,2.8,1.2,0.5,0.6,0.1,0.0,1.9,1.6,3.9,-4.0,10.7,0,0,9.9,11.2,40,62,29,116,85,125,122,135,93,81,121,134,137,112,118,77,87,100,147,88,134,163,70,76,126,156,114,63,8,119,117,2,2026-10-06T17:13:51.805731+00:00,leaguedashplayerstats,2025
203826,Alyssa Thomas,Alyssa,1611661317,PHX,34.0,39,25,14,0.641,31.3,6.2,11.6,0.532,0.0,0.2,0.0,3.0,4.3,0.692,1.6,7.2,8.8,9.2,3.5,1.6,0.4,0.8,2.1,4.0,15.4,4.9,42.3,23,8,37.4,48.6,61,27,80,45,13,7,24,13,156,164,156,21,12,126,22,4,3,1,3,8,52,18,54,13,19,17,3,1,1,3,2,1,2026-10-06T17:13:51.805731+00:00,leaguedashplayerstats,2025
1629539,Amy Okonkwo,Amy,1611661321,DAL,29.0,8,1,7,0.125,19.6,3.8,7.6,0.492,1.3,3.8,0.333,2.3,2.5,0.9,0.9,2.3,3.1,0.8,0.9,1.4,0.1,0.3,1.4,2.1,11.0,-3.3,19.5,0,0,19.1,20.1,163,170,145,175,86,50,61,29,43,40,71,37,45,11,60,84,79,129,111,17,125,107,118,47,46,145,63,63,8,58,64,1,2026-10-06T17:13:51.805731+00:00,leaguedashplayerstats,2025
1642797,Anastasiia Olairi Kosu,Anastasiia Olairi,1611661324,MIN,21.0,21,18,3,0.857,3.8,0.6,1.4,0.448,0.0,0.1,0.0,0.4,0.7,0.6,0.5,0.2,0.7,0.2,0.3,0.0,0.2,0.2,0.4,0.4,1.7,1.7,3.3,0,0,3.1,3.6,131,68,162,9,176,157,163,61,156,168,156,139,127,151,103,175,169,165,165,168,105,125,178,157,158,56,169,63,8,168,168,1,2026-10-06T17:13:51.805731+00:00,leaguedashplayerstats,2025
1642800,Aneesah Morrow,Aneesah,1611661323,CON,23.0,41,11,30,0.268,18.9,2.7,7.3,0.375,0.4,1.8,0.24,1.8,2.3,0.758,2.0,4.8,6.9,0.5,1.1,0.8,0.4,0.7,2.0,1.9,7.7,-3.4,19.2,8,0,17.9,19.2,47,108,10,149,89,83,64,132,106,91,133,50,50,102,10,18,16,148,89,65,51,29,64,62,75,146,65,12,8,67,75,1,2026-10-06T17:13:51.805731+00:00,leaguedashplayerstats,2025
1642291,Angel Reese,Angel,1611661329,CHI,24.0,30,9,21,0.3,31.6,5.1,11.1,0.458,0.1,0.7,0.182,4.3,5.7,0.756,4.1,8.5,12.6,3.7,3.9,1.5,0.7,2.0,3.4,4.7,14.7,-6.4,37.7,23,1,35.3,41.0,105,127,38,141,9,26,26,53,136,133,143,7,3,103,1,1,1,25,2,15,30,1,1,7,23,171,4,1,3,5,5,1,2026-10-06T17:13:51.805731+00:00,leaguedashplayerstats,2025
1628878,Ariel Atkins,Ariel,1611661329,CHI,29.0,34,10,24,0.294,28.5,4.8,10.7,0.444,1.3,3.5,0.361,2.4,2.7,0.86,0.7,2.7,3.4,3.6,2.5,1.6,0.7,0.5,3.0,3.7,13.1,-4.5,26.9,0,0,25.9,30.5,86,112,27,143,30,33,30,66,41,45,52,32,35,31,78,73,71,26,11,12,26,51,5,18,33,161,34,63,8,33,29,1,2026-10-06T17:13:51.805731+00:00,leaguedashplayerstats,2025
1629481,Arike Ogunbowale,Arike,1611661321,DAL,29.0,29,7,22,0.241,33.3,5.1,13.9,0.364,1.7,5.4,0.304,3.7,4.0,0.931,0.3,2.1,2.5,4.1,2.1,1.3,0.2,0.4,2.6,3.2,15.5,-3.8,27.4,1,0,27.0,31.0,109,137,35,157,5,28,11,139,25,13,101,13,17,5,123,88,98,18,28,19,88,72,23,27,17,155,31,43,8,25,27,1,2026-10-06T17:13:51.805731+00:00,leaguedashplayerstats,2025
1642793,Aziaha James,Aziaha,1611661321,DAL,23.0,38,10,28,0.263,17.7,2.8,7.5,0.373,0.8,2.9,0.286,1.1,1.4,0.745,0.9,2.0,2.9,1.6,1.0,0.6,0.2,0.3,1.2,1.2,7.5,-3.4,14.8,0,0,14.4,16.0,68,112,11,151,98,75,63,134,70,63,110,82,80,107,53,93,84,89,96,87,107,96,134,94,79,148,91,63,8,88,92,1,2026-10-06T17:13:51.805731+00:00,leaguedashplayerstats,2025
1628922,Azura Stevens,Azura,1611661320,LAS,30.0,44,21,23,0.477,28.4,4.6,9.7,0.478,1.7,4.4,0.381,1.8,2.3,0.79,1.7,6.3,8.0,2.1,1.5,1.2,1.1,0.5,2.2,1.9,12.8,-2.1,31.0,9,0,29.2,31.9,2,51,29,110,32,34,38,40,24,22,35,48,52,74,19,6,8,62,64,34,12,45,49,63,35,120,18,11,8,20,24,1,2026-10-06T17:13:51.805731+00:00,leaguedashplayerstats,2025
1627668,Breanna Stewart,Breanna,1611661313,NYL,31.0,31,22,9,0.71,30.6,6.1,13.2,0.461,0.7,2.8,0.241,5.5,6.5,0.837,1.0,5.5,6.5,3.5,1.9,1.4,1.4,0.8,1.9,5.1,18.3,6.2,37.5,5,0,34.4,39.9,99,48,134,24,23,10,15,52,85,67,132,2,2,50,48,11,18,29,33,18,7,17,74,3,8,12,5,16,8,7,7,1,2026-10-06T17:13:51.805731+00:00,leaguedashplayerstats,2025
1642788,Bree Hall,Bree,1611661325,IND,23.0,4,4,0,1.0,4.4,0.3,1.3,0.2,0.0,0.5,0.0,0.3,0.8,0.333,0.0,0.8,0.8,0.0,0.8,0.0,0.0,0.3,1.0,0.3,0.8,2.5,0.9,0,0,1.5,1.5,170,155,176,1,175,172,166,172,156,143,156,154,121,164,173,157,168,175,124,169,156,107,148,167,173,45,178,63,8,177,178,2,2026-10-06T17:13:51.805731+00:00,leaguedashplayerstats,2025
203829,Bria Hartley,Bria,1611661323,CON,33.0,38,10,28,0.263,22.8,2.8,7.7,0.362,1.4,3.9,0.367,1.9,2.4,0.772,0.3,1.7,2.0,3.1,1.8,0.8,0.0,0.6,2.5,2.2,8.9,-6.9,16.3,0,0,16.9,19.3,68,112,11,151,70,75,58,142,33,35,43,47,46,88,136,104,112,35,44,71,156,33,30,44,62,173,82,63,8,75,74,1,2026-10-06T17:13:51.805731+00:00,leaguedashplayerstats,2025
1629488,Brianna Turner,Brianna,1611661325,IND,29.0,27,15,12,0.556,8.6,0.5,1.2,0.406,0.0,0.0,0.0,0.1,0.3,0.5,0.7,1.2,1.9,0.6,0.3,0.1,0.3,0.1,0.9,0.3,1.1,-0.5,5.1,0,0,4.3,5.3,118,87,111,78,155,168,169,100,156,173,156,161,158,157,79,132,119,136,165,167,76,157,160,165,167,92,155,63,8,161,158,1,2026-10-06T17:13:51.805731+00:00,leaguedashplayerstats,2025
1629524,Bridget Carleton,Bridget,1611661324,MIN,29.0,44,34,10,0.773,27.9,2.3,5.8,0.402,1.4,3.8,0.373,0.4,0.6,0.72,0.9,2.7,3.6,2.0,0.8,0.8,0.3,0.2,1.9,1.2,6.5,6.9,16.4,0,0,15.8,17.5,2,1,127,14,38,92,90,105,31,36,38,140,141,117,58,70,67,66,124,59,80,137,76,96,91,8,81,63,8,81,83,1,2026-10-06T17:13:51.805731+00:00,leaguedashplayerstats,2025
1628280,Brionna Jones,Brionna,1611661330,ATL,30.0,44,30,14,0.682,26.6,5.1,9.7,0.527,0.3,1.0,0.261,2.3,3.0,0.773,3.1,4.2,7.3,2.2,1.5,1.1,0.8,0.9,2.5,3.2,12.8,6.0,29.0,12,0,26.3,30.1,2,6,80,29,51,25,38,16,121,122,128,33,30,87,2,29,13,61,64,44,18,9,32,25,34,13,24,7,8,31,31,1,2026-10-06T17:13:51.805731+00:00,leaguedashplayerstats,2025
203398,Brittney Griner,Brittney,1611661330,ATL,35.0,39,25,14,0.641,20.8,4.0,7.7,0.518,0.1,0.5,0.263,1.7,2.2,0.765,0.9,4.3,5.2,0.8,1.5,0.1,1.2,0.3,1.9,2.4,9.8,0.8,19.8,1,0,18.6,20.7,61,27,80,45,84,43,57,19,137,147,126,52,54,94,56,26,27,124,60,165,8,106,71,41,55,69,60,43,8,62,62,1,2026-10-06T17:13:51.805731+00:00,leaguedashplayerstats,2025
1628279,Brittney Sykes,Brittney,1611661328,SEA,32.0,39,18,21,0.462,30.6,4.5,11.7,0.381,0.8,2.6,0.304,4.4,5.6,0.781,0.5,2.6,3.2,4.0,2.5,1.2,0.4,0.7,2.5,4.5,14.1,0.2,26.1,0,0,25.2,30.0,61,68,38,112,22,39,23,124,77,74,100,5,5,83,97,74,77,20,10,33,66,23,26,8,26,77,36,63,8,37,32,2,2026-10-06T17:13:51.805731+00:00,leaguedashplayerstats,2025
1642286,Caitlin Clark,Caitlin,1611661325,IND,24.0,13,8,5,0.615,31.0,5.5,15.1,0.367,2.2,8.0,0.279,3.2,3.8,0.82,0.1,4.9,5.0,8.8,5.1,1.6,0.5,0.7,2.7,4.5,16.5,6.4,37.1,5,1,36.8,45.6,153,134,152,57,19,18,7,136,7,2,113,17,19,60,169,16,33,2,1,6,41,27,20,9,13,10,6,16,3,4,4,1,2026-10-06T17:13:51.805731+00:00,leaguedashplayerstats,2025
1642287,Cameron Brink,Cameron,1611661320,LAS,24.0,19,10,9,0.526,12.9,1.8,4.3,0.427,0.5,1.8,0.294,0.8,1.1,0.762,1.4,2.9,4.3,0.5,1.3,0.5,1.4,0.4,2.5,1.2,5.1,-3.2,15.3,0,0,14.2,16.0,137,112,134,91,126,112,109,78,101,94,105,98,100,95,36,56,48,151,71,105,6,73,27,95,112,144,88,63,8,90,91,1,2026-10-06T17:13:51.805731+00:00,leaguedashplayerstats,2025
1642344,Camryn Taylor,Camryn,1611661324,MIN,26.0,6,3,3,0.5,3.8,0.2,1.2,0.143,0.2,0.5,0.333,0.0,0.3,0.0,0.3,0.7,1.0,0.2,0.5,0.0,0.0,0.2,0.7,0.3,0.5,1.2,1.5,0,0,1.8,1.8,165,157,162,102,177,174,170,176,132,143,71,166,156,166,127,163,151,168,149,169,156,134,171,162,174,62,177,63,8,175,176,1,2026-10-06T17:13:51.805731+00:00,leaguedashplayerstats,2025
1642304,Carla Leite,Carla,1611661331,GSV,22.0,37,19,18,0.514,17.2,2.3,6.0,0.387,0.4,2.0,0.173,2.2,2.7,0.838,0.2,1.1,1.3,2.0,1.5,0.7,0.1,0.4,1.5,2.4,7.2,1.9,12.7,0,0,12.5,14.9,75,62,59,100,103,91,83,118,115,86,146,38,38,49,147,139,138,65,58,81,140,61,108,42,86,52,102,63,8,101,96,1,2026-10-06T17:13:51.805731+00:00,leaguedashplayerstats,2025
1628508,Cecilia Zandalasini,Cecilia,1611661331,GSV,30.0,19,7,12,0.368,23.7,3.5,7.9,0.447,1.9,4.8,0.407,1.5,1.7,0.875,0.3,2.7,2.9,1.7,1.3,0.9,0.2,0.2,1.7,1.5,10.5,2.4,18.7,0,0,19.4,20.3,137,137,111,130,64,54,53,63,13,19,19,57,67,20,143,71,83,82,71,50,91,139,84,79,48,46,68,63,8,55,63,1,2026-10-06T17:13:51.805731+00:00,leaguedashplayerstats,2025
203833,Chelsea Gray,Chelsea,1611661319,LVA,33.0,44,30,14,0.682,31.1,3.8,8.8,0.439,1.4,3.9,0.368,2.1,2.4,0.885,0.6,3.4,3.9,5.4,2.8,1.4,0.6,0.2,2.0,1.9,11.2,3.8,27.4,4,0,26.1,32.1,2,6,80,29,18,45,47,70,31,33,41,44,49,16,92,39,59,9,6,16,33,127,60,59,44,31,32,21,8,32,20,1,2026-10-06T17:13:51.805731+00:00,leaguedashplayerstats,2025
204323,Cheyenne Parker-Tyus,Cheyenne,1611661319,LVA,33.0,2,2,0,1.0,7.0,2.5,4.0,0.625,0.5,1.0,0.5,2.5,3.0,0.833,0.0,1.0,1.0,0.0,0.5,0.0,0.0,0.0,1.0,1.5,8.0,0.5,8.7,0,0,9.5,9.0,177,163,176,1,163,87,112,3,102,124,2,28,30,51,173,141,151,175,149,169,156,166,148,80,71,73,128,63,8,123,134,1,2026-10-06T17:13:51.805731+00:00,leaguedashplayerstats,2025
1631064,Chloe Bibby,Chloe,1611661325,IND,28.0,14,10,4,0.714,11.0,1.5,3.9,0.382,1.2,3.0,0.405,0.6,0.6,0.889,0.4,1.4,1.8,0.5,0.5,0.6,0.1,0.1,0.9,0.6,4.8,1.4,9.1,0,0,9.6,9.5,151,112,157,23,141,121,118,122,45,58,21,122,134,14,122,117,125,149,149,99,145,145,157,134,114,58,126,63,8,122,127,2,2026-10-06T17:13:51.805731+00:00,leaguedashplayerstats,2025
1631090,Christyn Williams,Christyn,1611661321,DAL,26.0,4,1,3,0.25,11.2,1.5,4.0,0.375,0.3,1.0,0.25,1.0,1.5,0.667,0.5,0.5,1.0,0.8,0.3,0.0,0.0,0.3,1.0,1.0,4.3,-14.0,6.3,0,0,6.3,6.8,170,170,162,155,140,121,112,128,123,124,131,87,77,135,98,168,151,129,171,169,156,107,148,104,120,181,149,63,8,147,147,1,2026-10-06T17:13:51.805731+00:00,leaguedashplayerstats,2025
202664,Courtney Vandersloot,Courtney,1611661329,CHI,37.0,7,2,5,0.286,27.2,4.1,9.4,0.439,0.7,3.3,0.217,1.6,1.9,0.846,0.3,2.9,3.1,5.3,2.4,1.6,0.3,1.1,1.9,2.1,10.6,-10.3,25.4,1,0,23.4,29.9,164,163,152,144,41,41,42,69,81,49,137,53,62,46,137,64,78,11,12,10,78,3,80,45,47,180,40,43,8,41,33,1,2026-10-06T17:13:51.805731+00:00,leaguedashplayerstats,2025
1627675,Courtney Williams,Courtney,1611661324,MIN,32.0,44,34,10,0.773,28.6,5.6,13.2,0.428,1.3,3.4,0.389,1.0,1.2,0.849,0.5,4.4,4.9,6.2,2.3,1.3,0.3,0.3,2.0,1.4,13.6,7.3,31.2,3,0,29.1,35.5,2,1,127,14,29,16,14,77,38,47,29,86,94,44,96,24,35,3,16,28,73,75,66,84,29,6,17,27,8,21,15,1,2026-10-06T17:13:51.805731+00:00,leaguedashplayerstats,2025
204325,Crystal Bradford,Crystal,1611661319,LVA,32.0,4,2,2,0.5,6.0,0.5,1.5,0.333,0.0,0.5,0.0,0.0,0.0,0.0,0.5,0.8,1.3,0.3,0.3,0.5,0.0,0.0,0.8,0.3,1.0,-3.8,4.1,0,0,3.5,4.3,170,163,171,102,165,164,161,159,156,143,156,166,168,166,98,157,139,161,171,108,156,166,167,167,169,153,164,63,8,165,164,1,2026-10-06T17:13:51.805731+00:00,leaguedashplayerstats,2025
203024,Damiris Dantas,Damiris,1611661325,IND,33.0,38,21,17,0.553,11.5,1.7,4.8,0.348,0.7,2.5,0.263,0.6,0.7,0.857,0.7,1.7,2.4,0.7,0.8,0.2,0.1,0.3,1.5,0.8,4.6,-1.0,8.4,0,0,8.8,9.0,68,51,65,79,137,116,103,151,87,75,126,113,125,34,69,107,99,133,122,161,141,102,106,123,116,105,131,63,8,128,133,1,2026-10-06T17:13:51.805731+00:00,leaguedashplayerstats,2025
1630389,Dana Evans,Dana,1611661319,LVA,27.0,44,30,14,0.682,17.7,2.4,6.3,0.389,0.8,2.3,0.366,0.9,1.2,0.755,0.2,0.9,1.1,2.2,0.8,0.4,0.1,0.3,1.3,1.0,6.6,-1.1,11.8,0,0,11.7,13.5,2,6,80,29,99,88,80,116,71,80,47,93,94,104,160,147,148,60,117,131,129,75,128,104,90,109,109,63,8,107,105,1,2026-10-06T17:13:51.805731+00:00,leaguedashplayerstats,2025
201886,DeWanna Bonner,DeWanna,1611661317,PHX,38.0,33,18,15,0.545,23.6,3.2,7.8,0.409,1.2,3.6,0.333,2.3,2.6,0.872,0.9,3.3,4.2,1.2,0.8,0.8,0.3,0.5,1.3,2.0,9.8,-0.2,19.1,1,0,18.6,19.7,93,68,77,80,65,65,56,98,46,43,71,35,41,24,59,46,54,105,115,58,80,45,126,54,53,86,66,43,8,63,68,2,2026-10-06T17:13:51.805731+00:00,leaguedashplayerstats,2025
204324,Dearica Hamby,Dearica,1611661320,LAS,32.0,44,21,23,0.477,31.2,7.4,12.9,0.572,0.3,1.2,0.278,3.4,5.4,0.627,2.6,5.4,7.9,3.3,2.7,1.6,0.5,1.7,2.7,4.8,18.4,0.5,36.3,12,0,34.1,39.0,2,51,29,110,15,3,18,6,116,114,114,16,7,146,5,13,10,31,8,11,45,2,18,5,6,73,7,7,8,9,9,1,2026-10-06T17:13:51.805731+00:00,leaguedashplayerstats,2025
1630096,DiJonai Carrington,DiJonai,1611661324,MIN,28.0,31,13,18,0.419,21.9,3.5,8.9,0.386,0.7,2.3,0.319,2.1,2.6,0.805,1.5,2.5,4.0,1.5,1.9,1.1,0.4,1.1,2.5,2.6,9.8,-3.7,19.5,0,0,19.1,21.4,99,99,59,119,75,56,46,120,80,79,91,42,39,67,26,76,56,91,39,43,55,4,29,37,56,152,62,63,8,59,59,2,2026-10-06T17:13:51.805731+00:00,leaguedashplayerstats,2025
1641649,Diamond Miller,Diamond,1611661321,DAL,25.0,40,23,17,0.575,10.9,1.4,3.4,0.403,0.4,1.3,0.333,0.9,1.2,0.761,0.3,1.0,1.3,0.8,0.9,0.3,0.2,0.3,1.6,0.8,4.0,-2.6,7.3,0,0,7.5,8.3,54,38,65,75,143,129,130,104,109,112,71,95,96,98,140,140,137,126,114,147,111,101,93,120,125,130,139,63,8,135,139,2,2026-10-06T17:13:51.805731+00:00,leaguedashplayerstats,2025
1642798,Dominique Malonga,Dominique,1611661328,SEA,20.0,42,21,21,0.5,14.3,3.5,6.3,0.551,0.1,0.4,0.222,0.7,1.2,0.569,1.3,3.4,4.6,0.9,1.1,0.4,0.7,0.7,2.1,1.1,7.7,-0.5,16.6,4,0,15.4,17.3,40,51,38,102,116,55,79,10,144,149,136,110,90,154,41,40,39,123,81,125,30,24,57,97,73,91,80,21,8,85,84,1,2026-10-06T17:13:51.805731+00:00,leaguedashplayerstats,2025
1642295,Elizabeth Kitley,Elizabeth,1611661319,LVA,24.0,12,5,7,0.417,8.2,0.6,1.9,0.304,0.0,0.1,0.0,0.1,0.2,0.5,0.3,1.1,1.4,0.1,0.6,0.3,0.5,0.3,1.5,0.5,1.3,-4.3,5.0,0,0,4.4,5.3,155,151,145,121,157,161,155,167,156,169,156,164,166,157,127,136,136,173,139,140,43,80,106,145,163,159,157,63,8,157,158,1,2026-10-06T17:13:51.805731+00:00,leaguedashplayerstats,2025
204322,Elizabeth Williams,Elizabeth,1611661329,CHI,33.0,43,10,33,0.233,21.1,3.7,7.6,0.48,0.0,0.0,0.0,1.2,1.9,0.617,1.8,3.3,5.2,1.8,1.3,0.7,0.9,0.9,1.4,1.9,8.5,-4.7,21.0,4,0,18.7,22.2,30,112,4,160,82,53,62,39,156,175,156,74,61,148,15,43,28,74,73,78,16,10,113,61,67,163,52,21,8,61,58,1,2026-10-06T17:13:51.805731+00:00,leaguedashplayerstats,2025
1631083,Emily Engstler,Emily,1611661322,WAS,26.0,40,14,26,0.35,12.8,1.3,3.4,0.396,0.4,1.6,0.254,0.6,0.9,0.667,0.9,2.3,3.3,1.5,1.0,0.7,0.7,0.1,1.3,0.7,3.7,-1.9,12.9,0,0,11.5,13.9,54,93,21,136,129,133,130,113,112,103,130,116,111,135,55,79,73,95,103,82,29,156,127,125,132,118,101,63,8,110,103,1,2026-10-06T17:13:51.805731+00:00,leaguedashplayerstats,2025
1628242,Emma Cannon,Emma,1611661320,LAS,37.0,21,7,14,0.333,10.1,1.5,3.0,0.508,0.7,1.7,0.389,0.7,1.1,0.652,0.5,1.3,1.8,0.4,0.8,0.5,0.0,0.1,1.7,1.0,4.4,-0.7,8.0,0,0,8.3,8.6,131,137,80,138,149,120,138,20,86,97,30,108,101,140,95,123,121,155,123,116,150,145,85,104,118,97,135,63,8,130,138,1,2026-10-06T17:13:51.805731+00:00,leaguedashplayerstats,2025
203416,Emma Meesseman,Emma,1611661313,NYL,33.0,17,10,7,0.588,25.9,5.4,9.4,0.572,0.8,1.2,0.667,1.9,2.2,0.865,1.3,3.8,5.1,3.2,2.1,1.2,0.8,0.4,1.5,2.5,13.4,1.9,28.2,1,0,26.5,30.9,143,112,145,65,56,21,43,7,73,113,1,46,55,30,40,32,30,34,25,31,23,67,104,40,31,54,26,43,8,27,28,1,2026-10-06T17:13:51.805731+00:00,leaguedashplayerstats,2025
204365,Erica Wheeler,Erica,1611661328,SEA,35.0,44,23,21,0.523,25.6,3.8,9.5,0.4,1.7,4.6,0.373,1.0,1.1,0.86,0.4,2.3,2.7,3.3,1.5,1.3,0.2,0.3,2.5,1.9,10.3,1.9,21.4,0,0,21.0,24.0,2,38,38,95,57,46,41,107,19,21,39,89,97,32,116,80,88,31,57,24,95,75,25,63,50,53,50,63,8,50,49,1,2026-10-06T17:13:51.805731+00:00,leaguedashplayerstats,2025
1629496,Ezi Magbegor,Ezi,1611661328,SEA,26.0,44,23,21,0.523,27.3,3.2,6.5,0.493,0.3,1.1,0.292,1.3,1.9,0.687,1.9,4.3,6.2,2.1,1.0,0.7,2.2,0.7,2.9,1.6,8.0,1.3,26.2,0,0,22.3,27.0,2,38,38,95,40,63,72,27,117,119,107,70,60,130,13,27,20,63,99,84,2,31,11,74,70,59,35,63,8,45,43,1,2026-10-06T17:13:51.805731+00:00,leaguedashplayerstats,2025
1628931,Gabby Williams,Gabby,1611661328,SEA,29.0,44,23,21,0.523,31.6,4.5,10.7,0.422,1.1,3.7,0.305,1.5,1.7,0.853,0.5,3.8,4.3,4.2,1.9,2.3,0.5,0.5,1.5,1.7,11.6,3.5,29.3,2,0,26.7,32.5,2,38,38,95,8,38,31,88,53,42,99,61,65,41,93,33,50,17,37,1,45,56,111,70,40,32,22,35,8,26,19,1,2026-10-06T17:13:51.805731+00:00,leaguedashplayerstats,2025
1641658,Grace Berger,Grace,1611661321,DAL,27.0,19,4,15,0.211,22.0,1.4,4.7,0.292,0.1,1.2,0.087,0.5,0.8,0.667,0.6,2.7,3.3,3.1,1.1,0.7,0.4,0.4,1.9,1.0,3.4,-6.9,14.1,0,0,12.1,16.1,137,155,77,167,74,128,105,169,140,116,155,127,118,135,84,71,72,36,86,73,64,65,67,104,135,172,92,63,8,105,88,2,2026-10-06T17:13:51.805731+00:00,leaguedashplayerstats,2025
1642817,Hailey Van Lith,Hailey,1611661329,CHI,24.0,29,7,22,0.241,12.4,1.3,3.8,0.339,0.2,1.1,0.161,0.8,1.1,0.742,0.1,0.9,1.1,1.6,1.2,0.4,0.1,0.3,0.8,1.1,3.5,-3.0,7.5,0,0,7.4,9.3,109,137,35,157,132,134,124,156,131,121,150,101,104,110,163,145,147,90,75,124,124,86,166,99,133,141,136,63,8,136,129,1,2026-10-06T17:13:51.805731+00:00,leaguedashplayerstats,2025
1641650,Haley Jones,Haley,1611661321,DAL,25.0,28,8,20,0.286,21.2,3.0,6.7,0.452,0.4,1.4,0.308,0.8,1.3,0.629,0.6,2.9,3.5,2.3,1.7,0.8,0.8,0.7,2.3,1.1,7.3,-3.8,17.8,0,0,16.6,20.0,113,134,48,144,81,68,69,58,108,110,96,103,89,145,82,64,69,58,49,72,22,30,44,98,85,153,73,63,8,77,65,2,2026-10-06T17:13:51.805731+00:00,leaguedashplayerstats,2025
203863,Haley Peters,Haley,1611661323,CON,33.0,33,6,27,0.182,11.5,0.8,2.5,0.305,0.2,1.2,0.205,0.3,0.4,0.769,0.8,1.5,2.2,0.8,0.7,0.3,0.1,0.2,1.5,0.7,2.1,-3.4,6.5,0,0,6.2,7.1,93,145,15,171,138,152,148,166,124,118,139,152,152,91,68,115,109,128,132,140,138,127,105,130,151,147,148,63,8,148,146,1,2026-10-06T17:13:51.805731+00:00,leaguedashplayerstats,2025
1630387,Iliana Rupert,Iliana,1611661331,GSV,24.0,21,13,8,0.619,23.2,3.2,7.3,0.438,2.2,5.0,0.442,0.7,0.8,0.938,1.0,2.9,3.9,1.6,1.0,0.6,0.6,0.4,2.3,1.0,9.3,3.5,18.9,0,0,19.3,19.9,131,99,143,54,68,64,65,72,8,17,13,108,120,3,48,64,61,85,102,88,38,64,44,101,58,33,67,63,8,57,66,1,2026-10-06T17:13:51.805731+00:00,leaguedashplayerstats,2025
204330,Isabelle Harrison,Isabelle,1611661313,NYL,32.0,34,21,13,0.618,10.6,1.9,3.9,0.485,0.1,0.4,0.267,1.0,1.3,0.767,0.9,1.8,2.6,0.7,0.7,0.6,0.1,0.4,1.3,0.9,4.9,-0.3,10.4,0,0,9.6,10.9,86,51,102,55,144,109,115,36,138,148,124,90,87,93,64,102,92,132,129,97,148,71,130,116,113,88,116,63,8,120,122,1,2026-10-06T17:13:51.805731+00:00,leaguedashplayerstats,2025
1642808,JJ Quinerly,JJ,1611661321,DAL,23.0,34,9,25,0.265,15.9,2.4,5.5,0.426,0.6,1.6,0.389,1.1,1.3,0.867,0.5,1.3,1.9,2.3,1.5,0.9,0.2,0.6,2.1,1.6,6.5,-1.3,13.8,0,0,13.4,16.1,86,127,23,150,110,89,92,80,94,102,30,76,86,28,94,122,118,57,59,57,93,34,59,75,92,112,96,63,8,94,89,1,2026-10-06T17:13:51.805731+00:00,leaguedashplayerstats,2025
1629498,Jackie Young,Jackie,1611661319,LVA,28.0,44,30,14,0.682,30.4,5.9,12.4,0.475,1.8,5.1,0.359,2.9,3.2,0.894,1.2,3.3,4.5,5.1,2.2,1.3,0.4,0.3,2.4,2.7,16.5,5.4,32.5,3,2,31.3,36.4,2,6,80,29,24,13,22,44,16,16,55,23,27,12,45,46,45,13,17,23,56,75,35,35,12,15,15,27,2,14,13,1,2026-10-06T17:13:51.805731+00:00,leaguedashplayerstats,2025
1642292,Jacy Sheldon,Jacy,1611661322,WAS,25.0,30,6,24,0.2,23.6,2.8,5.9,0.466,1.2,3.0,0.396,0.7,0.8,0.88,0.7,1.2,1.9,1.9,1.0,0.9,0.2,0.3,2.4,1.0,7.5,-9.0,14.8,0,0,14.6,16.4,105,145,27,168,66,80,85,48,48,57,24,107,115,18,70,133,115,72,94,53,98,91,37,112,80,178,90,63,8,87,87,2,2026-10-06T17:13:51.805731+00:00,leaguedashplayerstats,2025
1631141,Jade Melbourne,Jade,1611661322,WAS,23.0,43,16,27,0.372,23.4,2.1,5.2,0.4,0.6,2.2,0.274,1.1,1.7,0.671,0.4,1.5,1.9,2.9,1.7,0.6,0.2,0.3,2.3,1.9,5.9,-4.3,13.2,0,0,12.9,15.9,30,79,15,127,67,99,96,107,95,82,118,78,66,134,114,116,117,41,50,94,106,100,41,65,98,158,99,63,8,98,93,1,2026-10-06T17:13:51.805731+00:00,leaguedashplayerstats,2025
1642240,Jaelyn Brown,Jaelyn,1611661323,CON,27.0,10,1,9,0.1,13.1,1.4,3.7,0.378,0.8,1.8,0.444,0.1,0.2,0.5,0.4,0.8,1.2,0.1,0.5,0.5,0.2,0.0,1.7,0.5,3.7,-5.4,6.9,0,0,7.2,7.2,159,170,134,178,123,126,125,126,76,92,12,163,164,157,112,151,143,171,149,108,98,166,86,145,131,168,144,63,8,141,145,1,2026-10-06T17:13:51.805731+00:00,leaguedashplayerstats,2025
1642767,Janelle Salaun,Janelle,1611661331,GSV,24.0,36,18,18,0.5,27.0,4.1,10.1,0.406,1.8,4.8,0.366,1.4,1.7,0.806,0.9,4.2,5.1,1.2,1.5,0.6,0.1,0.2,1.9,2.1,11.3,-0.2,19.8,1,0,20.7,20.9,78,68,59,102,43,42,35,101,18,20,48,65,63,66,57,28,32,104,63,91,139,121,68,50,42,84,59,43,8,52,60,1,2026-10-06T17:13:51.805731+00:00,leaguedashplayerstats,2025
1642320,Jaylyn Sherrod,Jaylyn,1611661324,MIN,24.0,26,15,11,0.577,5.5,0.3,1.1,0.321,0.1,0.5,0.231,0.3,0.5,0.692,0.1,0.5,0.6,0.5,0.5,0.4,0.0,0.2,0.7,0.7,1.2,-1.0,3.3,0,0,3.2,3.9,119,87,122,72,168,171,172,164,139,143,134,146,143,126,169,168,173,152,156,122,156,122,168,131,166,107,168,63,8,167,167,2,2026-10-06T17:13:51.805731+00:00,leaguedashplayerstats,2025
1629491,Jessica Shepard,Jessica,1611661324,MIN,29.0,40,31,9,0.775,20.9,3.3,5.2,0.638,0.0,0.0,0.0,1.4,2.6,0.544,2.3,5.0,7.3,2.6,1.5,0.5,0.1,0.5,1.1,2.1,8.0,4.0,21.0,10,1,19.1,22.3,54,5,134,13,83,60,97,2,156,174,156,63,43,155,7,15,11,48,66,117,130,59,143,47,71,27,53,10,3,60,56,1,2026-10-06T17:13:51.805731+00:00,leaguedashplayerstats,2025
204319,Jewell Loyd,Jewell,1611661319,LVA,32.0,44,30,14,0.682,28.3,3.8,9.7,0.389,2.3,6.0,0.382,1.3,1.6,0.831,1.1,2.1,3.2,1.8,1.2,1.2,0.3,0.3,1.9,2.0,11.2,2.7,20.9,0,0,21.4,22.4,2,6,80,29,34,49,38,117,6,10,34,68,72,52,47,90,75,73,78,37,86,93,69,55,45,42,55,63,8,49,54,1,2026-10-06T17:13:51.805731+00:00,leaguedashplayerstats,2025
1627673,Jonquel Jones,Jonquel,1611661313,NYL,32.0,31,19,12,0.613,26.8,4.8,9.9,0.49,1.7,4.0,0.424,2.3,2.9,0.769,1.5,6.6,8.1,2.7,2.1,0.5,1.1,0.4,2.5,3.1,13.6,4.5,30.0,12,0,29.3,31.9,99,62,111,59,48,32,36,32,22,28,16,36,34,91,30,5,7,44,27,114,13,66,24,28,28,19,19,7,8,19,25,1,2026-10-06T17:13:51.805731+00:00,leaguedashplayerstats,2025
1628886,Jordin Canada,Jordin,1611661330,ATL,30.0,28,19,9,0.679,28.0,3.9,9.8,0.396,0.9,3.1,0.291,2.6,3.4,0.76,0.3,3.0,3.3,5.7,2.2,1.7,0.3,0.5,1.6,2.8,11.2,6.8,27.5,1,0,25.1,31.9,113,62,134,37,36,44,37,112,66,54,109,25,23,99,137,55,73,8,18,4,72,51,91,32,43,9,29,43,8,38,23,1,2026-10-06T17:13:51.805731+00:00,leaguedashplayerstats,2025
1630115,Joyner Holmes,Joyner,1611661319,LVA,28.0,6,2,4,0.333,4.8,0.5,2.0,0.25,0.2,0.8,0.2,0.0,0.0,0.0,0.3,0.7,1.0,0.0,0.3,0.0,0.0,0.0,0.8,0.0,1.2,-0.3,2.0,0,0,2.3,2.2,165,163,157,138,172,164,152,170,132,128,140,166,168,166,127,163,151,175,165,169,156,166,162,176,165,89,173,63,8,172,175,1,2026-10-06T17:13:51.805731+00:00,leaguedashplayerstats,2025
1627700,Julie Allemand,Julie,1611661320,LAS,29.0,34,18,16,0.529,28.3,2.1,4.7,0.44,0.8,3.0,0.277,0.4,0.6,0.789,0.4,3.4,3.7,5.0,1.6,1.3,0.0,0.0,1.6,0.5,5.4,1.6,19.9,2,1,17.6,23.2,86,68,71,90,33,101,106,68,73,62,116,136,142,75,117,41,63,14,54,20,155,165,95,145,105,57,58,35,3,69,51,1,2026-10-06T17:13:51.805731+00:00,leaguedashplayerstats,2025
1642210,Julie Vanloo,Julie,1611661320,LAS,33.0,35,19,16,0.543,12.8,0.9,3.2,0.297,0.7,2.6,0.272,0.2,0.3,0.8,0.1,0.8,0.9,1.9,1.4,0.4,0.0,0.1,1.3,0.6,2.8,-3.6,6.7,0,0,7.3,8.9,82,62,71,86,128,145,136,168,81,73,119,155,160,68,166,151,164,71,67,120,156,161,131,137,144,151,145,63,8,139,135,2,2026-10-06T17:13:51.805731+00:00,leaguedashplayerstats,2025
1627674,Kahleah Copper,Kahleah,1611661317,PHX,31.0,28,16,12,0.571,26.9,5.5,12.9,0.424,2.0,5.4,0.377,2.7,3.1,0.852,0.4,2.5,2.9,1.5,2.2,1.1,0.2,1.0,2.6,2.8,15.6,2.8,23.0,0,0,24.6,25.4,113,79,111,76,47,19,17,84,10,14,36,24,28,42,115,75,85,92,18,46,110,6,21,32,16,41,45,63,8,40,46,1,2026-10-06T17:13:51.805731+00:00,leaguedashplayerstats,2025
1630097,Kaila Charles,Kaila,1611661331,GSV,28.0,35,15,20,0.429,17.6,2.3,5.4,0.42,0.7,2.1,0.347,1.1,1.4,0.816,1.3,2.9,4.3,1.0,1.1,0.8,0.2,0.5,2.0,1.3,6.4,0.8,14.9,0,0,14.3,15.6,82,87,48,118,101,94,95,91,81,85,64,77,83,63,38,57,52,110,91,61,98,54,65,91,94,68,89,63,8,89,94,2,2026-10-06T17:13:51.805731+00:00,leaguedashplayerstats,2025
1642822,Kaitlyn Chen,Kaitlyn,1611661331,GSV,24.0,24,13,11,0.542,10.3,0.8,2.1,0.38,0.2,0.6,0.333,0.2,0.3,0.714,0.2,0.7,0.9,1.0,0.8,0.2,0.0,0.2,0.7,0.4,2.0,-1.0,4.5,0,0,4.5,5.5,127,99,122,87,147,150,151,125,127,138,71,156,159,119,155,161,163,110,124,160,156,134,171,158,152,103,161,63,8,155,156,1,2026-10-06T17:13:51.805731+00:00,leaguedashplayerstats,2025
1629480,Kalani Brown,Kalani,1611661317,PHX,29.0,29,17,12,0.586,12.8,2.0,3.3,0.615,0.1,0.3,0.375,0.9,1.2,0.771,1.2,2.8,4.0,0.6,0.8,0.2,0.6,0.3,1.6,0.9,5.1,-1.8,12.6,1,0,11.5,12.8,109,75,111,66,130,103,133,4,141,156,37,91,92,89,43,69,55,143,120,156,34,86,99,118,111,117,105,43,8,109,112,1,2026-10-06T17:13:51.805731+00:00,leaguedashplayerstats,2025
1630154,Kamiah Smalls,Kamiah,1611661330,ATL,28.0,3,3,0,1.0,1.1,0.0,0.0,0.0,0.0,0.0,0.0,0.0,0.0,0.0,0.0,0.0,0.0,0.0,0.0,0.0,0.0,0.0,0.0,0.0,0.0,0.7,0.0,0,0,0.0,0.0,174,157,176,1,181,177,180,177,156,175,156,166,168,166,173,178,181,175,177,169,156,166,181,176,177,71,180,63,8,181,181,1,2026-10-06T17:13:51.805731+00:00,leaguedashplayerstats,2025
1642289,Kamilla Cardoso,Kamilla,1611661329,CHI,25.0,40,9,31,0.225,27.6,5.6,10.6,0.528,0.0,0.1,0.5,2.4,3.3,0.722,3.0,5.6,8.5,2.5,2.4,0.4,1.2,1.1,2.8,3.0,13.6,-7.6,29.6,13,0,27.6,31.6,54,127,7,164,39,17,32,15,155,172,2,31,26,116,3,10,5,53,13,139,9,5,14,30,30,176,21,6,8,22,26,1,2026-10-06T17:13:51.805731+00:00,leaguedashplayerstats,2025
1642773,Kariata Diaby,Kariata,1611661323,CON,31.0,13,1,12,0.077,8.0,0.5,1.1,0.5,0.0,0.0,0.0,0.8,1.1,0.786,0.2,0.8,1.0,0.4,0.9,0.5,0.1,0.3,1.5,0.9,1.9,-2.4,4.4,0,0,4.4,5.3,153,170,111,179,159,163,172,24,156,175,156,97,102,77,151,156,151,154,108,119,142,88,110,115,155,126,162,63,8,160,160,1,2026-10-06T17:13:51.805731+00:00,leaguedashplayerstats,2025
1628317,Karlie Samuelson,Karlie,1611661324,MIN,31.0,16,14,2,0.875,14.2,0.9,2.6,0.333,0.8,2.1,0.353,0.8,0.9,0.929,0.2,1.1,1.3,1.1,0.7,0.4,0.1,0.1,1.6,1.3,3.3,4.1,7.0,0,0,7.3,8.0,147,93,171,8,117,147,145,159,79,84,60,100,113,6,157,138,139,108,127,134,147,160,93,93,137,23,141,63,8,140,141,1,2026-10-06T17:13:51.805731+00:00,leaguedashplayerstats,2025
1642324,Kate Martin,Kate,1611661331,GSV,26.0,42,22,20,0.524,16.4,2.0,6.3,0.323,1.4,4.4,0.31,0.8,1.0,0.78,0.5,2.2,2.7,1.0,0.8,0.4,0.1,0.5,1.1,0.7,6.2,-0.6,11.5,0,0,12.2,12.3,40,48,48,94,109,102,78,163,37,23,95,105,107,84,103,87,89,114,118,125,134,58,139,126,95,94,112,63,8,104,113,1,2026-10-06T17:13:51.805731+00:00,leaguedashplayerstats,2025
1628957,Kathryn Westbeld,Kathryn,1611661317,PHX,30.0,43,27,16,0.628,18.4,1.8,5.0,0.358,1.0,3.0,0.321,0.6,0.7,0.781,0.7,1.8,2.5,0.9,0.6,0.8,0.6,0.2,1.5,0.5,5.1,1.3,13.2,0,0,12.3,13.7,30,19,71,52,92,115,101,144,62,56,88,119,123,82,72,100,96,120,143,60,40,111,103,149,108,60,100,63,8,103,104,1,2026-10-06T17:13:51.805731+00:00,leaguedashplayerstats,2025
203825,Kayla McBride,Kayla,1611661324,MIN,34.0,39,29,10,0.744,31.3,4.6,11.0,0.416,2.6,6.7,0.395,2.4,2.7,0.905,0.3,2.0,2.3,3.5,1.7,1.3,0.1,0.2,1.3,2.1,14.2,7.6,24.5,0,0,25.3,27.5,61,14,127,19,14,35,27,93,2,5,27,30,36,10,144,91,107,27,48,26,142,130,120,49,25,4,43,63,8,34,40,1,2026-10-06T17:13:51.805731+00:00,leaguedashplayerstats,2025
203866,Kayla Thornton,Kayla,1611661331,GSV,33.0,22,10,12,0.455,30.1,4.5,12.5,0.362,1.8,6.5,0.282,3.1,3.7,0.829,1.8,5.2,7.0,1.5,1.6,1.3,0.2,0.5,2.4,2.5,14.0,0.9,27.7,5,0,27.4,28.6,130,112,111,115,26,36,20,140,16,7,112,19,21,54,16,14,15,93,52,21,89,56,39,38,27,65,28,16,8,23,38,1,2026-10-06T17:13:51.805731+00:00,leaguedashplayerstats,2025
1628909,Kelsey Mitchell,Kelsey,1611661325,IND,30.0,44,24,20,0.545,31.4,7.2,15.7,0.456,2.5,6.4,0.394,3.4,4.3,0.784,0.4,1.3,1.8,3.4,1.8,0.9,0.2,0.6,2.0,3.7,20.2,3.4,28.8,0,0,30.0,31.9,2,33,48,80,12,6,2,56,3,8,28,15,13,79,109,120,127,30,45,55,117,43,61,17,3,35,25,63,8,16,22,1,2026-10-06T17:13:51.805731+00:00,leaguedashplayerstats,2025
1628276,Kelsey Plum,Kelsey,1611661320,LAS,31.0,43,21,22,0.488,35.1,6.1,14.4,0.422,2.3,6.5,0.355,5.1,5.7,0.893,0.2,2.8,3.1,5.7,3.0,1.2,0.1,0.7,2.7,4.9,19.5,-1.7,32.7,2,0,33.3,38.0,30,51,35,109,1,9,8,87,5,6,57,3,4,13,149,67,81,6,4,32,137,22,17,4,4,116,13,35,8,11,11,1,2026-10-06T17:13:51.805731+00:00,leaguedashplayerstats,2025
1629568,Kennedy Burke,Kennedy,1611661313,NYL,29.0,36,23,13,0.639,21.6,2.8,6.1,0.468,1.3,3.1,0.414,1.1,1.5,0.759,0.6,1.8,2.4,1.3,0.9,0.8,0.4,0.3,1.3,1.3,8.1,2.0,15.5,0,0,15.4,16.6,78,38,102,47,77,73,82,47,39,53,18,79,77,100,89,101,102,98,104,67,49,89,125,89,69,51,87,63,8,86,86,1,2026-10-06T17:13:51.805731+00:00,leaguedashplayerstats,2025
1628915,Kia Nurse,Kia,1611661329,CHI,30.0,44,10,34,0.227,21.9,2.3,6.6,0.354,1.4,4.1,0.335,1.1,1.4,0.79,0.4,1.9,2.3,1.3,1.3,0.3,0.0,0.4,1.6,1.7,7.2,-7.1,11.7,0,0,12.9,13.1,2,112,1,161,76,90,70,148,34,25,70,80,81,73,109,96,105,98,74,146,151,69,92,67,88,174,110,63,8,97,109,1,2026-10-06T17:13:51.805731+00:00,leaguedashplayerstats,2025
204329,Kiah Stokes,Kiah,1611661319,LVA,33.0,40,26,14,0.65,12.9,0.5,1.3,0.353,0.1,0.6,0.13,0.1,0.2,0.625,0.7,2.9,3.6,0.4,0.4,0.4,0.4,0.1,1.2,0.4,1.1,-2.3,8.0,0,0,6.8,7.9,54,23,80,43,127,169,165,149,146,142,154,162,164,147,71,62,66,153,161,121,68,162,137,161,168,123,134,63,8,144,143,1,2026-10-06T17:13:51.805731+00:00,leaguedashplayerstats,2025
1630461,Kiana Williams,Kiana,1611661317,PHX,27.0,11,6,5,0.545,9.7,1.5,3.6,0.425,0.8,2.4,0.346,0.2,0.4,0.5,0.0,1.0,1.0,0.9,0.5,0.3,0.0,0.1,0.5,0.4,4.1,-3.0,6.9,0,0,7.4,7.7,157,145,152,80,152,119,128,81,75,77,65,159,155,157,173,141,151,119,144,152,156,154,176,160,123,141,143,63,8,137,144,1,2026-10-06T17:13:51.805731+00:00,leaguedashplayerstats,2025
1631006,Kierstan Bell,Kierstan,1611661319,LVA,26.0,35,22,13,0.629,12.2,1.5,4.4,0.338,0.9,2.9,0.291,0.3,0.4,0.8,0.6,1.2,1.8,0.7,0.5,0.4,0.3,0.1,0.9,0.4,4.2,0.7,8.9,0,0,8.9,9.4,82,48,102,51,136,123,108,157,69,64,108,147,148,68,91,129,126,134,154,127,74,155,159,159,121,70,127,63,8,127,128,1,2026-10-06T17:13:51.805731+00:00,leaguedashplayerstats,2025
1642792,Kiki Iriafen,Kiki,1611661322,WAS,22.0,44,16,28,0.364,26.9,5.0,10.3,0.488,0.0,0.3,0.182,3.1,4.0,0.784,2.6,6.0,8.5,1.6,2.2,0.6,0.2,0.8,2.9,3.3,13.3,-2.2,25.9,16,0,24.9,27.2,2,79,11,132,45,30,34,34,153,158,143,18,17,80,4,7,4,87,20,95,117,14,11,24,32,122,38,5,8,39,41,1,2026-10-06T17:13:51.805731+00:00,leaguedashplayerstats,2025
1629490,Kitija Laksa,Kitija,1611661317,PHX,30.0,33,19,14,0.576,19.0,2.0,5.5,0.367,1.2,3.6,0.317,0.8,1.0,0.813,0.3,0.9,1.2,0.6,0.6,0.4,0.2,0.2,1.5,0.9,5.9,-2.8,9.4,0,0,10.0,10.1,93,62,80,74,87,105,93,138,52,43,93,102,108,65,127,148,142,135,141,137,108,142,111,114,97,134,125,63,8,117,126,1,2026-10-06T17:13:51.805731+00:00,leaguedashplayerstats,2025
1642768,Kyara Linskens,Kyara,1611661331,GSV,29.0,4,2,2,0.5,6.7,0.5,1.3,0.4,0.0,0.3,0.0,0.0,0.0,0.0,0.3,1.3,1.5,0.3,0.5,0.3,0.8,0.0,1.8,0.3,1.0,1.8,5.7,0,0,4.8,6.0,170,163,171,102,164,164,166,107,156,158,156,166,168,166,145,126,133,161,149,153,25,166,83,167,169,55,151,63,8,154,152,1,2026-10-06T17:13:51.805731+00:00,leaguedashplayerstats,2025
1643154,Kyra Lambert,Kyra,1611661325,IND,29.0,1,1,0,1.0,0.1,0.0,0.0,0.0,0.0,0.0,0.0,0.0,0.0,0.0,0.0,0.0,0.0,0.0,0.0,0.0,0.0,0.0,0.0,0.0,0.0,0.0,0.0,0,0,0.0,0.0,179,170,176,1,182,177,180,177,156,175,156,166,168,166,173,178,181,175,177,169,156,166,181,176,177,82,180,63,8,181,181,1,2026-10-06T17:13:51.805731+00:00,leaguedashplayerstats,2025
1641656,Laeticia Amihere,Laeticia,1611661331,GSV,24.0,29,17,12,0.586,13.3,1.8,3.9,0.456,0.1,0.7,0.143,1.7,2.2,0.778,1.2,3.1,4.3,0.9,1.1,0.6,0.4,0.5,1.2,1.6,5.4,-0.3,13.9,1,0,12.8,14.7,109,75,111,66,122,114,117,55,141,134,151,51,56,85,44,51,49,116,87,98,48,55,133,77,106,87,95,43,8,100,97,1,2026-10-06T17:13:51.805731+00:00,leaguedashplayerstats,2025
1642303,Leila Lacan,Leila,1611661323,CON,22.0,25,9,16,0.36,26.6,4.2,8.7,0.477,0.6,2.7,0.224,1.4,1.7,0.857,0.7,1.7,2.4,3.7,1.9,2.2,0.2,0.2,3.3,1.7,10.4,0.0,23.9,0,0,21.7,27.2,125,127,71,134,50,40,49,41,96,71,135,62,69,34,77,105,103,24,41,2,116,110,2,72,49,83,44,63,8,46,42,1,2026-10-06T17:13:51.805731+00:00,leaguedashplayerstats,2025
1630142,Leonie Fiebich,Leonie,1611661313,NYL,26.0,37,25,12,0.676,28.1,2.9,6.0,0.489,1.4,3.2,0.425,1.5,1.7,0.871,0.6,2.9,3.5,1.7,1.2,0.9,0.4,0.1,2.4,1.7,8.7,4.0,18.2,0,0,17.9,19.6,75,27,111,38,35,72,84,33,36,51,15,60,71,25,86,59,68,80,77,51,62,148,34,71,64,26,71,63,8,68,69,1,2026-10-06T17:13:51.805731+00:00,leaguedashplayerstats,2025
1631118,Lexi Held,Lexi,1611661317,PHX,26.0,32,20,12,0.625,14.7,1.9,5.1,0.378,0.9,2.8,0.308,0.6,0.7,0.818,0.3,0.7,1.1,1.1,0.9,0.7,0.2,0.3,1.2,1.0,5.3,-2.1,10.0,0,0,10.1,11.2,98,58,111,53,114,107,98,127,67,65,96,123,131,61,124,160,149,107,111,79,121,98,136,103,107,121,120,63,8,116,119,1,2026-10-06T17:13:51.805731+00:00,leaguedashplayerstats,2025
1628882,Lexie Brown,Lexie,1611661328,SEA,31.0,24,14,10,0.583,9.4,0.7,2.0,0.354,0.4,1.5,0.27,0.3,0.4,0.7,0.1,0.6,0.7,1.0,0.3,0.4,0.0,0.0,0.8,0.3,2.1,0.1,5.4,0,0,5.0,6.0,127,93,127,69,153,153,152,147,111,105,123,153,149,124,168,165,170,113,171,134,152,164,162,167,150,78,152,63,8,153,152,1,2026-10-06T17:13:51.805731+00:00,leaguedashplayerstats,2025
1631086,Lexie Hull,Lexie,1611661325,IND,26.0,44,24,20,0.545,27.0,2.7,6.8,0.395,1.3,3.4,0.367,0.6,0.8,0.722,1.4,2.9,4.3,1.8,0.9,1.2,0.2,0.4,2.8,1.6,7.2,3.5,18.1,1,0,17.2,19.1,2,33,48,80,42,86,68,114,43,46,44,117,116,114,34,60,47,77,107,40,117,62,16,73,87,34,72,43,8,71,77,1,2026-10-06T17:13:51.805731+00:00,leaguedashplayerstats,2025
1629574,Li Yueru,Li,1611661321,DAL,27.0,31,13,18,0.419,16.8,2.0,4.9,0.405,0.6,1.8,0.364,1.4,1.6,0.86,1.7,2.9,4.5,0.9,1.0,0.3,0.3,0.6,1.8,2.1,6.0,-0.8,13.7,3,0,13.3,14.2,99,99,59,119,105,105,102,102,90,95,50,66,73,32,20,63,41,115,101,150,77,39,81,52,96,102,97,27,8,95,101,2,2026-10-06T17:13:51.805731+00:00,leaguedashplayerstats,2025
1642820,Liatu King,Liatu,1611661321,DAL,24.0,14,5,9,0.357,9.7,0.9,1.9,0.481,0.1,0.4,0.167,0.8,1.1,0.733,0.9,1.2,2.1,0.3,0.8,0.1,0.0,0.3,1.0,0.7,2.7,-1.0,5.3,0,0,5.4,5.8,151,151,134,135,151,146,154,38,147,149,147,103,103,111,61,128,111,159,121,163,156,97,148,126,145,106,154,63,8,152,155,2,2026-10-06T17:13:51.805731+00:00,leaguedashplayerstats,2025
1628263,Lindsay Allen,Lindsay,1611661323,CON,31.0,31,6,25,0.194,14.5,0.8,2.1,0.4,0.1,0.6,0.167,0.6,0.7,0.826,0.3,0.7,1.0,2.0,1.0,0.3,0.2,0.1,1.2,1.0,2.4,-4.7,7.1,0,0,6.5,8.9,99,145,23,170,115,149,150,107,143,141,147,115,124,56,135,159,150,70,96,145,104,159,135,102,147,162,140,63,8,146,136,1,2026-10-06T17:13:51.805731+00:00,leaguedashplayerstats,2025
1642802,Lucy Olsen,Lucy,1611661322,WAS,23.0,41,15,26,0.366,12.4,1.6,3.9,0.415,0.5,1.7,0.271,0.3,0.4,0.824,0.3,0.9,1.2,1.2,0.5,0.4,0.1,0.1,1.1,0.5,4.0,-3.0,8.2,0,0,7.8,9.0,47,87,21,131,133,117,120,95,104,98,120,148,150,57,142,146,145,103,148,136,126,144,144,143,124,140,133,63,8,132,132,1,2026-10-06T17:13:51.805731+00:00,leaguedashplayerstats,2025
1630143,Luisa Geiselsoder,Luisa,1611661321,DAL,26.0,28,5,23,0.179,22.4,2.7,6.4,0.425,1.1,3.4,0.33,0.3,0.4,0.818,0.9,3.9,4.8,1.6,1.0,0.8,0.7,0.2,2.4,0.6,6.9,-4.8,18.3,1,0,17.2,19.1,113,151,29,172,71,84,75,82,54,48,81,150,153,61,61,31,38,85,96,64,28,116,38,142,89,165,70,43,8,70,76,1,2026-10-06T17:13:51.805731+00:00,leaguedashplayerstats,2025
1642307,Mackenzie Holmes,Mackenzie,1611661328,SEA,25.0,10,7,3,0.7,5.8,0.5,0.7,0.714,0.0,0.0,0.0,0.0,0.0,0.0,0.3,0.6,0.9,0.2,0.0,0.5,0.1,0.0,0.7,0.2,1.0,-2.7,4.2,0,0,3.3,4.1,159,137,162,26,167,164,177,1,156,175,156,166,168,166,132,166,166,167,177,108,130,166,169,171,169,132,163,63,8,166,165,1,2026-10-06T17:13:51.805731+00:00,leaguedashplayerstats,2025
1641652,Maddy Siegrist,Maddy,1611661321,DAL,26.0,26,3,23,0.115,27.0,5.1,10.3,0.491,1.0,3.1,0.321,1.5,2.2,0.69,2.0,2.3,4.3,0.8,0.5,0.7,0.6,0.6,1.9,1.5,12.7,-3.5,22.4,1,0,21.4,22.5,119,157,29,176,44,27,33,31,59,52,87,56,53,128,11,82,51,125,146,75,37,41,71,80,36,150,46,43,8,48,53,1,2026-10-06T17:13:51.805731+00:00,leaguedashplayerstats,2025
1642818,Maddy Westbeld,Maddy,1611661329,CHI,24.0,26,3,23,0.115,13.6,1.5,4.0,0.362,0.7,1.7,0.395,0.5,0.6,0.875,0.8,1.6,2.4,0.9,0.6,0.5,0.3,0.2,1.6,0.5,4.1,-4.5,10.0,0,0,9.6,10.6,119,157,29,176,120,124,111,141,88,99,25,125,139,20,65,113,100,121,135,108,83,122,97,145,122,160,119,63,8,121,123,1,2026-10-06T17:13:51.805731+00:00,leaguedashplayerstats,2025
1642810,Madison Scott,Madison,1611661322,WAS,24.0,9,2,7,0.222,5.2,0.6,1.2,0.455,0.0,0.1,0.0,0.4,0.4,1.0,0.1,0.0,0.1,0.2,0.1,0.2,0.0,0.2,0.9,0.3,1.6,-0.8,2.6,0,0,2.3,2.8,162,163,145,166,170,162,168,57,156,167,156,135,146,1,167,178,180,166,175,159,156,115,158,162,160,100,172,63,8,172,172,1,2026-10-06T17:13:51.805731+00:00,leaguedashplayerstats,2025
1642815,Makayla Timpson,Makayla,1611661325,IND,23.0,31,18,13,0.581,7.1,1.0,1.8,0.561,0.0,0.0,0.0,0.6,0.9,0.667,0.6,1.3,1.8,0.0,0.3,0.4,0.3,0.3,0.8,0.8,2.6,0.0,6.7,0,0,5.9,6.6,99,68,102,70,161,138,156,8,156,175,156,120,114,135,90,125,120,174,170,123,85,105,165,121,146,81,146,63,8,151,150,1,2026-10-06T17:13:51.805731+00:00,leaguedashplayerstats,2025
1642841,Mamignan Toure,Mamignan,1611661323,CON,31.0,18,5,13,0.278,8.2,0.8,2.2,0.359,0.4,1.2,0.364,0.0,0.0,0.0,0.2,0.2,0.4,0.5,0.4,0.4,0.0,0.0,1.1,0.1,2.0,-1.4,3.9,0,0,4.1,4.6,142,151,102,147,156,151,149,143,105,115,50,166,168,166,153,177,176,149,157,130,156,166,146,175,152,114,165,63,8,163,163,1,2026-10-06T17:13:51.805731+00:00,leaguedashplayerstats,2025
1628926,Maria Kliundikova,Maria,1611661324,MIN,27.0,34,25,9,0.735,11.0,1.9,3.8,0.5,0.2,0.7,0.32,0.4,0.6,0.571,1.3,1.7,3.0,0.6,0.7,0.7,0.8,0.1,1.4,0.6,4.4,2.3,12.6,0,0,11.1,13.0,86,27,134,21,142,110,123,24,125,132,90,144,138,153,42,103,82,141,129,74,23,150,115,138,119,48,103,63,8,111,111,1,2026-10-06T17:13:51.805731+00:00,leaguedashplayerstats,2025
1629497,Marina Mabrey,Marina,1611661323,CON,29.0,35,10,25,0.286,31.5,5.1,13.9,0.367,1.9,7.0,0.27,2.3,2.6,0.87,0.5,3.7,4.2,4.0,2.8,0.7,0.3,0.7,2.9,3.7,14.4,-8.4,25.6,2,0,26.4,29.5,82,112,23,144,10,24,10,137,14,4,122,34,40,26,102,34,53,19,7,83,78,32,13,19,24,177,39,35,8,29,34,1,2026-10-06T17:13:51.805731+00:00,leaguedashplayerstats,2025
1629546,Marine Johannes,Marine,1611661313,NYL,31.0,44,27,17,0.614,18.3,2.3,5.7,0.397,1.5,4.3,0.344,0.4,0.4,0.842,0.3,1.6,1.9,1.6,1.2,0.6,0.3,0.2,1.0,0.5,6.4,2.3,12.4,0,0,13.0,14.0,2,19,65,58,95,93,91,111,29,24,67,143,147,48,133,109,114,84,79,101,80,137,147,151,93,47,106,63,8,96,102,1,2026-10-06T17:13:51.805731+00:00,leaguedashplayerstats,2025
1642763,Marième Badiane,Marième,1611661324,MIN,31.0,3,3,0,1.0,3.6,0.0,1.0,0.0,0.0,0.3,0.0,0.0,0.0,0.0,0.3,0.0,0.3,0.0,0.7,0.7,0.0,0.0,2.0,0.0,0.0,-2.3,1.7,0,0,1.7,2.3,174,157,176,1,178,177,174,177,156,154,156,166,168,166,127,178,178,175,132,85,156,166,61,176,177,124,175,63,8,176,173,1,2026-10-06T17:13:51.805731+00:00,leaguedashplayerstats,2025
1642301,Marquesha Davis,Marquesha,1611661329,CHI,25.0,11,7,4,0.636,4.7,0.2,0.9,0.2,0.0,0.4,0.0,0.5,0.6,0.857,0.3,0.4,0.6,0.1,0.5,0.0,0.2,0.2,0.3,0.5,0.9,-1.2,1.8,0,0,2.0,2.3,157,137,157,48,173,173,175,172,156,153,156,124,136,34,141,172,172,172,144,169,108,127,179,151,172,110,174,63,8,174,174,2,2026-10-06T17:13:51.805731+00:00,leaguedashplayerstats,2025
1630471,Maya Caldwell,Maya,1611661330,ATL,27.0,41,27,14,0.659,18.5,2.0,4.8,0.426,1.0,2.7,0.355,0.4,0.5,0.8,0.8,2.3,3.1,1.8,1.0,0.9,0.2,0.1,1.6,0.6,5.4,3.1,14.1,0,0,13.4,15.3,47,19,80,41,91,104,104,79,65,69,59,142,144,68,66,81,80,75,100,52,112,152,100,135,103,37,93,63,8,93,95,1,2026-10-06T17:13:51.805731+00:00,leaguedashplayerstats,2025
1629484,Megan DiLeo,Megan,1611661319,LVA,29.0,20,16,4,0.8,11.3,1.0,2.9,0.351,0.7,2.0,0.333,0.4,0.8,0.467,0.4,1.4,1.8,0.3,0.3,0.2,0.3,0.0,2.1,0.7,3.0,-2.8,6.6,0,0,6.6,6.7,134,79,157,12,139,142,142,150,89,88,71,145,121,163,112,118,123,161,169,162,75,166,55,128,141,133,147,63,8,145,148,1,2026-10-06T17:13:51.805731+00:00,leaguedashplayerstats,2025
1642799,Megan McConnell,Megan,1611661317,PHX,24.0,1,0,1,0.0,12.6,1.0,4.0,0.25,1.0,2.0,0.5,0.0,0.0,0.0,1.0,0.0,1.0,3.0,0.0,1.0,0.0,1.0,1.0,2.0,3.0,-22.0,11.7,0,0,10.0,13.0,179,181,174,181,131,142,112,170,59,87,2,166,168,166,48,178,151,38,177,48,156,6,148,55,141,182,111,63,8,118,110,1,2026-10-06T17:13:51.805731+00:00,leaguedashplayerstats,2025
1628920,Mercedes Russell,Mercedes,1611661320,LAS,30.0,20,6,14,0.3,8.2,0.6,1.4,0.444,0.0,0.0,0.0,0.5,0.7,0.714,0.5,0.7,1.2,0.6,0.4,0.3,0.2,0.2,0.9,0.4,1.7,-2.9,5.0,0,0,4.4,5.5,134,145,80,141,158,158,164,64,156,175,156,128,130,119,98,162,143,138,164,153,98,143,161,155,157,137,156,63,8,158,157,1,2026-10-06T17:13:51.805731+00:00,leaguedashplayerstats,2025
1630446,Michaela Onyenwere,Michaela,1611661329,CHI,26.0,42,10,32,0.238,16.9,2.1,5.0,0.422,0.6,1.6,0.353,1.0,1.2,0.843,0.4,1.2,1.6,1.1,1.3,0.4,0.1,0.5,1.8,1.0,5.8,-3.5,9.6,0,0,10.1,11.2,40,112,5,159,104,97,100,90,98,100,60,85,90,47,111,127,131,106,70,133,134,49,82,111,99,149,124,63,8,115,118,1,2026-10-06T17:13:51.805731+00:00,leaguedashplayerstats,2025
1642777,Monique Akoa Makani,Monique,1611661317,PHX,25.0,41,26,15,0.634,21.5,2.8,6.5,0.43,1.2,3.0,0.398,0.9,1.0,0.927,0.6,1.6,2.2,2.7,1.3,0.8,0.1,0.2,2.5,1.4,7.7,4.0,15.6,0,0,15.5,17.9,47,23,77,49,79,77,74,75,50,58,23,92,106,7,87,111,110,45,69,65,144,133,33,85,74,25,86,63,8,84,80,1,2026-10-06T17:13:51.805731+00:00,leaguedashplayerstats,2025
1628881,Monique Billings,Monique,1611661331,GSV,30.0,26,12,14,0.462,18.2,2.8,5.8,0.477,0.4,1.4,0.278,1.4,2.0,0.679,1.4,3.0,4.5,0.5,0.8,0.6,0.8,0.4,1.7,1.9,7.3,-0.4,16.9,1,0,15.5,17.1,119,105,80,112,96,78,89,43,114,111,114,67,58,133,33,53,44,145,119,90,21,70,87,60,84,90,77,43,8,83,85,1,2026-10-06T17:13:51.805731+00:00,leaguedashplayerstats,2025
1627669,Moriah Jefferson,Moriah,1611661329,CHI,32.0,5,2,3,0.4,7.1,0.6,1.6,0.375,0.2,0.6,0.333,0.0,0.0,0.0,0.0,1.0,1.0,1.8,0.4,0.0,0.0,0.0,0.6,0.0,1.4,-4.8,4.9,0,0,4.4,6.0,168,163,162,125,162,158,159,128,128,139,71,166,168,166,173,141,151,76,161,169,156,166,174,176,162,166,158,63,8,158,152,1,2026-10-06T17:13:51.805731+00:00,leaguedashplayerstats,2025
1642774,Murjanatu Musa,Murjanatu,1611661317,PHX,26.0,12,9,3,0.75,10.1,1.3,2.9,0.457,0.1,0.2,0.5,0.6,0.9,0.636,1.5,1.1,2.6,0.6,0.6,0.3,0.2,0.2,1.4,1.1,3.3,-4.0,8.2,0,0,7.6,8.6,155,127,162,18,148,132,141,54,145,163,2,118,110,144,28,136,94,140,139,140,114,134,114,100,136,157,132,63,8,134,137,1,2026-10-06T17:13:51.805731+00:00,leaguedashplayerstats,2025
1628899,Myisha Hines-Allen,Myisha,1611661321,DAL,31.0,40,9,31,0.225,22.1,2.8,6.2,0.45,0.4,1.5,0.267,1.6,2.1,0.747,1.5,4.6,6.0,2.9,2.2,0.8,0.5,0.4,2.5,1.7,7.6,-2.4,20.7,3,0,19.4,23.1,54,127,7,164,72,74,81,60,112,106,124,55,57,105,31,21,22,40,21,61,47,68,28,68,77,125,56,27,8,56,52,1,2026-10-06T17:13:51.805731+00:00,leaguedashplayerstats,2025
1631019,NaLyssa Smith,NaLyssa,1611661319,LVA,25.0,45,26,19,0.578,21.2,3.0,5.9,0.502,0.2,0.6,0.296,1.5,2.4,0.611,1.6,3.5,5.1,0.7,1.1,0.6,0.6,0.5,2.9,2.2,7.6,0.8,17.3,3,0,16.0,17.8,1,23,57,71,80,70,85,23,130,139,103,58,48,150,21,38,29,131,84,102,32,50,8,43,76,67,74,27,8,79,81,2,2026-10-06T17:13:51.805731+00:00,leaguedashplayerstats,2025
1629483,Napheesa Collier,Napheesa,1611661324,MIN,29.0,33,27,6,0.818,32.3,8.3,15.7,0.531,1.5,3.8,0.403,4.7,5.2,0.906,1.9,5.4,7.3,3.2,2.1,1.6,1.5,0.8,2.4,5.6,22.9,10.4,43.7,5,0,41.2,46.0,93,19,150,11,6,1,3,14,27,38,22,4,8,9,14,12,12,33,24,5,5,21,39,2,2,2,2,16,8,2,3,1,2026-10-06T17:13:51.805731+00:00,leaguedashplayerstats,2025
204333,Natasha Cloud,Natasha,1611661313,NYL,34.0,41,24,17,0.585,29.0,3.7,8.5,0.433,1.3,3.8,0.338,1.5,1.7,0.87,0.3,3.3,3.7,5.1,1.9,1.2,0.3,0.2,2.9,1.4,10.1,3.1,25.0,0,0,23.3,28.7,47,33,65,68,28,52,50,73,40,39,69,59,68,26,125,44,64,12,42,36,69,120,10,82,51,39,41,63,8,42,37,1,2026-10-06T17:13:51.805731+00:00,leaguedashplayerstats,2025
203827,Natasha Howard,Natasha,1611661325,IND,34.0,44,24,20,0.545,24.1,4.5,8.2,0.552,0.1,0.8,0.182,2.1,3.0,0.712,2.0,4.6,6.6,1.5,1.9,1.2,0.6,0.4,2.7,2.5,11.4,3.1,24.8,8,0,23.1,26.2,2,33,48,80,61,36,52,9,134,131,143,41,30,121,12,19,17,93,34,37,39,62,18,38,41,38,42,12,8,44,44,1,2026-10-06T17:13:51.805731+00:00,leaguedashplayerstats,2025
1630442,Natasha Mack,Natasha,1611661317,PHX,28.0,34,21,13,0.618,18.3,2.1,3.6,0.573,0.0,0.1,0.0,0.5,1.1,0.472,2.3,3.5,5.8,0.9,0.4,0.9,1.5,0.2,1.6,0.9,4.7,3.9,19.7,1,0,16.2,19.5,86,51,102,55,94,100,127,5,156,165,156,128,105,162,8,37,24,122,158,56,4,117,95,116,115,30,61,43,8,78,71,1,2026-10-06T17:13:51.805731+00:00,leaguedashplayerstats,2025
1629567,Natisha Hiedeman,Natisha,1611661324,MIN,29.0,44,34,10,0.773,18.9,3.4,7.0,0.492,1.0,2.8,0.371,1.2,1.5,0.761,0.3,1.6,1.9,2.8,1.2,0.7,0.2,0.4,1.6,1.3,9.1,4.3,17.1,1,0,16.6,19.3,2,1,127,14,88,57,66,28,57,66,40,75,76,97,145,109,116,43,76,77,95,74,98,88,60,20,76,43,8,76,73,1,2026-10-06T17:13:51.805731+00:00,leaguedashplayerstats,2025
1631044,Naz Hillmon,Naz,1611661330,ATL,26.0,44,30,14,0.682,25.5,3.2,6.8,0.463,1.2,3.8,0.321,1.1,1.3,0.831,1.6,4.6,6.2,2.4,1.1,0.5,0.4,0.3,1.7,1.0,8.6,7.6,21.2,3,0,20.2,22.3,2,6,80,29,58,66,67,51,47,40,86,80,84,53,25,20,21,55,83,115,53,84,88,110,65,3,51,27,8,53,55,1,2026-10-06T17:13:51.805731+00:00,leaguedashplayerstats,2025
1628269,Nia Coffey,Nia,1611661330,ATL,31.0,44,30,14,0.682,10.3,1.3,3.3,0.374,0.5,1.9,0.293,0.8,1.1,0.72,0.6,2.0,2.6,1.0,0.7,0.2,0.4,0.3,1.1,0.8,3.9,1.0,9.8,1,0,9.3,10.5,2,6,80,29,146,135,132,133,99,90,106,99,97,117,88,92,93,109,128,158,56,75,145,119,127,63,121,43,8,124,125,1,2026-10-06T17:13:51.805731+00:00,leaguedashplayerstats,2025
203014,Nneka Ogwumike,Nneka,1611661328,SEA,35.0,44,23,21,0.523,30.9,7.3,14.0,0.519,1.5,4.1,0.367,2.2,2.7,0.822,1.3,5.7,7.0,2.3,1.9,1.1,0.4,0.7,1.9,3.4,18.3,3.1,32.8,6,0,32.1,34.4,2,38,38,95,20,4,9,18,28,27,44,39,37,59,37,9,14,59,34,41,56,26,76,22,9,36,12,15,8,13,17,1,2026-10-06T17:13:51.805731+00:00,leaguedashplayerstats,2025
1631055,Nyara Sabally,Nyara,1611661313,NYL,26.0,17,11,6,0.647,17.9,2.2,4.5,0.487,0.1,0.4,0.143,1.0,1.5,0.68,1.6,2.9,4.5,0.8,0.9,0.5,1.0,0.6,2.2,1.4,5.4,-0.2,15.6,0,0,13.8,16.1,143,108,150,44,97,96,107,35,148,151,151,87,79,132,24,58,42,127,105,104,14,37,50,83,102,85,85,63,8,91,90,1,2026-10-06T17:13:51.805731+00:00,leaguedashplayerstats,2025
203824,Odyssey Sims,Odyssey,1611661325,IND,33.0,24,10,14,0.417,27.9,3.7,9.0,0.414,0.9,2.7,0.328,1.8,2.3,0.782,0.4,2.0,2.4,3.8,1.4,0.7,0.0,0.7,2.0,2.8,10.1,1.3,19.4,0,0,18.6,22.2,127,112,80,121,37,51,45,96,67,72,84,49,51,81,108,95,101,22,68,80,152,25,61,31,52,61,64,63,8,64,57,2,2026-10-06T17:13:51.805731+00:00,leaguedashplayerstats,2025
1631135,Olivia Nelson-Ododa,Olivia,1611661323,CON,25.0,37,10,27,0.27,21.6,3.1,5.8,0.526,0.0,0.1,0.5,2.1,3.0,0.703,1.6,3.4,5.0,0.9,1.1,0.7,1.2,0.5,2.4,2.7,8.2,-4.7,20.2,2,0,17.9,20.7,75,112,15,148,78,67,88,17,154,171,2,43,30,123,23,42,34,117,92,76,10,47,36,34,68,164,57,35,8,66,61,1,2026-10-06T17:13:51.805731+00:00,leaguedashplayerstats,2025
1642784,Paige Bueckers,Paige,1611661321,DAL,24.0,36,9,27,0.25,33.3,7.2,15.1,0.477,1.1,3.3,0.331,3.8,4.2,0.888,0.7,3.3,3.9,5.4,2.0,1.6,0.5,0.6,2.3,4.7,19.2,-2.9,36.3,2,0,33.8,40.2,78,127,15,155,4,5,5,42,55,50,80,12,16,15,73,48,58,10,31,9,43,38,46,6,5,136,8,35,8,10,6,1,2026-10-06T17:13:51.805731+00:00,leaguedashplayerstats,2025
1627671,Rachel Banham,Rachel,1611661329,CHI,32.0,44,10,34,0.227,24.6,2.9,7.7,0.382,2.0,5.5,0.357,1.2,1.3,0.881,0.1,1.5,1.7,2.7,1.6,0.6,0.3,0.2,1.9,1.0,9.0,-7.1,16.0,1,0,17.0,18.6,2,112,1,161,60,71,60,123,12,12,56,73,84,17,164,114,129,46,53,95,86,113,73,104,61,175,83,43,8,74,78,1,2026-10-06T17:13:51.805731+00:00,leaguedashplayerstats,2025
1630996,Rae Burrell,Rae,1611661320,LAS,26.0,28,17,11,0.607,18.4,2.8,6.4,0.433,0.8,2.4,0.328,1.3,1.7,0.745,0.6,1.7,2.3,1.2,0.9,0.6,0.2,0.6,1.3,1.9,7.5,0.0,13.6,0,0,13.4,14.6,113,75,122,61,93,81,77,74,78,76,83,72,70,108,82,106,106,100,109,99,90,42,131,66,78,80,98,63,8,92,98,1,2026-10-06T17:13:51.805731+00:00,leaguedashplayerstats,2025
1642796,Rayah Marshall,Rayah,1611661323,CON,22.0,15,1,14,0.067,6.0,0.6,1.7,0.346,0.0,0.1,0.0,0.5,0.8,0.583,0.5,1.3,1.7,0.3,0.5,0.1,0.2,0.1,0.8,0.5,1.7,0.5,4.7,0,0,4.3,4.9,149,170,80,180,166,158,158,152,156,170,156,132,117,152,105,124,128,160,155,164,98,149,164,150,158,72,160,63,8,161,162,1,2026-10-06T17:13:51.805731+00:00,leaguedashplayerstats,2025
204296,Rebecca Allen,Rebecca,1611661329,CHI,33.0,44,10,34,0.227,18.7,1.9,5.5,0.342,1.0,3.0,0.318,0.4,0.7,0.613,0.4,2.2,2.6,1.3,0.9,0.5,0.5,0.1,1.4,0.7,5.1,-5.3,12.4,0,0,12.0,13.4,2,112,1,161,90,111,93,155,64,58,92,138,129,149,121,86,95,97,110,106,42,147,117,132,110,167,108,63,8,106,106,1,2026-10-06T17:13:51.805731+00:00,leaguedashplayerstats,2025
203822,Rebekah Gardner,Rebekah,1611661313,NYL,35.0,41,25,16,0.61,12.2,1.3,2.7,0.5,0.5,1.0,0.476,0.5,0.7,0.815,0.7,1.1,1.8,0.6,0.6,0.6,0.2,0.3,1.5,0.6,3.7,0.9,8.6,0,0,8.2,9.1,47,27,71,60,135,130,144,24,103,123,8,126,133,64,81,135,122,137,142,92,112,95,102,140,130,66,130,63,8,131,131,1,2026-10-06T17:13:51.805731+00:00,leaguedashplayerstats,2025
1631009,Rhyne Howard,Rhyne,1611661330,ATL,26.0,33,23,10,0.697,34.9,5.7,15.1,0.375,3.1,9.6,0.322,3.1,3.6,0.856,0.9,3.5,4.5,4.6,1.7,1.5,0.8,0.3,2.9,3.5,17.5,7.0,35.2,0,0,34.4,38.3,93,38,127,28,2,15,4,131,1,1,85,20,22,39,54,36,43,16,51,13,18,80,9,21,11,7,9,63,8,6,10,1,2026-10-06T17:13:51.805731+00:00,leaguedashplayerstats,2025
1642288,Rickea Jackson,Rickea,1611661320,LAS,25.0,38,20,18,0.526,30.9,5.4,12.7,0.424,1.7,4.9,0.348,2.2,2.6,0.847,1.0,2.2,3.2,1.7,2.1,0.6,0.4,0.6,1.9,2.1,14.7,-2.9,21.9,0,0,23.2,24.2,68,58,59,91,21,20,19,83,21,18,63,40,42,45,48,85,76,82,30,93,64,40,79,46,22,138,47,63,8,43,47,1,2026-10-06T17:13:51.805731+00:00,leaguedashplayerstats,2025
1641641,Robyn Parks,Robyn,1611661323,CON,33.0,6,1,5,0.167,10.5,0.2,0.8,0.2,0.0,0.7,0.0,0.0,0.0,0.0,0.2,1.3,1.5,0.3,0.2,0.3,0.0,0.0,1.2,0.2,0.3,-1.3,3.5,0,0,2.8,3.5,165,170,152,174,145,174,176,172,156,135,156,166,168,166,161,121,133,156,174,140,156,166,138,173,176,113,167,63,8,170,170,1,2026-10-06T17:13:51.805731+00:00,leaguedashplayerstats,2025
1629477,Sabrina Ionescu,Sabrina,1611661313,NYL,28.0,38,25,13,0.658,31.4,6.1,15.1,0.401,2.1,7.1,0.299,4.0,4.3,0.933,0.8,4.1,4.9,5.7,2.6,1.3,0.4,0.8,1.7,3.9,18.2,3.9,35.0,4,0,34.3,39.5,68,27,102,42,11,11,6,106,9,3,102,8,15,4,67,30,37,7,9,25,54,19,90,15,10,28,10,21,8,8,8,1,2026-10-06T17:13:51.805731+00:00,leaguedashplayerstats,2025
1628244,Sami Whitcomb,Sami,1611661317,PHX,37.0,43,26,17,0.605,23.9,3.0,7.8,0.385,2.0,5.5,0.361,1.1,1.3,0.852,0.4,2.3,2.6,2.5,1.6,0.8,0.2,0.3,2.1,1.3,9.1,2.5,17.2,0,0,18.1,19.5,30,23,65,62,62,69,55,121,11,11,52,83,88,43,119,83,91,52,55,68,115,90,56,90,59,44,75,63,8,65,70,1,2026-10-06T17:13:51.805731+00:00,leaguedashplayerstats,2025
1642790,Sania Feagin,Sania,1611661320,LAS,23.0,16,7,9,0.438,4.8,0.6,1.8,0.357,0.0,0.3,0.0,0.0,0.1,0.0,0.2,0.5,0.7,0.3,0.4,0.0,0.4,0.3,1.0,0.1,1.3,-2.4,3.1,0,0,2.9,3.6,147,137,134,117,171,156,157,145,156,158,156,166,167,166,157,168,171,161,159,169,63,85,148,174,163,128,170,63,8,169,169,1,2026-10-06T17:13:51.805731+00:00,leaguedashplayerstats,2025
1642809,Saniya Rivers,Saniya,1611661323,CON,23.0,42,11,31,0.262,26.1,3.4,8.3,0.407,1.0,3.0,0.341,1.0,1.4,0.746,0.7,2.1,2.8,2.7,1.5,1.5,0.9,0.3,1.7,1.4,8.8,-6.3,21.9,0,0,20.1,24.2,40,108,7,153,54,59,51,99,58,58,68,84,82,106,75,89,86,47,62,14,17,80,89,87,63,169,48,63,8,54,48,1,2026-10-06T17:13:51.805731+00:00,leaguedashplayerstats,2025
1642782,Sarah Ashlee Barker,Sarah Ashlee,1611661320,LAS,24.0,34,14,20,0.412,14.1,1.0,3.1,0.337,0.5,1.8,0.295,0.5,0.7,0.708,0.3,1.6,1.9,0.9,1.1,0.3,0.1,0.2,1.3,0.7,3.1,-3.1,7.0,0,0,7.4,8.2,86,93,48,124,119,139,137,158,100,93,104,128,128,122,134,108,113,118,90,144,128,132,124,124,140,143,142,63,8,138,140,1,2026-10-06T17:13:51.805731+00:00,leaguedashplayerstats,2025
1630149,Satou Sabally,Satou,1611661317,PHX,28.0,39,23,16,0.59,26.6,5.3,13.2,0.404,1.7,5.4,0.321,3.9,4.7,0.827,1.4,4.5,5.9,2.5,2.0,1.3,0.3,0.8,2.9,4.0,16.3,3.9,30.0,3,0,29.6,32.0,61,38,71,64,49,22,13,103,20,15,89,9,9,55,35,22,23,51,32,26,70,13,7,12,14,29,20,27,8,17,21,1,2026-10-06T17:13:51.805731+00:00,leaguedashplayerstats,2025
1642813,Serena Sundell,Serena,1611661321,DAL,23.0,3,0,3,0.0,7.2,0.0,0.3,0.0,0.0,0.3,0.0,0.0,0.0,0.0,0.0,0.3,0.3,0.0,0.7,0.0,0.0,0.0,1.3,0.3,0.0,-6.3,-0.3,0,0,0.3,0.3,174,181,162,181,160,177,179,177,156,154,156,166,168,166,173,173,178,175,132,169,156,166,120,162,177,170,182,63,8,180,180,1,2026-10-06T17:13:51.805731+00:00,leaguedashplayerstats,2025
1642244,Sevgi Uzun,Sevgi,1611661329,CHI,28.0,25,8,17,0.32,17.6,1.2,3.8,0.326,0.2,1.2,0.167,0.4,0.6,0.688,0.0,1.2,1.2,2.5,1.7,0.5,0.1,0.3,1.5,1.0,3.1,-2.1,8.6,0,0,8.4,11.3,125,134,65,140,102,136,121,162,128,117,147,137,135,129,172,129,141,50,47,107,127,99,109,113,139,119,129,63,8,129,116,2,2026-10-06T17:13:51.805731+00:00,leaguedashplayerstats,2025
1631022,Shakira Austin,Shakira,1611661322,WAS,25.0,38,13,25,0.342,23.0,5.0,10.8,0.465,0.1,0.4,0.133,2.6,3.8,0.664,1.5,4.9,6.4,1.8,2.4,1.1,1.1,1.0,2.1,3.2,12.7,-2.9,27.2,4,0,25.3,29.2,68,99,23,137,69,31,28,49,151,152,153,26,20,139,28,17,19,78,14,45,11,6,53,26,37,138,33,21,8,35,35,1,2026-10-06T17:13:51.805731+00:00,leaguedashplayerstats,2025
1628278,Shatori Walker-Kimbrough,Shatori,1611661330,ATL,31.0,41,29,12,0.707,8.6,0.6,1.5,0.413,0.3,0.8,0.355,0.2,0.3,0.727,0.1,0.8,0.9,0.5,0.4,0.2,0.3,0.1,0.6,0.3,1.7,0.5,4.8,0,0,4.5,5.2,47,14,111,25,154,155,160,97,122,130,57,158,161,113,171,150,165,147,163,155,84,152,175,166,156,75,159,63,8,156,161,1,2026-10-06T17:13:51.805731+00:00,leaguedashplayerstats,2025
203035,Shey Peddy,Shey,1611661325,IND,37.0,15,6,9,0.4,17.6,1.8,3.7,0.491,1.1,2.3,0.457,0.5,0.6,0.778,0.5,1.2,1.7,2.1,0.9,0.4,0.0,0.2,1.3,0.8,5.1,-0.7,10.6,0,0,10.7,12.1,149,145,134,125,100,113,126,30,56,78,9,132,140,85,105,129,130,64,113,127,156,118,120,122,109,96,115,63,8,114,114,2,2026-10-06T17:13:51.805731+00:00,leaguedashplayerstats,2025
1631021,Sika Kone,Sika,1611661330,ATL,23.0,19,12,7,0.632,4.5,0.4,1.2,0.318,0.1,0.3,0.2,0.6,0.7,0.923,0.2,0.8,1.0,0.3,0.3,0.0,0.0,0.3,0.6,0.6,1.4,-0.7,2.8,0,0,2.8,3.1,137,105,145,50,174,170,171,165,151,157,140,113,132,8,162,149,151,157,168,169,156,102,173,141,161,98,171,63,8,171,171,2,2026-10-06T17:13:51.805731+00:00,leaguedashplayerstats,2025
203400,Skylar Diggins,Skylar,1611661328,SEA,35.0,43,23,20,0.535,31.2,5.3,12.5,0.423,1.4,4.0,0.365,3.5,4.4,0.788,0.6,1.9,2.5,6.0,2.1,1.2,0.8,0.8,2.3,3.6,15.5,4.2,31.5,4,1,29.5,36.1,30,38,48,88,16,23,21,85,30,30,49,14,11,76,85,98,97,5,26,35,20,15,41,20,18,21,16,21,3,18,14,1,2026-10-06T17:13:51.805731+00:00,leaguedashplayerstats,2025
1642785,Sonia Citron,Sonia,1611661322,WAS,22.0,44,16,28,0.364,32.1,5.1,10.8,0.47,1.8,4.1,0.445,3.0,3.4,0.872,0.7,3.3,4.0,2.4,2.1,1.3,0.4,0.6,2.1,3.9,14.9,-2.5,26.1,3,0,26.4,28.5,2,79,11,132,7,29,29,45,15,25,11,22,24,23,80,45,57,56,29,28,61,35,52,16,21,129,37,27,8,30,39,1,2026-10-06T17:13:51.805731+00:00,leaguedashplayerstats,2025
1629482,Sophie Cunningham,Sophie,1611661325,IND,29.0,30,16,14,0.533,25.2,2.7,5.8,0.469,1.7,3.9,0.432,1.4,1.6,0.875,0.5,3.0,3.5,1.2,1.1,1.0,0.1,0.3,2.2,1.9,8.6,1.0,16.6,1,0,17.1,17.7,105,79,80,89,59,82,87,46,23,31,14,63,74,20,98,54,69,102,84,49,130,80,51,58,66,64,79,43,8,73,82,1,2026-10-06T17:13:51.805731+00:00,leaguedashplayerstats,2025
203828,Stefanie Dolson,Stefanie,1611661322,WAS,34.0,43,16,27,0.372,15.2,1.4,3.3,0.423,0.6,1.7,0.36,0.3,0.5,0.7,0.4,1.9,2.3,1.4,0.7,0.3,0.3,0.1,2.3,0.7,3.7,-1.3,9.6,0,0,9.2,10.6,30,79,15,127,112,127,134,86,91,96,54,149,145,124,119,98,108,96,131,151,71,151,47,129,129,111,123,63,8,125,124,1,2026-10-06T17:13:51.805731+00:00,leaguedashplayerstats,2025
203855,Stephanie Talbot,Stephanie,1611661313,NYL,32.0,38,20,18,0.526,14.2,1.0,2.7,0.375,0.4,1.5,0.286,0.5,0.7,0.643,0.7,2.0,2.7,1.7,1.1,0.5,0.2,0.2,1.1,0.6,2.9,-0.7,9.7,0,0,9.1,11.1,68,58,59,91,118,140,143,128,110,108,110,131,125,143,76,93,90,79,93,108,120,139,141,136,143,98,122,63,8,126,120,2,2026-10-06T17:13:51.805731+00:00,leaguedashplayerstats,2025
1630134,Sug Sutton,Sug,1611661322,WAS,27.0,43,16,27,0.372,26.1,2.8,6.6,0.422,1.0,2.8,0.353,0.9,1.1,0.771,0.2,1.6,1.8,3.9,1.9,0.8,0.1,0.2,1.3,1.3,7.4,-1.0,15.9,0,0,15.7,19.4,30,79,15,127,55,79,71,89,62,68,60,96,99,90,159,112,124,21,36,68,146,111,119,92,83,108,84,63,8,82,72,1,2026-10-06T17:13:51.805731+00:00,leaguedashplayerstats,2025
202641,Sydney Colson,Sydney,1611661325,IND,36.0,30,17,13,0.567,13.5,0.9,2.5,0.342,0.4,1.6,0.277,0.2,0.2,0.857,0.2,0.6,0.8,2.0,1.2,0.5,0.2,0.1,1.1,0.4,2.4,-1.0,7.3,0,0,7.0,9.3,105,75,102,77,121,148,147,154,107,104,117,157,163,34,148,166,167,67,80,108,98,158,140,153,148,104,138,63,8,142,130,1,2026-10-06T17:13:51.805731+00:00,leaguedashplayerstats,2025
1642814,Taylor Thierry,Taylor,1611661330,ATL,23.0,17,14,3,0.824,2.1,0.1,0.6,0.182,0.1,0.2,0.333,0.1,0.2,0.25,0.1,0.2,0.4,0.1,0.1,0.2,0.0,0.3,0.1,0.2,0.4,-0.6,1.6,0,0,1.4,1.6,143,93,162,10,180,176,178,175,148,162,71,165,162,165,165,176,177,170,176,157,156,94,180,172,175,95,176,63,8,178,177,1,2026-10-06T17:13:51.805731+00:00,leaguedashplayerstats,2025
1642804,Te-Hina Paopao,Te-Hina,1611661330,ATL,23.0,43,29,14,0.674,16.7,2.2,5.1,0.44,1.2,3.1,0.386,0.2,0.3,0.538,0.2,1.4,1.6,2.4,1.0,0.5,0.2,0.2,1.1,0.6,5.8,4.0,12.4,0,0,12.4,14.3,30,14,80,39,106,95,99,67,51,55,32,160,157,156,149,119,132,54,95,118,92,126,142,139,100,24,107,63,8,102,100,1,2026-10-06T17:13:51.805731+00:00,leaguedashplayerstats,2025
1629479,Teaira McCowan,Teaira,1611661321,DAL,29.0,17,3,14,0.176,12.9,2.1,3.9,0.537,0.1,0.1,0.5,1.3,1.7,0.759,1.8,2.8,4.6,0.6,0.9,0.3,0.7,0.5,1.4,1.7,5.6,-2.4,14.0,1,0,12.8,14.4,143,157,80,173,125,98,115,12,148,165,2,71,64,101,18,68,40,139,105,149,26,48,115,69,101,127,94,43,8,99,99,1,2026-10-06T17:13:51.805731+00:00,leaguedashplayerstats,2025
1627701,Temi Fagbenle,Temi,1611661331,GSV,33.0,39,20,19,0.513,23.7,3.2,6.4,0.502,0.3,1.6,0.194,0.7,0.9,0.722,1.8,3.1,4.9,1.6,1.5,0.9,0.6,0.5,3.1,1.5,7.4,0.1,18.6,2,0,17.1,19.8,61,58,57,101,63,62,76,22,118,101,142,112,109,114,17,52,36,88,61,54,36,53,4,78,82,79,69,35,8,72,67,1,2026-10-06T17:13:51.805731+00:00,leaguedashplayerstats,2025
203026,Tiffany Hayes,Tiffany,1611661331,GSV,36.0,26,13,13,0.5,26.9,3.8,9.1,0.418,1.6,3.9,0.406,2.5,3.1,0.8,0.7,3.2,3.8,3.0,1.9,0.5,0.2,0.7,2.2,3.0,11.7,2.7,20.9,0,0,21.4,23.5,119,99,102,102,46,48,44,92,26,34,20,29,29,68,74,50,62,39,40,103,122,27,48,29,39,43,54,63,8,47,50,1,2026-10-06T17:13:51.805731+00:00,leaguedashplayerstats,2025
1627676,Tiffany Mitchell,Tiffany,1611661328,SEA,31.0,39,18,21,0.462,13.1,1.0,2.6,0.392,0.3,0.8,0.367,0.9,1.2,0.745,0.3,0.8,1.1,0.3,0.6,0.4,0.2,0.2,1.3,1.4,3.2,-0.8,6.1,0,0,6.0,6.6,61,68,38,112,124,141,146,115,119,129,44,94,93,108,139,154,146,158,135,138,94,130,120,86,138,101,150,63,8,149,149,2,2026-10-06T17:13:51.805731+00:00,leaguedashplayerstats,2025
202250,Tina Charles,Tina,1611661323,CON,37.0,43,11,32,0.256,28.4,6.0,13.8,0.438,0.3,1.1,0.261,3.9,4.6,0.857,1.4,4.3,5.8,1.7,1.9,0.8,0.4,0.6,2.1,3.4,16.3,-9.4,27.5,7,0,26.5,29.1,30,108,5,154,31,12,12,71,120,120,128,10,10,34,32,25,25,81,38,68,50,44,58,23,15,179,30,14,8,28,36,1,2026-10-06T17:13:51.805731+00:00,leaguedashplayerstats,2025
1630112,Tyasha Harris,Tyasha,1611661321,DAL,28.0,5,1,4,0.2,16.5,1.6,3.6,0.444,1.0,2.2,0.455,0.4,0.4,1.0,0.2,0.8,1.0,2.6,0.6,0.4,0.4,0.2,1.0,0.4,4.6,3.0,11.5,0,0,10.8,13.2,168,170,157,168,108,118,129,64,59,83,10,141,151,1,156,151,151,48,138,127,59,118,148,155,117,40,113,63,8,113,108,1,2026-10-06T17:13:51.805731+00:00,leaguedashplayerstats,2025
1631007,Veronica Burton,Veronica,1611661331,GSV,25.0,44,23,21,0.523,29.4,3.4,8.8,0.387,1.4,4.0,0.345,3.8,4.3,0.878,1.1,3.2,4.4,6.0,2.1,1.1,0.6,0.8,2.3,4.3,11.9,2.2,29.3,5,0,27.2,33.6,2,38,38,95,27,58,47,119,34,29,66,11,14,19,46,49,46,4,23,41,35,12,43,10,38,49,23,16,8,24,18,1,2026-10-06T17:13:51.805731+00:00,leaguedashplayerstats,2025
1628304,Yvonne Anderson,Yvonne,1611661324,MIN,36.0,1,1,0,1.0,12.4,0.0,3.0,0.0,0.0,1.0,0.0,0.0,0.0,0.0,0.0,1.0,1.0,2.0,0.0,2.0,0.0,0.0,3.0,1.0,0.0,13.0,10.2,0,0,7.0,11.0,179,170,176,1,134,177,138,177,156,124,156,166,168,166,173,141,151,67,177,3,156,166,5,104,177,1,117,63,8,143,121,1,2026-10-06T17:13:51.805731+00:00,leaguedashplayerstats,2025
1641660,Zia Cooke,Zia,1611661328,SEA,25.0,26,15,11,0.577,10.0,1.2,3.2,0.357,0.6,1.5,0.395,0.6,0.9,0.652,0.2,0.3,0.5,0.5,0.8,0.4,0.0,0.2,1.0,0.7,3.5,-2.7,5.3,0,0,6.0,6.3,119,87,122,72,150,137,135,145,97,109,26,121,112,140,151,174,174,145,116,132,154,122,148,133,134,131,153,63,8,150,151,1,2026-10-06T17:13:51.805731+00:00,leaguedashplayerstats,2025
1628932,A'ja Wilson,A'ja,1611661319,LVA,30.0,41,30,11,0.732,32.0,9.2,17.5,0.527,0.9,2.3,0.404,6.8,7.9,0.864,1.8,7.5,9.4,3.2,2.4,1.4,1.9,0.8,1.8,7.4,26.2,9.0,49.9,20,0,46.4,52.0,60,16,140,34,11,1,1,31,83,101,37,1,1,54,17,3,5,35,22,15,2,24,118,1,1,2,1,4,5,1,1,1,2026-10-06T17:14:01.291314+00:00,leaguedashplayerstats,2026
1642290,Aaliyah Edwards,Aaliyah,1611661323,CON,24.0,30,9,21,0.3,20.6,4.3,8.3,0.518,0.2,0.6,0.389,2.2,3.1,0.728,1.5,3.2,4.7,1.0,1.7,0.8,0.3,0.5,2.3,3.4,11.1,-7.0,19.7,1,0,19.2,21.0,126,136,58,190,85,51,59,40,175,187,49,53,47,153,28,46,37,147,56,80,84,64,65,31,56,236,69,43,5,68,70,1,2026-10-06T17:14:01.291314+00:00,leaguedashplayerstats,2026
1642801,Aaliyah Nye,Aaliyah,1611661320,LAS,24.0,20,12,8,0.6,2.8,0.3,0.9,0.353,0.3,0.7,0.385,0.2,0.2,1.0,0.1,0.3,0.3,0.2,0.2,0.1,0.1,0.0,0.0,0.1,1.0,0.9,1.8,0,0,2.0,2.0,157,111,166,103,236,227,232,201,171,186,55,218,224,1,219,229,231,225,226,218,193,208,232,231,228,78,234,65,5,233,233,2,2026-10-06T17:14:01.291314+00:00,leaguedashplayerstats,2026
1630462,Aari McDonald,Aari,1611661324,MIN,28.0,3,2,1,0.667,15.3,1.7,6.3,0.263,1.0,3.0,0.333,3.0,3.3,0.9,0.3,0.3,0.7,2.0,1.3,1.0,0.0,1.0,1.3,3.3,7.3,-4.7,12.8,0,0,13.0,15.0,221,213,218,60,129,137,88,222,69,71,101,28,42,30,165,227,220,69,83,41,202,9,169,33,93,215,116,65,5,109,111,1,2026-10-06T17:14:01.291314+00:00,leaguedashplayerstats,2026
1642786,Aicha Coulibaly,Aicha,1611661329,CHI,24.0,30,10,20,0.333,13.6,1.6,3.7,0.436,0.0,0.7,0.045,1.9,2.2,0.892,0.5,2.1,2.6,0.6,0.7,0.7,0.2,0.3,1.6,2.0,5.2,-0.2,11.2,0,0,10.2,11.7,126,129,60,175,153,144,151,110,204,182,209,65,75,37,120,92,100,184,158,97,122,114,147,71,133,95,134,65,5,140,136,1,2026-10-06T17:14:01.291314+00:00,leaguedashplayerstats,2026
1629501,Alanna Smith,Alanna,1611661321,DAL,30.0,32,20,12,0.625,17.9,2.3,5.1,0.457,0.6,2.2,0.261,0.8,1.2,0.676,1.1,2.8,3.9,1.0,1.2,0.7,0.5,0.3,2.4,1.7,6.0,-0.3,14.7,2,0,13.9,15.6,117,71,121,94,102,105,109,89,126,109,170,133,123,181,49,62,53,144,94,88,63,131,62,87,114,97,100,34,5,103,105,1,2026-10-06T17:14:01.291314+00:00,leaguedashplayerstats,2026
1643525,Alex Fowler,Alex,1611661313,NYL,25.0,2,1,1,0.5,15.6,2.0,5.0,0.4,1.0,3.5,0.286,1.0,1.0,1.0,0.0,0.0,0.0,0.5,1.5,0.5,0.0,0.0,5.0,1.0,6.0,-6.0,6.8,0,0,8.5,8.5,230,219,218,120,123,121,110,161,69,50,150,109,134,1,222,234,234,197,72,131,202,208,1,136,116,231,186,65,5,165,171,1,2026-10-06T17:14:01.291314+00:00,leaguedashplayerstats,2026
1642775,Alex Wilson,Alex,1611661322,WAS,32.0,4,2,2,0.5,14.5,1.0,3.8,0.267,0.5,2.8,0.182,0.5,0.8,0.667,1.3,0.5,1.8,0.8,0.5,0.0,0.3,0.0,1.8,1.3,3.0,-5.0,6.5,0,0,6.5,7.0,213,213,206,120,142,187,148,221,134,82,197,172,163,184,38,218,147,170,193,219,110,208,124,115,186,220,190,65,5,182,190,1,2026-10-06T17:14:01.291314+00:00,leaguedashplayerstats,2026
1643644,Alicia Florez,Alicia,1611661322,WAS,22.0,35,23,12,0.657,12.1,1.3,3.5,0.369,0.3,1.3,0.2,0.6,1.1,0.55,0.3,1.1,1.4,1.9,1.2,0.6,0.1,0.4,1.5,1.3,3.5,-1.4,9.1,0,0,8.5,10.9,107,62,121,70,162,168,157,186,169,153,190,156,125,208,173,167,177,77,97,111,150,91,151,109,172,127,160,65,5,164,147,1,2026-10-06T17:14:01.291314+00:00,leaguedashplayerstats,2026
1642293,Alissa Pili,Alissa,1611661320,LAS,25.0,5,2,3,0.4,7.9,0.8,2.4,0.333,0.4,0.8,0.5,0.0,0.4,0.0,1.0,1.2,2.2,0.8,0.8,0.2,0.0,0.0,1.4,0.2,2.0,-1.4,5.6,0,0,5.8,6.4,208,213,200,144,201,203,193,207,148,181,10,224,209,224,54,151,124,168,139,195,202,208,162,226,204,127,202,65,5,198,200,1,2026-10-06T17:14:01.291314+00:00,leaguedashplayerstats,2026
1641648,Aliyah Boston,Aliyah,1611661325,IND,24.0,40,25,15,0.625,27.1,6.2,11.7,0.528,1.1,2.7,0.406,2.7,3.3,0.812,1.7,6.2,8.0,3.0,2.3,1.5,1.2,0.8,3.1,3.8,16.1,5.7,36.0,11,0,33.5,38.1,68,50,88,94,46,15,28,30,67,86,36,37,43,103,21,10,12,40,24,12,15,18,12,25,22,18,10,13,5,13,11,1,2026-10-06T17:14:01.291314+00:00,leaguedashplayerstats,2026
1628277,Allisha Gray,Allisha,1611661330,ATL,31.0,44,30,14,0.682,32.6,6.4,13.8,0.462,1.8,5.5,0.338,4.5,5.5,0.81,0.7,2.8,3.5,2.6,1.5,1.4,0.4,0.6,2.8,4.9,19.0,7.8,30.8,1,0,30.4,32.9,1,16,98,58,8,13,15,80,18,14,98,10,9,105,99,64,66,46,72,18,80,46,30,8,10,4,23,43,5,22,27,1,2026-10-06T17:14:01.291314+00:00,leaguedashplayerstats,2026
202252,Alysha Clark,Alysha,1611661321,DAL,39.0,30,19,11,0.633,11.4,0.8,2.0,0.407,0.5,1.3,0.35,0.6,0.9,0.654,0.4,1.3,1.7,0.7,0.5,0.2,0.3,0.1,1.8,0.8,2.6,0.2,6.6,0,0,6.4,7.1,126,73,140,88,170,203,205,148,140,149,88,165,148,189,159,141,156,176,193,195,103,199,115,153,194,91,189,65,5,187,189,1,2026-10-06T17:14:01.291314+00:00,leaguedashplayerstats,2026
203826,Alyssa Thomas,Alyssa,1611661317,PHX,34.0,42,14,28,0.333,33.2,5.5,10.5,0.521,0.0,0.1,0.333,3.2,4.7,0.687,1.6,6.2,7.8,8.5,3.5,1.3,0.5,0.7,2.5,4.1,14.3,-1.3,38.3,14,5,34.2,44.5,44,99,17,175,2,28,36,36,207,217,101,21,15,175,22,11,13,1,2,21,60,27,49,18,37,125,5,9,2,10,3,1,2026-10-06T17:14:01.291314+00:00,leaguedashplayerstats,2026
1643832,Aminata Gueye,Aminata,1611661331,GSV,24.0,1,1,0,1.0,3.6,0.0,1.0,0.0,0.0,0.0,0.0,0.0,0.0,0.0,0.0,0.0,0.0,0.0,1.0,0.0,0.0,0.0,2.0,0.0,0.0,-2.0,-1.0,0,0,0.0,0.0,236,219,233,1,230,236,227,236,210,221,210,224,227,224,222,234,234,233,112,219,202,208,97,232,237,147,239,65,5,239,239,1,2026-10-06T17:14:01.291314+00:00,leaguedashplayerstats,2026
1629539,Amy Okonkwo,Amy,1611661327,PDX,30.0,5,1,4,0.2,10.1,1.8,4.4,0.409,1.0,3.0,0.333,0.6,0.8,0.75,0.4,0.8,1.2,0.2,0.4,1.0,0.0,0.2,1.0,0.8,5.2,-5.4,9.5,0,0,9.6,9.8,208,219,190,216,181,128,131,144,69,71,101,158,155,137,150,192,187,225,207,41,202,150,195,159,131,224,152,65,5,149,161,2,2026-10-06T17:14:01.291314+00:00,leaguedashplayerstats,2026
1642797,Anastasiia Olairi Kosu,Anastasiia Olairi,1611661324,MIN,21.0,30,22,8,0.733,10.2,1.3,2.7,0.476,0.1,0.1,0.667,0.9,1.1,0.848,1.2,0.8,2.0,0.7,0.6,0.6,0.4,0.3,1.2,0.7,3.6,3.6,9.2,0,0,8.2,9.8,126,67,166,33,179,165,180,70,198,216,4,123,129,74,45,192,138,176,175,119,73,114,179,167,167,35,157,65,5,168,161,1,2026-10-06T17:14:01.291314+00:00,leaguedashplayerstats,2026
1642800,Aneesah Morrow,Aneesah,1611661332,TOR,23.0,27,4,23,0.148,22.2,4.2,10.0,0.422,0.9,3.1,0.274,1.7,2.6,0.643,2.6,5.7,8.3,1.4,1.6,0.9,0.5,0.9,2.2,2.4,11.0,-5.5,25.6,10,0,24.3,26.3,140,192,49,231,80,52,43,129,93,68,166,71,62,192,6,14,10,106,70,58,59,17,78,57,57,227,43,14,5,45,50,2,2026-10-06T17:14:01.291314+00:00,leaguedashplayerstats,2026
1642291,Angel Reese,Angel,1611661330,ATL,24.0,43,30,13,0.698,31.0,5.8,12.9,0.451,0.3,1.3,0.193,4.5,6.3,0.721,4.8,7.3,12.1,2.8,3.1,1.8,0.7,2.3,3.7,5.1,16.4,7.1,39.6,32,0,36.6,41.7,24,16,107,50,17,22,19,97,170,150,193,8,6,156,1,4,1,43,5,3,32,1,3,7,21,8,3,1,5,4,6,1,2026-10-06T17:14:01.291314+00:00,leaguedashplayerstats,2026
1643455,Angela Dugalic,Angela,1611661322,WAS,24.0,38,22,16,0.579,8.7,1.1,2.4,0.435,0.1,0.8,0.125,0.4,0.7,0.68,0.5,1.7,2.2,0.6,0.6,0.3,0.2,0.2,0.9,0.6,2.7,-2.5,7.1,0,0,6.6,7.5,93,67,74,112,197,185,192,112,192,178,204,184,172,179,123,120,123,188,179,172,134,157,209,185,193,163,177,65,5,181,184,1,2026-10-06T17:14:01.291314+00:00,leaguedashplayerstats,2026
1630993,Anneli Maley,Anneli,1611661313,NYL,28.0,11,4,7,0.364,7.5,0.1,1.4,0.067,0.1,0.5,0.167,0.5,0.5,0.833,0.5,0.6,1.1,0.4,0.1,0.5,0.1,0.3,1.4,0.5,0.7,1.6,4.1,0,0,3.4,4.2,188,192,171,160,206,235,221,235,195,190,199,181,190,82,141,206,195,214,230,142,175,128,167,191,232,67,218,65,5,223,221,2,2026-10-06T17:14:01.291314+00:00,leaguedashplayerstats,2026
1643489,Antonia Delaere,Antonia,1611661324,MIN,32.0,39,30,9,0.769,11.7,1.1,2.4,0.457,0.7,1.6,0.419,0.2,0.2,1.0,0.2,0.6,0.8,1.1,0.5,0.4,0.0,0.1,1.1,0.2,3.0,2.1,6.3,0,0,6.4,7.2,82,16,159,17,166,182,195,92,114,139,26,217,223,1,200,210,213,136,200,148,202,192,192,228,186,60,191,65,5,189,186,1,2026-10-06T17:14:01.291314+00:00,leaguedashplayerstats,2026
1628878,Ariel Atkins,Ariel,1611661320,LAS,30.0,42,15,27,0.357,26.9,3.0,7.9,0.381,1.1,4.0,0.282,1.3,1.4,0.932,0.7,2.2,2.9,2.8,1.4,1.6,0.4,0.2,3.1,2.4,8.5,-1.7,20.8,0,0,19.3,23.0,44,89,24,165,47,76,65,175,59,35,157,89,103,21,102,86,89,42,79,7,74,153,14,60,82,137,64,65,5,65,64,1,2026-10-06T17:14:01.291314+00:00,leaguedashplayerstats,2026
1629481,Arike Ogunbowale,Arike,1611661321,DAL,29.0,44,27,17,0.614,30.0,5.0,12.3,0.406,1.7,5.3,0.325,3.5,4.0,0.891,0.8,2.2,3.0,3.3,1.5,1.0,0.1,0.5,2.3,3.4,15.3,2.6,25.5,0,0,25.5,28.1,1,36,72,101,22,36,25,152,22,16,116,17,22,39,81,83,81,32,71,41,184,64,68,30,24,44,45,65,5,41,43,1,2026-10-06T17:14:01.291314+00:00,leaguedashplayerstats,2026
1643437,Ashlon Jackson,Ashlon,1611661323,CON,22.0,19,5,14,0.263,13.7,1.3,3.5,0.364,0.8,2.6,0.306,0.1,0.2,0.25,0.1,1.2,1.3,0.8,0.4,0.5,0.1,0.1,0.8,0.3,3.4,-5.9,7.4,0,0,7.3,7.9,158,179,98,200,149,172,158,192,100,90,134,220,218,220,214,160,184,164,209,139,187,185,217,218,173,230,175,65,5,175,180,1,2026-10-06T17:14:01.291314+00:00,leaguedashplayerstats,2026
1641695,Ashten Prechtel,Ashten,1611661331,GSV,25.0,6,6,0,1.0,7.2,0.5,1.5,0.333,0.3,1.0,0.333,0.5,0.5,1.0,0.3,1.5,1.8,0.5,1.2,0.2,0.7,0.2,1.8,0.3,1.8,-0.7,6.1,0,0,6.2,7.2,206,170,233,1,207,216,213,207,162,167,101,172,193,1,165,129,143,197,98,202,38,162,115,211,212,105,192,65,5,193,187,1,2026-10-06T17:14:01.291314+00:00,leaguedashplayerstats,2026
1642826,Aubrey Griffin,Aubrey,1611661313,NYL,24.0,4,3,1,0.75,1.9,0.3,0.3,1.0,0.0,0.0,0.0,0.0,0.0,0.0,0.0,0.3,0.3,0.0,0.3,0.0,0.0,0.0,0.3,0.3,0.5,0.3,0.6,0,0,0.8,0.8,213,198,218,22,238,231,239,1,210,221,210,224,227,224,222,229,232,233,218,219,202,208,229,224,233,89,238,65,5,238,238,1,2026-10-06T17:14:01.291314+00:00,leaguedashplayerstats,2026
1643443,Awa Fam,Awa,1611661328,SEA,20.0,37,6,31,0.162,27.7,3.9,8.9,0.444,1.5,4.3,0.352,0.9,1.1,0.8,1.9,4.0,5.9,1.8,1.6,0.8,0.8,0.3,2.7,1.3,10.3,-3.6,23.1,1,0,22.6,24.5,99,170,10,228,44,56,52,105,34,30,85,125,131,107,12,27,22,87,61,73,30,119,34,114,63,195,56,43,5,54,58,1,2026-10-06T17:14:01.291314+00:00,leaguedashplayerstats,2026
1630386,Awak Kuier,Awak,1611661321,DAL,25.0,41,25,16,0.61,18.6,2.3,4.6,0.508,0.8,2.0,0.39,0.9,1.2,0.714,0.8,3.1,3.9,1.0,1.0,0.6,1.8,0.2,1.7,1.2,6.3,3.4,18.6,2,0,16.7,19.3,60,50,74,102,98,106,125,47,102,115,48,126,122,161,87,48,54,141,112,113,5,161,129,125,109,37,76,34,5,82,82,1,2026-10-06T17:14:01.291314+00:00,leaguedashplayerstats,2026
1642793,Aziaha James,Aziaha,1611661321,DAL,23.0,39,24,15,0.615,11.8,2.2,5.6,0.388,0.4,1.6,0.246,1.3,1.8,0.739,0.6,1.7,2.4,1.3,0.8,0.9,0.2,0.5,1.5,1.6,6.1,1.8,13.4,0,0,12.3,14.4,82,58,88,99,165,116,96,169,151,141,179,90,86,147,109,117,115,119,149,57,123,55,152,96,113,64,110,65,5,118,115,1,2026-10-06T17:14:01.291314+00:00,leaguedashplayerstats,2026
1628922,Azura Stevens,Azura,1611661329,CHI,30.0,32,9,23,0.281,24.5,4.0,9.5,0.426,0.9,3.4,0.255,1.7,2.1,0.779,1.3,5.1,6.4,2.1,1.6,0.8,0.8,0.9,3.0,1.9,10.6,-3.0,24.6,4,0,23.2,26.0,117,136,49,196,62,55,49,124,87,57,175,73,77,121,33,16,20,65,63,64,31,15,20,76,59,181,47,23,5,51,53,1,2026-10-06T17:14:01.291314+00:00,leaguedashplayerstats,2026
1643425,Azzi Fudd,Azzi,1611661321,DAL,23.0,30,19,11,0.633,31.7,5.2,11.4,0.456,2.1,5.2,0.397,0.6,0.8,0.826,0.5,1.2,1.7,1.8,1.1,1.7,0.8,0.3,2.3,0.7,13.1,4.7,24.5,0,0,23.9,26.2,126,73,140,88,14,33,31,93,11,18,42,154,162,89,120,151,150,85,105,4,25,114,70,167,43,23,48,65,5,46,51,1,2026-10-06T17:14:01.291314+00:00,leaguedashplayerstats,2026
204335,Betnijah Laney-Hamilton,Betnijah,1611661322,WAS,32.0,30,20,10,0.667,16.2,1.5,3.9,0.376,0.5,1.9,0.276,1.0,1.2,0.811,0.3,1.6,1.9,1.9,1.2,0.4,0.1,0.1,1.3,1.4,4.5,3.1,9.9,0,0,9.8,11.7,126,71,154,60,116,151,142,178,129,122,163,109,117,104,186,127,141,82,98,151,157,199,169,106,146,40,148,65,5,147,137,2,2026-10-06T17:14:01.291314+00:00,leaguedashplayerstats,2026
1627668,Breanna Stewart,Breanna,1611661313,NYL,32.0,42,26,16,0.619,32.9,7.1,15.1,0.474,0.7,2.9,0.254,5.8,6.9,0.841,1.5,6.8,8.3,3.3,2.0,1.4,1.3,0.8,2.1,6.3,20.8,2.6,41.6,12,0,38.4,43.6,44,42,74,97,4,6,7,71,107,76,176,2,2,79,25,7,11,34,34,20,12,19,82,2,8,46,2,11,5,3,4,1,2026-10-06T17:14:01.291314+00:00,leaguedashplayerstats,2026
1642788,Bree Hall,Bree,1611661325,IND,23.0,5,3,2,0.6,5.4,1.2,2.4,0.5,0.6,1.2,0.5,0.2,1.0,0.2,0.2,1.0,1.2,0.2,0.0,0.0,0.0,0.0,0.0,0.6,3.2,1.0,4.9,0,0,5.2,4.8,208,198,206,103,222,178,193,49,121,158,10,211,134,222,201,170,187,225,231,219,202,208,232,183,179,72,210,65,5,204,217,1,2026-10-06T17:14:01.291314+00:00,leaguedashplayerstats,2026
1629488,Brianna Turner,Brianna,1611661319,LVA,30.0,41,30,11,0.732,13.2,0.8,1.4,0.554,0.0,0.0,0.0,0.0,0.0,1.0,0.5,1.8,2.3,0.2,0.6,0.3,0.6,0.0,1.4,0.3,1.6,0.2,6.6,0,0,5.8,6.9,60,16,140,34,155,206,220,21,210,221,210,221,226,1,127,114,118,223,178,179,52,205,158,220,219,90,187,65,5,199,194,1,2026-10-06T17:14:01.291314+00:00,leaguedashplayerstats,2026
1629524,Bridget Carleton,Bridget,1611661327,PDX,29.0,40,17,23,0.425,30.9,4.9,12.0,0.405,2.8,7.6,0.368,2.1,2.3,0.882,0.7,3.7,4.5,2.1,1.2,1.6,0.4,0.6,2.2,2.4,14.6,-1.6,27.9,2,0,27.9,29.3,68,77,49,140,20,39,26,153,6,4,72,62,71,40,91,31,44,63,96,10,71,50,81,56,31,134,37,34,5,30,40,1,2026-10-06T17:14:01.291314+00:00,leaguedashplayerstats,2026
1628280,Brionna Jones,Brionna,1611661330,ATL,30.0,9,7,2,0.778,16.9,3.0,5.8,0.519,0.1,0.7,0.167,2.1,2.3,0.905,2.0,3.6,5.6,2.0,1.0,0.3,0.7,0.3,2.4,1.9,8.2,1.8,19.9,0,0,17.9,20.8,197,162,206,14,111,77,95,37,191,184,199,60,69,27,10,38,27,69,112,161,38,101,55,79,86,65,67,65,5,75,73,1,2026-10-06T17:14:01.291314+00:00,leaguedashplayerstats,2026
203398,Brittney Griner,Brittney,1611661323,CON,35.0,18,7,11,0.389,25.3,5.4,10.2,0.527,0.1,0.2,0.25,2.4,3.6,0.672,1.9,3.9,5.8,2.5,1.8,0.4,1.8,0.5,2.7,3.9,13.2,-3.6,28.9,2,0,26.1,30.7,166,162,140,146,56,29,41,32,201,210,177,48,32,183,13,29,24,52,50,143,3,64,38,21,42,194,31,34,5,40,37,1,2026-10-06T17:14:01.291314+00:00,leaguedashplayerstats,2026
1628279,Brittney Sykes,Brittney,1611661332,TOR,32.0,17,8,9,0.471,29.4,6.0,14.4,0.418,0.9,3.6,0.258,5.6,6.3,0.897,0.9,2.5,3.5,3.4,2.1,1.2,0.5,0.5,2.4,4.7,18.6,-1.6,30.6,0,0,29.6,33.7,168,145,159,132,29,18,9,138,80,48,172,3,5,32,66,71,65,30,30,26,62,60,57,11,12,136,26,65,5,26,25,1,2026-10-06T17:14:01.291314+00:00,leaguedashplayerstats,2026
1642286,Caitlin Clark,Caitlin,1611661325,IND,24.0,40,24,16,0.6,31.1,7.1,15.8,0.445,2.9,7.9,0.361,5.3,6.3,0.852,0.2,3.7,4.0,8.3,4.6,1.1,0.5,0.7,3.1,6.2,22.3,4.0,39.5,14,1,40.5,47.5,68,58,74,103,16,7,4,103,5,3,77,5,7,70,198,31,51,2,1,34,61,32,12,3,3,29,4,9,3,2,2,1,2026-10-06T17:14:01.291314+00:00,leaguedashplayerstats,2026
1642287,Cameron Brink,Cameron,1611661320,LAS,24.0,31,12,19,0.387,19.2,3.3,7.1,0.464,0.9,2.9,0.315,2.1,2.7,0.771,1.5,3.5,5.0,1.5,2.4,0.6,1.8,0.6,3.6,3.1,9.5,-1.4,22.6,0,0,21.8,24.8,123,111,62,147,94,71,76,79,84,77,129,61,58,128,29,39,29,103,17,101,4,40,5,37,69,126,59,65,5,55,56,1,2026-10-06T17:14:01.291314+00:00,leaguedashplayerstats,2026
1642304,Carla Leite,Carla,1611661327,PDX,22.0,39,16,23,0.41,26.0,4.8,10.4,0.459,0.9,2.4,0.402,5.5,6.4,0.86,0.6,1.5,2.2,6.3,3.3,0.6,0.1,0.7,2.6,5.7,16.1,-1.8,26.8,7,0,26.8,32.8,82,79,49,142,53,42,37,85,79,99,39,4,4,59,109,128,126,6,3,102,190,35,44,4,23,142,38,16,5,37,28,1,2026-10-06T17:14:01.291314+00:00,leaguedashplayerstats,2026
1643467,Cassandre Prosper,Cassandre,1611661322,WAS,21.0,38,24,14,0.632,9.6,0.8,2.7,0.301,0.2,1.1,0.186,0.2,0.5,0.5,0.6,0.4,1.0,0.4,0.6,0.2,0.1,0.3,1.7,0.6,2.1,-1.5,4.3,0,0,4.4,4.9,93,58,98,90,189,201,182,217,177,161,196,207,202,212,107,226,202,207,184,185,182,110,135,182,203,130,215,65,5,216,216,1,2026-10-06T17:14:01.291314+00:00,leaguedashplayerstats,2026
1628508,Cecilia Zandalasini,Cecilia,1611661331,GSV,30.0,37,27,10,0.73,19.0,3.1,8.0,0.393,1.3,4.0,0.324,1.0,1.2,0.826,0.3,1.8,2.1,1.7,1.4,0.9,0.2,0.2,1.9,1.3,8.6,2.9,15.5,0,0,15.8,17.3,99,36,154,36,96,73,64,166,48,38,117,106,116,89,176,105,128,93,80,62,142,135,103,112,80,42,94,65,5,89,93,1,2026-10-06T17:14:01.291314+00:00,leaguedashplayerstats,2026
1643462,Chance Gray,Chance,1611661320,LAS,22.0,40,13,27,0.325,11.5,1.0,2.6,0.373,0.7,2.0,0.359,0.5,0.6,0.87,0.3,0.8,1.1,1.0,0.6,0.2,0.0,0.1,0.8,0.6,3.1,-4.3,5.8,0,0,6.3,6.8,68,104,24,184,169,194,188,180,110,121,78,172,185,51,189,191,197,145,177,205,199,194,218,187,185,208,198,65,5,191,195,1,2026-10-06T17:14:01.291314+00:00,leaguedashplayerstats,2026
1642294,Charisma Osborne,Charisma,1611661327,PDX,25.0,3,1,2,0.333,19.7,3.0,6.3,0.474,1.7,3.3,0.5,2.0,2.3,0.857,0.7,1.0,1.7,1.3,1.0,1.0,0.3,0.7,2.3,2.0,9.7,6.0,16.7,0,0,17.0,18.0,221,219,206,175,91,77,88,72,26,61,10,64,69,61,102,170,158,116,112,41,84,35,65,71,67,15,86,65,5,80,86,1,2026-10-06T17:14:01.291314+00:00,leaguedashplayerstats,2026
1643449,Charlisse Leger-Walker,Charlisse,1611661323,CON,25.0,44,11,33,0.25,23.7,2.6,6.8,0.379,1.0,2.9,0.333,1.1,1.4,0.787,0.3,2.2,2.5,3.7,1.8,0.8,0.3,0.4,2.2,1.2,7.2,-5.8,17.0,0,0,16.5,20.2,1,119,4,205,69,92,82,177,77,75,101,100,105,115,164,85,105,27,44,74,110,84,73,119,94,229,83,65,5,84,76,1,2026-10-06T17:14:01.291314+00:00,leaguedashplayerstats,2026
203833,Chelsea Gray,Chelsea,1611661319,LVA,33.0,43,31,12,0.721,32.7,4.4,10.0,0.441,1.7,4.7,0.365,1.5,1.7,0.93,0.3,3.0,3.3,6.7,2.8,1.4,0.3,0.2,2.0,1.7,12.0,5.7,28.5,4,0,27.3,34.0,24,9,121,41,7,49,46,107,23,23,75,81,93,23,188,54,70,5,10,14,93,141,102,90,50,17,34,23,5,33,23,1,2026-10-06T17:14:01.291314+00:00,leaguedashplayerstats,2026
1630150,Chennedy Carter,Chennedy,1611661319,LVA,27.0,13,9,4,0.692,16.9,4.6,7.7,0.6,0.8,1.6,0.524,2.2,2.8,0.757,0.7,1.1,1.8,1.3,1.3,0.8,0.3,0.3,2.5,1.9,12.2,2.2,18.5,0,0,18.5,20.1,181,136,190,54,112,44,67,13,94,137,9,56,53,135,93,163,146,117,87,63,98,112,53,78,48,56,78,65,5,70,78,1,2026-10-06T17:14:01.291314+00:00,leaguedashplayerstats,2026
204323,Cheyenne Parker-Tyus,Cheyenne,1611661319,LVA,34.0,31,23,8,0.742,11.2,1.8,3.4,0.519,0.3,0.5,0.529,1.5,2.0,0.774,1.0,1.9,2.9,0.7,0.6,0.5,0.7,0.4,1.8,1.8,5.4,0.9,13.0,0,0,11.7,13.4,123,62,166,31,171,131,159,38,165,189,8,79,79,126,54,103,88,172,183,138,33,98,113,83,126,76,114,65,5,126,123,1,2026-10-06T17:14:01.291314+00:00,leaguedashplayerstats,2026
1631064,Chloe Bibby,Chloe,1611661324,MIN,28.0,9,5,4,0.556,11.9,1.8,4.3,0.41,1.1,3.1,0.357,0.2,0.2,1.0,0.0,1.0,1.0,0.9,1.0,0.2,0.3,0.0,1.1,0.3,4.9,0.0,8.1,0,0,9.0,9.3,197,179,190,115,164,130,132,143,65,68,79,209,217,1,222,170,202,160,112,187,84,208,187,211,139,92,168,65,5,156,167,2,2026-10-06T17:14:01.291314+00:00,leaguedashplayerstats,2026
1631090,Christyn Williams,Christyn,1611661321,DAL,26.0,3,3,0,1.0,3.8,0.0,1.3,0.0,0.0,0.3,0.0,0.3,0.7,0.5,0.0,0.7,0.7,0.3,0.0,0.0,0.3,0.0,0.0,0.3,0.3,1.0,2.6,0,0,2.0,2.7,221,198,233,1,229,236,222,236,210,200,210,195,170,212,222,202,220,216,231,219,84,208,232,211,235,72,230,65,5,232,232,1,2026-10-06T17:14:01.291314+00:00,leaguedashplayerstats,2026
1643424,Costanza Verona,Costanza,1611661321,DAL,27.0,1,0,1,0.0,5.8,2.0,2.0,1.0,0.0,0.0,0.0,0.0,0.0,0.0,0.0,0.0,0.0,2.0,0.0,0.0,0.0,0.0,0.0,0.0,4.0,-4.0,7.0,0,0,6.0,8.0,236,235,218,235,219,121,201,1,210,221,210,224,227,224,222,234,234,69,231,219,202,208,232,232,156,203,178,65,5,195,175,1,2026-10-06T17:14:01.291314+00:00,leaguedashplayerstats,2026
1643430,Cotie McMahon,Cotie,1611661322,WAS,22.0,42,27,15,0.643,19.6,2.2,5.5,0.409,0.6,2.0,0.301,1.6,2.6,0.606,0.5,2.4,2.9,1.9,1.1,0.5,0.1,0.4,1.9,2.3,6.6,-0.6,13.8,0,0,13.3,15.2,44,36,88,76,92,113,100,145,122,119,137,78,61,201,136,79,89,84,107,125,150,87,104,63,100,104,108,65,5,108,108,1,2026-10-06T17:14:01.291314+00:00,leaguedashplayerstats,2026
202664,Courtney Vandersloot,Courtney,1611661329,CHI,37.0,27,11,16,0.407,22.4,3.3,7.3,0.455,1.0,2.4,0.409,1.9,2.4,0.785,0.4,2.5,2.9,5.4,2.1,1.1,0.3,0.6,1.6,1.7,9.6,-2.5,23.3,1,0,21.7,27.6,140,119,74,143,77,68,74,94,69,96,34,69,66,118,149,73,87,11,31,29,105,41,138,86,68,164,55,43,5,57,45,1,2026-10-06T17:14:01.291314+00:00,leaguedashplayerstats,2026
1627675,Courtney Williams,Courtney,1611661324,MIN,32.0,43,33,10,0.767,29.8,5.8,12.9,0.45,1.1,3.1,0.368,1.0,1.2,0.827,0.8,4.0,4.8,4.3,1.8,1.1,0.3,0.3,2.1,1.1,13.8,6.2,28.5,2,0,26.9,31.5,24,1,154,19,25,22,18,98,61,70,71,109,120,88,82,26,32,22,47,31,106,127,83,131,39,13,35,34,5,36,34,1,2026-10-06T17:14:01.291314+00:00,leaguedashplayerstats,2026
203024,Damiris Dantas,Damiris,1611661325,IND,33.0,12,8,4,0.667,8.2,1.1,2.7,0.406,0.6,1.7,0.35,0.6,0.8,0.778,0.3,1.2,1.5,0.3,0.8,0.2,0.2,0.0,1.8,0.7,3.3,-1.3,5.9,0,0,6.4,6.5,185,145,190,60,199,181,183,150,123,132,88,161,163,122,165,158,165,216,151,202,140,208,115,172,176,123,197,65,5,185,198,1,2026-10-06T17:14:01.291314+00:00,leaguedashplayerstats,2026
1630389,Dana Evans,Dana,1611661319,LVA,28.0,14,9,5,0.643,15.3,1.3,4.5,0.286,0.9,2.2,0.387,0.2,0.4,0.5,0.0,1.4,1.4,2.1,1.1,0.2,0.1,0.1,0.9,0.3,3.6,-5.1,8.4,0,0,8.6,10.2,177,136,183,76,128,168,127,219,90,106,53,210,206,212,222,139,179,67,107,190,150,196,208,221,165,221,166,65,5,162,156,1,2026-10-06T17:14:01.291314+00:00,leaguedashplayerstats,2026
1643440,Darianna Littlepage-Buggs,Darianna,1611661322,WAS,23.0,4,3,1,0.75,1.8,0.5,0.8,0.667,0.3,0.3,1.0,0.0,0.0,0.0,0.0,0.3,0.3,0.0,0.0,0.0,0.0,0.0,0.0,0.0,1.3,-0.5,1.6,0,0,1.8,1.5,213,198,218,22,239,216,233,6,171,208,1,224,227,224,222,229,232,233,231,219,202,208,232,232,224,103,235,65,5,235,236,1,2026-10-06T17:14:01.291314+00:00,leaguedashplayerstats,2026
201886,DeWanna Bonner,DeWanna,1611661330,ATL,39.0,42,18,24,0.429,26.8,3.4,8.5,0.402,1.2,4.4,0.279,2.3,2.7,0.843,0.9,5.1,6.0,1.6,0.8,1.1,0.7,0.4,1.6,2.8,10.4,-1.0,24.5,3,0,22.7,24.9,44,75,42,136,48,66,57,158,55,28,159,50,56,78,78,15,21,101,138,32,35,96,136,52,61,116,49,27,5,52,55,2,2026-10-06T17:14:01.291314+00:00,leaguedashplayerstats,2026
204324,Dearica Hamby,Dearica,1611661320,LAS,32.0,42,15,27,0.357,28.7,5.5,10.0,0.552,0.2,0.9,0.231,3.2,4.6,0.687,1.9,5.0,7.0,2.4,1.9,1.5,0.4,1.2,2.8,4.0,14.5,-4.2,30.1,5,0,27.8,31.8,44,89,24,165,36,27,43,23,176,174,183,22,17,174,14,18,15,57,43,13,69,5,27,19,35,205,28,20,5,31,30,1,2026-10-06T17:14:01.291314+00:00,leaguedashplayerstats,2026
1630096,DiJonai Carrington,DiJonai,1611661329,CHI,28.0,11,5,6,0.455,16.2,2.8,8.5,0.33,0.6,2.3,0.28,2.5,3.5,0.737,0.5,2.6,3.1,0.6,0.8,0.6,0.2,0.9,2.0,2.5,8.8,-2.5,15.1,0,0,14.8,15.6,188,179,179,135,119,85,55,214,117,102,158,41,39,149,141,69,79,181,136,103,135,14,97,54,77,162,97,65,5,98,104,1,2026-10-06T17:14:01.291314+00:00,leaguedashplayerstats,2026
1641649,Diamond Miller,Diamond,1611661323,CON,25.0,43,11,32,0.256,22.7,3.2,8.8,0.365,1.2,3.8,0.325,2.1,2.7,0.771,0.4,2.3,2.7,1.4,1.4,0.7,0.3,0.9,3.2,2.3,9.8,-5.5,16.5,0,0,17.0,18.1,24,119,8,203,74,72,53,189,54,42,115,59,55,127,148,82,99,111,77,92,106,16,10,64,66,226,88,65,5,81,85,1,2026-10-06T17:14:01.291314+00:00,leaguedashplayerstats,2026
1642798,Dominique Malonga,Dominique,1611661328,SEA,20.0,35,6,29,0.171,26.4,6.8,13.9,0.488,0.6,2.3,0.278,3.0,4.0,0.738,2.5,6.3,8.8,1.7,2.7,1.0,1.4,0.7,2.8,3.2,17.1,-4.2,34.7,12,0,33.0,36.4,107,170,13,225,50,12,14,62,118,103,160,31,21,148,7,9,8,96,11,40,10,39,28,36,17,207,14,11,5,16,16,1,2026-10-06T17:14:01.291314+00:00,leaguedashplayerstats,2026
1641657,Dorka Juhasz,Dorka,1611661324,MIN,26.0,21,16,5,0.762,15.2,1.4,3.9,0.37,0.7,2.5,0.288,0.0,0.2,0.25,0.4,2.7,3.1,1.4,0.7,0.2,0.6,0.2,1.0,0.4,3.6,-3.5,11.4,0,0,10.6,12.2,151,79,183,20,131,158,146,184,108,94,149,222,222,220,146,66,78,108,168,184,49,137,194,203,166,193,128,65,5,133,131,1,2026-10-06T17:14:01.291314+00:00,leaguedashplayerstats,2026
1643490,Eliska Joklova,Eliska,1611661324,MIN,25.0,21,16,5,0.762,5.3,0.5,1.1,0.435,0.0,0.3,0.0,0.8,1.0,0.762,0.3,0.7,1.0,1.1,0.5,0.1,0.1,0.1,0.8,0.9,1.7,1.0,4.9,0,0,4.4,5.8,151,79,183,20,223,222,226,112,210,205,210,135,134,132,165,200,199,134,190,206,150,172,215,151,215,72,209,65,5,214,204,1,2026-10-06T17:14:01.291314+00:00,leaguedashplayerstats,2026
204322,Elizabeth Williams,Elizabeth,1611661329,CHI,33.0,44,16,28,0.364,17.2,2.1,4.5,0.467,0.0,0.0,0.0,1.0,2.1,0.452,1.2,2.4,3.6,1.4,0.8,0.7,0.9,0.4,1.4,2.0,5.2,-1.6,15.6,0,0,13.4,16.3,1,79,17,160,109,120,126,76,210,221,210,118,78,217,44,77,62,114,151,86,22,78,161,71,132,135,92,65,5,107,100,1,2026-10-06T17:14:01.291314+00:00,leaguedashplayerstats,2026
1629581,Emese Hof,Emese,1611661324,MIN,30.0,3,1,2,0.333,6.9,1.0,2.0,0.5,0.0,0.0,0.0,0.3,0.7,0.5,0.7,1.0,1.7,0.7,1.3,0.0,0.0,0.7,2.0,0.3,2.3,-6.0,4.0,0,0,4.7,5.3,221,219,206,175,208,187,201,49,210,221,210,195,170,212,102,170,158,176,83,219,202,35,97,211,198,231,219,65,5,209,210,1,2026-10-06T17:14:01.291314+00:00,leaguedashplayerstats,2026
1631083,Emily Engstler,Emily,1611661327,PDX,26.0,44,17,27,0.386,24.7,3.8,8.2,0.465,1.3,3.4,0.371,1.3,1.8,0.718,1.3,4.5,5.7,2.1,1.9,1.4,1.4,0.5,3.1,1.4,10.1,-2.0,26.7,4,0,24.9,28.5,1,77,24,148,60,59,63,78,50,58,67,91,85,160,38,20,26,66,42,16,9,73,15,107,64,145,39,23,5,44,41,1,2026-10-06T17:14:01.291314+00:00,leaguedashplayerstats,2026
1628242,Emma Cannon,Emma,1611661320,LAS,37.0,18,5,13,0.278,7.6,1.1,2.3,0.488,0.7,1.4,0.48,1.1,1.4,0.76,0.5,0.9,1.4,0.3,0.8,0.1,0.1,0.2,1.6,1.1,3.9,-0.4,5.9,0,0,6.7,6.6,166,179,107,197,205,180,199,61,114,146,16,103,104,133,128,183,171,216,146,216,165,162,142,129,159,102,195,65,5,179,197,1,2026-10-06T17:14:01.291314+00:00,leaguedashplayerstats,2026
1643488,Emma Cechova,Emma,1611661324,MIN,22.0,3,2,1,0.667,17.3,3.3,5.3,0.625,0.0,0.3,0.0,1.7,2.7,0.625,1.3,2.3,3.7,0.0,1.3,0.3,0.7,0.3,4.0,1.7,8.3,-3.3,14.4,0,0,14.0,15.0,221,213,218,60,108,68,104,10,210,200,210,71,59,196,32,80,60,233,83,161,38,101,2,91,84,188,103,65,5,101,111,1,2026-10-06T17:14:01.291314+00:00,leaguedashplayerstats,2026
204365,Erica Wheeler,Erica,1611661320,LAS,35.0,43,16,27,0.372,26.1,3.3,8.2,0.402,1.4,4.3,0.326,1.0,1.1,0.872,0.2,1.7,1.9,5.0,1.8,0.9,0.1,0.4,2.7,1.9,9.0,-0.1,19.9,0,0,19.3,23.9,24,79,24,156,52,70,62,157,41,31,114,120,130,47,194,123,140,15,46,60,174,90,36,81,75,94,66,65,5,66,60,1,2026-10-06T17:14:01.291314+00:00,leaguedashplayerstats,2026
1629496,Ezi Magbegor,Ezi,1611661328,SEA,27.0,14,3,11,0.214,20.4,2.6,6.6,0.398,0.6,1.9,0.308,1.0,1.1,0.875,0.5,3.5,4.0,1.8,1.1,0.8,1.2,0.8,2.5,1.5,6.9,-3.1,19.3,0,0,17.2,20.4,177,198,140,212,87,88,83,164,124,125,132,109,125,44,128,41,50,86,107,76,14,21,51,101,99,186,72,65,5,78,74,1,2026-10-06T17:14:01.291314+00:00,leaguedashplayerstats,2026
1643428,Flau'jae Johnson,Flau'jae,1611661328,SEA,22.0,42,7,35,0.167,28.7,5.3,13.1,0.402,1.4,4.8,0.296,3.0,3.7,0.8,1.2,3.6,4.8,2.9,2.6,1.4,0.7,1.0,2.8,2.9,14.9,-2.6,28.7,3,0,28.2,31.8,44,162,2,226,35,31,17,159,39,21,143,33,28,107,45,35,33,41,12,17,35,8,32,42,26,166,33,27,5,29,31,1,2026-10-06T17:14:01.291314+00:00,leaguedashplayerstats,2026
1643494,Frieda Buhner,Frieda,1611661327,PDX,22.0,39,14,25,0.359,15.5,2.2,5.0,0.433,0.9,2.5,0.347,1.1,1.2,0.875,0.7,1.4,2.1,0.7,0.9,0.3,0.1,0.7,1.6,0.9,6.3,-3.1,10.1,0,0,10.7,11.0,82,99,36,164,125,119,113,116,89,93,92,101,118,44,93,135,131,171,128,161,190,33,137,145,112,185,144,65,5,132,146,1,2026-10-06T17:14:01.291314+00:00,leaguedashplayerstats,2026
1628931,Gabby Williams,Gabby,1611661331,GSV,30.0,39,28,11,0.718,25.1,5.2,12.8,0.404,1.7,5.0,0.342,2.3,3.1,0.736,0.6,2.6,3.3,2.2,1.5,1.6,0.2,0.5,1.3,2.2,14.4,2.8,25.5,0,0,25.2,27.5,82,27,140,44,57,34,20,156,24,20,95,52,45,150,106,68,72,59,74,5,145,63,169,67,36,43,44,65,5,42,46,1,2026-10-06T17:14:01.291314+00:00,leaguedashplayerstats,2026
1643447,Gabriela Jaquez,Gabriela,1611661329,CHI,22.0,39,15,24,0.385,19.5,2.6,6.0,0.44,0.5,1.8,0.268,1.4,1.7,0.815,0.7,2.3,3.0,0.9,1.1,0.7,0.1,0.3,1.5,1.7,7.1,-3.6,13.1,0,0,13.0,14.1,82,89,42,149,93,90,93,108,139,127,169,85,91,96,93,81,85,158,104,93,190,101,155,91,96,196,111,65,5,111,116,1,2026-10-06T17:14:01.291314+00:00,leaguedashplayerstats,2026
1642781,Georgia Amoore,Georgia,1611661322,WAS,25.0,44,28,16,0.636,23.0,2.3,6.1,0.372,1.5,4.4,0.352,0.9,1.1,0.851,0.3,1.1,1.4,3.4,2.0,0.3,0.1,0.1,2.4,1.1,7.0,1.0,13.0,0,0,14.2,16.5,1,27,74,80,72,110,91,181,31,27,84,124,132,73,182,162,178,29,35,170,163,190,58,133,97,71,112,65,5,100,99,1,2026-10-06T17:14:01.291314+00:00,leaguedashplayerstats,2026
1643429,Gianna Kneepkens,Gianna,1611661323,CON,23.0,36,8,28,0.222,10.2,1.2,3.2,0.379,0.4,1.6,0.22,0.7,0.7,0.962,0.5,0.9,1.4,0.6,0.3,0.2,0.1,0.1,1.4,0.5,3.5,-2.8,6.6,0,0,6.4,6.9,104,145,17,211,180,176,166,176,157,134,186,143,167,20,139,186,174,191,211,187,179,179,157,193,169,170,188,65,5,185,193,1,2026-10-06T17:14:01.291314+00:00,leaguedashplayerstats,2026
1643453,Grace VanSlooten,Grace,1611661325,IND,22.0,19,12,7,0.632,4.9,0.6,0.7,0.786,0.1,0.2,0.667,0.5,0.8,0.667,0.1,0.5,0.6,0.2,0.2,0.2,0.2,0.1,0.4,0.6,1.8,-1.5,3.9,0,0,3.6,4.1,158,111,171,90,228,215,234,4,192,215,4,170,160,184,214,216,222,224,220,192,129,203,228,178,214,129,221,65,5,220,222,2,2026-10-06T17:14:01.291314+00:00,leaguedashplayerstats,2026
1642817,Hailey Van Lith,Hailey,1611661323,CON,25.0,22,4,18,0.182,15.9,2.2,5.1,0.425,0.5,1.7,0.324,0.5,0.6,0.857,0.3,1.4,1.6,2.1,1.2,0.7,0.2,0.4,1.3,1.0,5.5,-4.8,12.2,0,0,11.6,14.1,149,192,66,221,121,115,108,128,127,131,117,167,175,61,182,138,162,62,95,86,135,93,177,136,125,217,122,65,5,127,117,1,2026-10-06T17:14:01.291314+00:00,leaguedashplayerstats,2026
1641650,Haley Jones,Haley,1611661321,DAL,25.0,10,5,5,0.5,7.8,1.3,2.3,0.565,0.0,0.3,0.0,0.6,0.8,0.75,0.5,1.2,1.7,0.9,0.7,0.3,0.0,0.0,1.0,0.9,3.2,-2.0,6.8,0,0,6.4,7.6,190,179,183,120,202,165,197,20,210,203,210,158,155,137,128,151,156,157,163,173,202,208,195,149,179,147,185,65,5,187,183,2,2026-10-06T17:14:01.291314+00:00,leaguedashplayerstats,2026
1629566,Han Xu,an Xu,1611661313,NYL,26.0,44,26,18,0.591,13.7,2.4,4.8,0.5,0.8,2.1,0.391,0.7,0.8,0.861,0.8,1.7,2.5,0.7,0.5,0.3,0.6,0.1,0.9,0.7,6.3,2.3,12.7,0,0,12.2,13.0,1,42,66,109,151,102,118,49,96,112,47,141,154,58,86,122,108,173,203,174,46,190,207,173,110,55,118,65,5,121,126,1,2026-10-06T17:14:01.291314+00:00,leaguedashplayerstats,2026
1641683,Holly Winterburn,Holly,1611661327,PDX,26.0,29,11,18,0.379,11.2,1.4,3.7,0.393,0.3,1.8,0.189,0.8,0.8,0.917,0.3,1.0,1.4,1.8,1.1,0.6,0.0,0.2,1.1,0.9,4.0,-3.5,9.0,0,0,8.7,10.7,134,119,66,153,172,155,150,167,160,126,194,136,153,26,163,168,176,88,110,121,196,159,189,150,156,191,161,65,5,161,149,1,2026-10-06T17:14:01.291314+00:00,leaguedashplayerstats,2026
1643469,Indya Nivar,Indya,1611661330,ATL,22.0,23,13,10,0.565,3.0,0.4,0.9,0.429,0.1,0.2,0.75,0.0,0.6,0.077,0.2,0.6,0.8,0.3,0.2,0.2,0.1,0.0,0.7,0.4,1.0,0.8,3.2,0,0,2.8,3.3,148,104,154,113,235,226,231,121,188,214,3,223,187,223,205,211,215,215,224,189,177,208,223,202,230,80,226,65,5,228,228,1,2026-10-06T17:14:01.291314+00:00,leaguedashplayerstats,2026
204330,Isabelle Harrison,Isabelle,1611661332,TOR,33.0,32,6,26,0.188,23.7,4.6,10.8,0.425,0.7,2.5,0.278,2.9,3.9,0.73,1.9,5.1,6.9,1.5,1.8,0.8,0.7,0.9,2.5,3.3,12.8,-5.2,26.1,7,0,24.9,27.2,117,170,34,220,68,45,35,127,111,95,160,34,24,152,16,17,16,105,49,64,37,13,48,32,45,222,42,16,5,43,47,1,2026-10-06T17:14:01.291314+00:00,leaguedashplayerstats,2026
1642302,Isobel Borlase,Isobel,1611661330,ATL,22.0,44,30,14,0.682,13.0,1.8,4.1,0.433,0.5,1.5,0.324,0.8,0.9,0.895,0.3,1.2,1.5,1.0,0.8,0.3,0.1,0.3,1.2,0.8,4.8,0.5,8.6,0,0,8.6,9.6,1,16,98,58,157,132,137,115,134,142,121,134,149,34,182,150,169,146,151,170,175,100,182,164,140,86,165,65,5,163,164,1,2026-10-06T17:14:01.291314+00:00,leaguedashplayerstats,2026
1642808,JJ Quinerly,JJ,1611661321,DAL,23.0,2,1,1,0.5,6.2,0.5,1.5,0.333,0.0,0.5,0.0,0.0,0.0,0.0,0.0,0.5,0.5,1.0,0.0,0.0,0.5,0.0,0.0,0.5,1.0,-2.0,4.6,0,0,3.5,5.0,230,219,218,120,215,216,213,207,210,194,210,224,227,224,222,218,224,147,231,219,54,208,232,195,228,147,212,65,5,221,214,1,2026-10-06T17:14:01.291314+00:00,leaguedashplayerstats,2026
1629498,Jackie Young,Jackie,1611661319,LVA,29.0,43,31,12,0.721,32.3,6.8,14.0,0.488,2.3,6.1,0.383,3.0,3.2,0.928,0.7,3.7,4.4,6.8,2.4,0.9,0.3,0.2,2.1,2.8,18.9,8.2,35.4,7,1,34.7,40.4,24,9,121,41,10,10,13,63,8,9,60,30,44,24,90,34,46,4,15,60,106,146,90,51,11,3,12,16,3,8,8,1,2026-10-06T17:14:01.291314+00:00,leaguedashplayerstats,2026
1642292,Jacy Sheldon,Jacy,1611661329,CHI,26.0,44,16,28,0.364,20.6,2.3,5.5,0.425,0.8,2.7,0.3,1.0,1.1,0.857,0.4,1.0,1.4,1.8,1.0,0.8,0.3,0.3,2.4,1.2,6.4,-0.7,12.9,0,0,12.5,14.5,1,79,17,160,84,109,101,126,96,83,138,118,128,61,153,170,175,89,112,68,110,120,60,119,105,107,115,65,5,113,113,1,2026-10-06T17:14:01.291314+00:00,leaguedashplayerstats,2026
1631141,Jade Melbourne,Jade,1611661328,SEA,24.0,42,8,34,0.19,24.5,3.0,6.9,0.433,0.8,2.5,0.308,2.3,3.0,0.776,0.4,1.8,2.1,3.7,1.8,0.9,0.2,0.3,2.9,2.9,9.1,-4.5,18.9,0,0,18.0,22.1,44,145,3,219,61,77,78,116,101,91,131,50,50,124,155,115,127,24,52,56,126,111,25,45,71,212,73,65,5,74,66,1,2026-10-06T17:14:01.291314+00:00,leaguedashplayerstats,2026
1642767,Janelle Salaun,Janelle,1611661331,GSV,25.0,40,28,12,0.7,22.0,4.1,9.7,0.425,2.3,5.9,0.392,2.2,2.7,0.796,1.1,2.9,4.0,1.2,0.8,0.6,0.1,0.2,2.1,2.7,12.7,4.0,20.5,0,0,21.6,21.1,68,27,121,49,81,54,47,125,9,11,44,57,57,111,52,58,51,127,139,116,166,150,86,53,46,28,65,65,5,59,69,1,2026-10-06T17:14:01.291314+00:00,leaguedashplayerstats,2026
1642320,Jaylyn Sherrod,Jaylyn,1611661328,SEA,24.0,13,7,6,0.538,7.6,0.6,2.5,0.25,0.2,0.5,0.286,0.5,0.5,1.0,0.2,0.8,0.9,1.1,0.5,0.8,0.2,0.4,1.1,0.4,1.9,-3.7,6.9,0,0,5.9,7.8,181,162,179,117,204,212,190,225,184,191,150,168,191,1,207,195,210,136,188,79,145,85,191,207,210,197,181,65,5,197,181,2,2026-10-06T17:14:01.291314+00:00,leaguedashplayerstats,2026
1629491,Jessica Shepard,Jessica,1611661321,DAL,30.0,42,26,16,0.619,31.7,5.9,10.3,0.575,0.0,0.3,0.091,2.6,3.9,0.677,2.8,8.3,11.1,5.3,1.9,0.7,0.1,0.8,2.1,3.8,14.5,3.7,36.2,25,6,32.5,38.6,44,42,74,97,13,21,39,18,207,207,208,38,25,180,5,1,2,14,41,89,183,23,89,24,34,32,9,2,1,17,10,1,2026-10-06T17:14:01.291314+00:00,leaguedashplayerstats,2026
204319,Jewell Loyd,Jewell,1611661319,LVA,33.0,42,29,13,0.69,25.9,2.6,7.2,0.365,1.7,5.2,0.336,1.0,1.3,0.796,0.5,1.8,2.3,1.4,0.9,1.0,0.1,0.0,2.2,1.7,8.0,3.4,15.4,0,0,15.8,16.5,44,26,107,55,54,88,75,188,21,19,100,107,111,111,143,106,119,115,129,37,161,206,79,88,87,38,95,65,5,91,98,1,2026-10-06T17:14:01.291314+00:00,leaguedashplayerstats,2026
1630148,Jihyun Park,Jihyun,1611661320,LAS,26.0,36,12,24,0.333,9.2,0.8,2.0,0.408,0.3,1.0,0.257,0.4,0.6,0.565,0.3,0.7,1.0,0.6,0.3,0.4,0.0,0.1,1.1,0.6,2.2,-0.9,5.3,0,0,4.9,5.7,104,111,42,175,193,202,204,146,171,171,173,193,174,205,174,199,201,191,215,147,198,202,187,181,200,112,206,65,5,205,205,1,2026-10-06T17:14:01.291314+00:00,leaguedashplayerstats,2026
1627673,Jonquel Jones,Jonquel,1611661313,NYL,32.0,43,25,18,0.581,28.2,5.0,10.0,0.495,1.8,4.6,0.392,2.8,3.5,0.812,2.0,7.1,9.1,2.6,2.1,0.6,1.1,0.6,2.9,3.5,14.5,1.5,32.2,19,0,31.4,33.8,24,50,66,111,40,38,43,55,19,25,46,36,37,102,11,6,6,49,29,114,16,54,24,26,33,68,19,6,5,19,24,1,2026-10-06T17:14:01.291314+00:00,leaguedashplayerstats,2026
1643527,Jordan Harrison,Jordan,1611661327,PDX,22.0,16,5,11,0.313,14.1,1.7,4.0,0.422,0.4,1.4,0.261,1.3,1.8,0.75,0.5,1.3,1.8,4.2,2.0,0.7,0.1,0.6,2.2,2.3,5.1,-2.0,13.9,0,0,13.0,17.6,171,179,140,188,146,136,138,132,152,143,170,88,87,137,128,145,147,23,35,95,158,53,77,66,135,147,105,65,5,109,91,1,2026-10-06T17:14:01.291314+00:00,leaguedashplayerstats,2026
1641651,Jordan Horston,Jordan,1611661328,SEA,25.0,37,6,31,0.162,17.5,1.7,4.8,0.362,0.4,1.6,0.213,0.7,1.0,0.676,0.9,2.6,3.5,1.3,1.2,1.0,0.5,0.2,1.8,0.8,4.5,-3.2,13.9,1,0,12.6,15.0,99,170,10,228,105,134,117,194,159,133,188,146,134,181,65,70,63,122,91,41,58,135,123,163,144,187,107,43,5,112,110,1,2026-10-06T17:14:01.291314+00:00,leaguedashplayerstats,2026
1628886,Jordin Canada,Jordin,1611661330,ATL,31.0,43,30,13,0.698,31.1,3.8,8.8,0.431,0.9,3.2,0.292,3.1,4.0,0.782,0.7,2.8,3.5,7.3,2.4,1.9,0.3,0.3,2.6,3.9,11.6,7.2,30.8,7,0,27.7,36.2,24,16,107,50,15,60,53,120,81,65,146,23,23,120,101,61,64,3,15,2,106,108,42,22,52,7,24,16,5,32,17,1,2026-10-06T17:14:01.291314+00:00,leaguedashplayerstats,2026
1643505,Jovana Nogic,Jovana,1611661317,PHX,28.0,16,4,12,0.25,20.2,3.1,7.4,0.42,2.0,4.8,0.421,2.1,2.4,0.895,0.4,0.6,1.1,1.6,1.4,0.6,0.0,0.4,2.3,1.9,10.4,0.5,14.5,0,0,16.3,16.6,171,192,121,205,89,74,72,136,12,22,25,58,68,34,145,209,198,98,78,106,202,89,72,76,62,84,102,65,5,86,97,1,2026-10-06T17:14:01.291314+00:00,leaguedashplayerstats,2026
1630115,Joyner Holmes,Joyner,1611661328,SEA,28.0,1,1,0,1.0,14.7,1.0,4.0,0.25,0.0,1.0,0.0,0.0,0.0,0.0,1.0,4.0,5.0,1.0,2.0,0.0,3.0,1.0,1.0,0.0,2.0,-2.0,16.5,0,0,14.0,18.0,236,219,233,1,141,187,138,225,210,167,210,224,227,224,54,27,29,147,35,219,1,9,195,232,204,147,87,65,5,101,86,1,2026-10-06T17:14:01.291314+00:00,leaguedashplayerstats,2026
1627700,Julie Allemand,Julie,1611661332,TOR,30.0,33,8,25,0.242,28.3,2.3,4.3,0.532,1.2,2.8,0.419,0.3,0.4,0.714,0.3,2.9,3.2,5.5,1.7,1.3,0.4,0.1,1.8,0.8,6.0,-4.8,21.4,3,0,19.2,25.2,114,145,36,208,39,110,134,28,58,78,26,199,207,161,182,60,77,10,57,21,80,201,112,161,115,218,63,27,5,67,54,1,2026-10-06T17:14:01.291314+00:00,leaguedashplayerstats,2026
1642210,Julie Vanloo,Julie,1611661313,NYL,33.0,5,3,2,0.6,16.2,1.8,3.4,0.529,1.4,2.8,0.5,0.8,0.8,1.0,0.2,1.8,2.0,5.4,2.4,0.4,0.0,0.0,2.2,0.8,5.8,6.4,15.1,1,0,15.4,19.8,208,198,206,103,117,128,160,29,40,79,10,131,155,1,201,110,135,12,18,151,202,208,75,159,119,11,98,43,5,93,79,1,2026-10-06T17:14:01.291314+00:00,leaguedashplayerstats,2026
1642794,Juste Jocyte,Juste,1611661331,GSV,20.0,16,13,3,0.813,8.1,1.1,2.9,0.37,0.7,1.6,0.423,0.3,0.4,0.833,0.3,0.5,0.8,1.1,0.7,0.2,0.1,0.1,0.8,0.4,3.1,0.5,5.7,0,0,6.1,6.8,171,104,200,9,200,184,177,185,111,136,23,198,210,82,189,218,217,140,165,199,185,182,219,208,183,84,200,65,5,194,195,1,2026-10-06T17:14:01.291314+00:00,leaguedashplayerstats,2026
1643495,Justine Pissott,Justine,1611661319,LVA,22.0,10,8,2,0.8,8.7,1.3,3.6,0.361,1.0,2.7,0.37,0.2,0.2,1.0,0.0,1.0,1.0,0.4,0.3,0.2,0.3,0.0,1.3,0.3,3.8,-3.9,6.8,0,0,7.2,7.1,190,145,206,10,198,165,155,195,69,84,68,211,219,1,222,170,202,211,214,195,99,208,173,219,161,201,183,65,5,176,188,1,2026-10-06T17:14:01.291314+00:00,leaguedashplayerstats,2026
1627674,Kahleah Copper,Kahleah,1611661317,PHX,32.0,40,13,27,0.325,32.9,7.2,16.1,0.449,1.7,5.7,0.298,5.3,6.8,0.789,0.5,3.2,3.7,1.9,2.4,0.8,0.1,1.3,2.7,5.7,21.5,-2.9,29.1,1,0,30.6,31.7,68,104,24,184,5,5,3,100,25,12,142,5,3,114,124,47,59,81,21,67,166,3,37,5,5,175,30,43,5,21,33,1,2026-10-06T17:14:01.291314+00:00,leaguedashplayerstats,2026
1630097,Kaila Charles,Kaila,1611661331,GSV,28.0,44,32,12,0.727,20.2,2.4,5.8,0.406,0.6,2.2,0.276,1.0,1.3,0.768,1.6,3.1,4.7,1.4,1.0,0.8,0.3,0.5,2.4,1.3,6.3,4.7,16.2,2,0,15.1,16.9,1,5,121,37,88,103,94,150,120,105,164,117,114,129,24,53,36,112,123,74,110,73,64,110,108,22,90,34,5,95,95,1,2026-10-06T17:14:01.291314+00:00,leaguedashplayerstats,2026
1642822,Kaitlyn Chen,Kaitlyn,1611661331,GSV,24.0,44,32,12,0.727,15.3,2.9,5.5,0.527,0.7,1.6,0.417,0.7,1.0,0.721,0.3,0.8,1.1,1.9,1.2,0.3,0.0,0.3,1.2,1.0,7.2,2.5,11.2,0,0,11.5,13.1,1,5,121,37,130,83,99,33,113,135,29,141,142,157,177,189,193,78,100,174,201,131,181,135,95,50,133,65,5,128,125,1,2026-10-06T17:14:01.291314+00:00,leaguedashplayerstats,2026
1629480,Kalani Brown,Kalani,1611661319,LVA,29.0,3,3,0,1.0,5.9,2.3,3.0,0.778,0.0,0.0,0.0,1.3,1.7,0.8,1.0,0.7,1.7,0.3,0.7,0.3,0.7,0.7,1.0,1.7,6.0,6.3,10.8,0,0,10.0,11.3,221,198,233,1,217,107,172,5,210,221,210,86,91,107,54,202,158,216,168,161,38,35,195,91,116,12,137,65,5,144,141,1,2026-10-06T17:14:01.291314+00:00,leaguedashplayerstats,2026
1630154,Kamiah Smalls,Kamiah,1611661327,PDX,28.0,2,1,1,0.5,15.1,2.5,5.0,0.5,2.0,3.5,0.571,0.5,0.5,1.0,0.0,0.0,0.0,3.0,2.0,0.0,0.0,0.0,1.0,0.0,7.5,-9.5,10.0,0,0,12.5,13.5,230,219,218,120,133,96,110,49,12,50,6,172,193,1,222,234,234,39,35,219,202,208,195,232,92,239,145,65,5,113,121,1,2026-10-06T17:14:01.291314+00:00,leaguedashplayerstats,2026
1642289,Kamilla Cardoso,Kamilla,1611661329,CHI,25.0,43,15,28,0.349,26.5,5.7,10.3,0.551,0.0,0.0,0.0,3.4,4.6,0.74,2.8,5.8,8.6,2.5,1.8,0.6,1.5,1.3,3.6,4.2,14.7,-2.8,33.2,16,0,29.9,34.4,24,89,17,170,49,26,40,24,210,221,210,18,19,146,4,12,9,54,51,108,8,2,4,16,28,173,17,8,5,25,22,1,2026-10-06T17:14:01.291314+00:00,leaguedashplayerstats,2026
1643454,Kara Dunn,Kara,1611661317,PHX,22.0,4,3,1,0.75,14.9,2.0,4.8,0.421,2.0,3.5,0.571,0.5,0.5,1.0,1.0,0.5,1.5,0.5,0.3,0.3,0.0,0.8,1.5,0.3,6.5,-0.8,9.6,0,0,11.0,9.8,213,198,218,22,136,121,121,134,12,50,6,172,193,1,54,218,165,197,218,181,202,25,154,224,102,108,151,65,5,130,163,1,2026-10-06T17:14:01.291314+00:00,leaguedashplayerstats,2026
1628317,Karlie Samuelson,Karlie,1611661327,PDX,31.0,32,12,20,0.375,16.0,1.4,3.8,0.358,1.0,3.2,0.304,1.0,1.2,0.892,0.5,1.0,1.5,0.9,0.4,0.6,0.1,0.0,1.8,1.6,4.8,-2.8,9.5,0,0,9.4,10.0,117,111,60,154,120,160,147,198,78,64,136,105,123,38,128,169,164,162,206,120,172,207,121,99,141,172,154,65,5,152,159,1,2026-10-06T17:14:01.291314+00:00,leaguedashplayerstats,2026
1642324,Kate Martin,Kate,1611661329,CHI,26.0,19,7,12,0.368,7.7,0.9,2.2,0.415,0.5,1.6,0.333,0.3,0.4,0.625,0.3,0.7,1.0,0.4,0.2,0.3,0.2,0.1,1.2,0.4,2.6,-1.3,5.5,0,0,5.4,5.7,158,162,121,158,203,196,200,140,130,140,101,205,208,196,187,198,202,210,220,180,144,203,183,209,196,124,203,65,5,202,206,2,2026-10-06T17:14:01.291314+00:00,leaguedashplayerstats,2026
1629478,Katie Lou Samuelson,Katie Lou,1611661328,SEA,29.0,32,5,27,0.156,15.4,1.5,3.6,0.405,0.8,2.5,0.321,0.7,0.9,0.786,0.4,1.7,2.1,0.8,0.5,0.8,0.1,0.2,0.9,1.1,4.4,-4.4,10.4,0,0,10.0,10.9,117,179,24,230,126,150,154,154,98,92,124,145,146,117,157,118,130,167,202,72,172,155,206,130,147,210,141,65,5,145,148,1,2026-10-06T17:14:01.291314+00:00,leaguedashplayerstats,2026
203405,Kayla Alexander,Kayla,1611661332,TOR,35.0,4,0,4,0.0,10.1,0.8,1.8,0.429,0.0,0.0,0.0,0.8,1.0,0.75,1.0,1.8,2.8,0.5,1.0,0.3,0.3,0.0,1.0,1.3,2.3,-8.3,6.8,0,0,6.5,7.5,213,235,190,235,182,207,210,121,210,221,210,137,134,137,54,116,95,197,112,181,110,208,195,115,199,238,183,65,5,182,185,1,2026-10-06T17:14:01.291314+00:00,leaguedashplayerstats,2026
203825,Kayla McBride,Kayla,1611661324,MIN,34.0,44,33,11,0.75,32.0,5.8,12.6,0.457,2.9,7.0,0.412,3.3,3.5,0.923,0.6,2.4,3.0,2.2,1.3,1.6,0.2,0.2,1.9,2.9,17.6,6.4,28.8,0,0,29.4,30.6,1,1,140,22,12,25,22,91,4,5,30,20,35,25,117,75,82,60,90,6,125,144,107,43,15,10,32,65,5,27,39,1,2026-10-06T17:14:01.291314+00:00,leaguedashplayerstats,2026
203866,Kayla Thornton,Kayla,1611661331,GSV,33.0,44,32,12,0.727,24.3,2.5,6.9,0.361,1.5,4.3,0.347,1.3,1.4,0.903,1.3,3.2,4.5,0.7,0.7,0.7,0.3,0.5,2.0,1.3,7.7,5.3,16.2,1,0,16.2,16.3,1,5,121,37,64,98,80,196,35,29,91,91,102,29,36,45,42,174,171,98,110,64,96,115,89,20,89,43,5,87,101,1,2026-10-06T17:14:01.291314+00:00,leaguedashplayerstats,2026
1628909,Kelsey Mitchell,Kelsey,1611661325,IND,30.0,44,28,16,0.636,32.5,8.7,17.0,0.509,3.1,6.8,0.45,4.3,5.0,0.851,0.5,1.2,1.7,2.8,1.6,1.0,0.1,0.8,2.4,4.3,24.7,5.6,32.7,0,0,34.5,35.4,1,27,74,80,9,2,2,46,3,6,19,13,13,71,119,159,154,44,62,39,163,22,58,13,2,19,18,65,5,9,18,1,2026-10-06T17:14:01.291314+00:00,leaguedashplayerstats,2026
1628276,Kelsey Plum,Kelsey,1611661317,PHX,32.0,17,8,9,0.471,30.5,7.4,14.3,0.519,2.4,6.2,0.377,4.4,5.4,0.813,0.2,1.9,2.1,5.4,2.8,1.0,0.0,0.6,3.3,4.8,21.5,-1.8,32.2,1,0,33.3,37.3,168,145,159,132,21,4,11,39,7,8,65,12,11,101,204,102,133,13,7,41,202,47,8,9,4,141,20,43,5,15,13,2,2026-10-06T17:14:01.291314+00:00,leaguedashplayerstats,2026
1629568,Kennedy Burke,Kennedy,1611661323,CON,29.0,37,10,27,0.27,23.8,3.0,7.5,0.401,1.2,3.7,0.324,1.5,2.2,0.713,1.0,2.2,3.2,1.4,1.5,1.2,0.8,0.5,1.5,1.5,8.8,-2.9,19.5,0,0,18.7,21.0,99,129,24,199,67,75,70,160,57,45,121,80,76,164,53,87,75,107,75,25,26,69,156,100,78,176,71,65,5,69,71,1,2026-10-06T17:14:01.291314+00:00,leaguedashplayerstats,2026
1628915,Kia Nurse,Kia,1611661332,TOR,30.0,43,11,32,0.256,14.3,1.6,4.8,0.333,1.1,3.5,0.327,1.2,1.3,0.893,0.2,0.9,1.2,1.0,0.5,0.4,0.0,0.2,1.3,1.3,5.5,-4.7,9.1,0,0,9.6,9.9,24,119,8,203,145,143,115,207,61,53,113,97,110,36,194,184,189,142,192,159,202,156,172,108,124,216,159,65,5,148,160,1,2026-10-06T17:14:01.291314+00:00,leaguedashplayerstats,2026
204329,Kiah Stokes,Kiah,1611661331,GSV,33.0,43,31,12,0.721,22.3,1.5,3.4,0.434,0.5,1.6,0.29,0.2,0.4,0.421,1.2,4.5,5.8,1.3,0.5,0.6,1.7,0.2,2.3,0.8,3.6,2.5,18.8,0,0,15.7,18.8,24,9,121,41,78,152,161,114,141,138,148,216,203,218,42,19,25,120,189,114,7,141,69,158,168,49,74,65,5,92,84,1,2026-10-06T17:14:01.291314+00:00,leaguedashplayerstats,2026
1630461,Kiana Williams,Kiana,1611661332,TOR,27.0,24,5,19,0.208,12.9,1.5,4.2,0.35,0.8,2.8,0.284,0.4,0.5,0.75,0.0,0.4,0.4,1.2,0.8,0.4,0.0,0.2,1.1,0.3,4.1,-2.8,6.8,0,0,7.3,8.2,145,179,62,215,158,153,136,202,99,80,155,190,193,137,221,225,227,125,135,157,195,148,190,211,153,174,182,65,5,174,174,3,2026-10-06T17:14:01.291314+00:00,leaguedashplayerstats,2026
1631006,Kierstan Bell,Kierstan,1611661319,LVA,26.0,28,21,7,0.75,9.6,0.7,2.5,0.275,0.4,1.8,0.24,0.1,0.1,0.75,0.4,1.1,1.4,0.6,0.5,0.2,0.4,0.1,1.0,0.1,1.9,-1.2,5.7,0,0,5.5,6.2,138,69,171,22,188,209,189,220,144,129,181,219,225,137,161,165,172,189,193,190,82,196,195,229,211,121,201,65,5,201,202,1,2026-10-06T17:14:01.291314+00:00,leaguedashplayerstats,2026
1642792,Kiki Iriafen,Kiki,1611661322,WAS,23.0,41,26,15,0.634,28.1,6.0,11.6,0.513,0.4,1.1,0.333,3.0,4.6,0.651,3.1,6.5,9.6,1.5,1.8,0.7,0.4,1.1,3.3,4.1,15.3,1.9,30.6,23,0,29.0,31.2,60,42,88,86,42,20,30,44,155,163,101,28,18,190,3,8,3,102,54,99,67,7,9,17,25,63,27,3,5,28,35,1,2026-10-06T17:14:01.291314+00:00,leaguedashplayerstats,2026
1643445,Kiki Rice,Kiki,1611661332,TOR,22.0,28,6,22,0.214,27.1,4.6,9.7,0.472,0.9,2.6,0.351,3.3,3.8,0.869,1.3,2.4,3.7,3.5,1.8,0.8,0.2,0.7,2.9,3.0,13.4,-5.2,24.2,0,0,23.5,27.0,138,170,55,212,45,47,48,74,82,87,87,19,26,52,38,76,58,28,48,76,126,29,22,41,41,223,52,65,5,49,48,1,2026-10-06T17:14:01.291314+00:00,leaguedashplayerstats,2026
1629490,Kitija Laksa,Kitija,1611661321,DAL,30.0,4,3,1,0.75,9.9,1.3,5.0,0.25,0.5,3.0,0.167,0.0,0.0,0.0,0.8,1.0,1.8,0.0,1.0,0.0,0.3,0.3,2.0,0.5,3.0,-3.5,4.9,0,0,5.8,5.5,213,198,218,22,184,174,110,225,134,71,199,224,227,224,88,170,147,233,112,219,110,131,97,195,186,192,211,65,5,200,208,1,2026-10-06T17:14:01.291314+00:00,leaguedashplayerstats,2026
1642768,Kyara Linskens,Kyara,1611661317,PHX,29.0,19,6,13,0.316,10.6,1.0,3.1,0.328,0.4,1.4,0.269,0.6,0.9,0.706,0.7,1.7,2.4,0.6,0.6,0.5,0.7,0.0,1.6,0.6,3.0,-2.9,10.0,0,0,8.9,10.4,158,170,107,186,175,187,171,215,153,147,167,155,145,166,97,120,113,182,184,124,34,208,145,178,186,177,145,65,5,158,155,1,2026-10-06T17:14:01.291314+00:00,leaguedashplayerstats,2026
1641656,Laeticia Amihere,Laeticia,1611661331,GSV,25.0,39,30,9,0.769,11.7,1.4,2.9,0.491,0.2,0.4,0.412,0.8,1.5,0.579,1.2,1.8,3.0,1.0,0.8,0.5,0.8,0.4,1.5,1.6,3.9,2.3,11.9,0,0,10.5,12.5,82,16,159,17,167,156,175,58,181,196,30,127,99,203,43,111,82,152,149,141,29,77,149,97,160,54,124,65,5,135,129,1,2026-10-06T17:14:01.291314+00:00,leaguedashplayerstats,2026
1643420,Laura Juskaite,Laura,1611661332,TOR,29.0,44,11,33,0.25,25.4,3.9,8.3,0.469,1.0,3.1,0.319,2.4,3.0,0.817,1.1,3.1,4.2,1.8,2.1,1.4,0.3,0.5,3.3,2.8,11.3,-4.5,21.7,1,0,21.5,23.8,1,119,4,205,55,57,58,75,69,67,126,46,49,95,51,51,48,89,32,18,110,70,7,48,54,213,61,43,5,60,61,1,2026-10-06T17:14:01.291314+00:00,leaguedashplayerstats,2026
1643461,Laura Ziegler,Laura,1611661320,LAS,24.0,3,1,2,0.333,9.8,1.0,2.7,0.375,0.0,1.0,0.0,0.7,1.0,0.667,0.3,1.0,1.3,1.0,0.0,0.3,0.3,0.0,1.7,1.3,2.7,-1.7,7.8,0,0,6.3,8.0,221,219,206,175,185,187,183,179,210,167,210,147,134,184,165,170,180,147,231,161,84,208,133,111,192,137,173,65,5,190,175,1,2026-10-06T17:14:01.291314+00:00,leaguedashplayerstats,2026
1643427,Lauren Betts,Lauren,1611661322,WAS,22.0,44,28,16,0.636,17.7,2.5,4.8,0.524,0.0,0.0,0.0,1.4,2.0,0.693,1.3,3.3,4.6,1.2,0.9,0.6,0.8,0.4,1.4,1.8,6.4,0.9,17.0,0,0,15.0,17.6,1,27,74,80,104,94,114,35,210,221,210,83,79,171,36,44,39,129,126,118,24,93,163,84,104,77,84,65,5,96,92,1,2026-10-06T17:14:01.291314+00:00,leaguedashplayerstats,2026
1642303,Leila Lacan,Leila,1611661323,CON,22.0,30,9,21,0.3,28.0,4.3,10.3,0.422,1.1,3.4,0.324,1.6,2.2,0.731,0.5,1.4,1.9,4.4,2.3,1.6,0.3,0.3,2.8,2.8,11.4,-4.9,23.8,0,0,22.7,27.9,126,136,58,190,43,50,38,131,66,59,121,74,72,151,128,137,141,20,23,8,84,114,31,49,53,219,53,65,5,53,44,1,2026-10-06T17:14:01.291314+00:00,leaguedashplayerstats,2026
1630142,Leonie Fiebich,Leonie,1611661313,NYL,26.0,21,14,7,0.667,28.7,2.9,6.6,0.432,1.7,4.0,0.412,1.4,1.6,0.853,1.2,1.8,3.0,2.1,1.8,1.1,0.1,0.3,2.4,2.4,8.8,4.5,17.5,0,0,18.0,19.7,151,99,171,60,34,84,84,119,26,35,30,84,95,68,41,108,80,64,52,30,170,101,61,59,79,25,81,65,5,73,81,1,2026-10-06T17:14:01.291314+00:00,leaguedashplayerstats,2026
1631118,Lexi Held,Lexi,1611661317,PHX,26.0,42,18,24,0.429,15.3,1.8,4.7,0.387,0.9,2.4,0.37,0.8,0.9,0.872,0.4,0.7,1.1,1.4,0.9,0.5,0.1,0.4,1.4,1.5,5.4,-0.9,9.9,0,0,10.0,11.2,44,75,42,136,127,127,123,171,86,98,69,130,144,48,161,197,194,108,129,131,150,96,168,104,128,115,149,65,5,143,143,2,2026-10-06T17:14:01.291314+00:00,leaguedashplayerstats,2026
1628882,Lexie Brown,Lexie,1611661328,SEA,31.0,10,3,7,0.3,14.8,1.2,2.6,0.462,0.9,2.0,0.45,0.5,0.6,0.833,0.1,1.2,1.3,1.1,1.0,0.5,0.1,0.1,1.3,1.0,3.8,-4.0,7.8,0,0,8.3,9.1,190,198,171,190,139,178,186,81,85,115,19,172,180,82,216,151,181,133,112,131,166,188,173,136,161,203,171,65,5,166,168,1,2026-10-06T17:14:01.291314+00:00,leaguedashplayerstats,2026
1631086,Lexie Hull,Lexie,1611661325,IND,27.0,44,28,16,0.636,18.6,1.9,4.4,0.428,0.8,2.3,0.337,0.7,0.8,0.829,0.9,2.1,3.0,0.7,0.8,0.6,0.2,0.2,2.6,1.1,5.2,3.8,11.4,0,0,11.2,11.9,1,27,74,80,99,126,130,123,104,100,99,150,159,87,73,91,82,174,151,112,135,149,43,133,130,30,129,65,5,129,133,1,2026-10-06T17:14:01.291314+00:00,leaguedashplayerstats,2026
1629574,Li Yueru,Li,1611661321,DAL,27.0,33,21,12,0.636,10.3,0.9,2.5,0.383,0.2,1.1,0.229,1.2,1.6,0.755,0.9,1.9,2.8,0.5,0.6,0.1,0.3,0.3,1.4,2.0,3.3,1.4,8.1,1,0,7.8,8.4,114,69,121,80,177,195,191,173,174,164,184,94,97,136,70,100,91,206,174,212,84,113,160,75,176,69,167,43,5,170,172,1,2026-10-06T17:14:01.291314+00:00,leaguedashplayerstats,2026
1642820,Liatu King,Liatu,1611661324,MIN,24.0,12,8,4,0.667,8.7,1.3,2.6,0.516,0.2,0.8,0.2,0.7,1.3,0.533,0.9,1.4,2.3,0.2,0.4,0.5,0.3,0.2,1.3,0.8,3.5,-1.8,8.6,0,0,7.8,8.7,185,145,190,60,196,162,187,41,183,179,190,147,115,211,68,134,117,230,205,131,84,162,178,164,169,140,164,65,5,169,170,1,2026-10-06T17:14:01.291314+00:00,leaguedashplayerstats,2026
1642802,Lucy Olsen,Lucy,1611661322,WAS,23.0,22,14,8,0.636,6.6,0.9,2.0,0.432,0.4,1.0,0.381,0.4,0.5,0.818,0.0,0.5,0.5,0.8,0.5,0.2,0.0,0.1,0.8,0.6,2.5,0.4,4.5,0,0,4.6,5.3,149,99,166,80,211,198,201,118,156,172,62,189,193,91,220,223,224,166,193,200,194,180,214,184,197,87,213,65,5,211,211,1,2026-10-06T17:14:01.291314+00:00,leaguedashplayerstats,2026
1630143,Luisa Geiselsoder,Luisa,1611661327,PDX,26.0,21,8,13,0.381,16.5,1.6,4.8,0.33,0.8,2.6,0.291,0.6,0.7,0.8,0.5,2.1,2.6,1.3,0.9,0.3,0.4,0.2,2.5,0.9,4.5,-1.2,10.8,0,0,10.6,11.8,151,145,107,152,114,147,119,213,105,88,147,163,168,107,136,89,101,118,127,161,74,153,49,147,145,122,138,65,5,134,134,1,2026-10-06T17:14:01.291314+00:00,leaguedashplayerstats,2026
1642307,Mackenzie Holmes,Mackenzie,1611661328,SEA,25.0,29,5,24,0.172,10.0,1.1,1.9,0.554,0.2,0.4,0.462,0.4,0.6,0.706,1.0,1.9,2.9,0.6,0.4,0.7,0.2,0.1,1.4,0.8,2.8,-2.6,9.4,0,0,8.3,9.6,134,179,42,224,183,183,206,21,180,195,17,188,183,166,54,99,86,187,204,94,131,187,165,155,191,167,155,65,5,167,165,1,2026-10-06T17:14:01.291314+00:00,leaguedashplayerstats,2026
1641652,Maddy Siegrist,Maddy,1611661321,DAL,26.0,41,26,15,0.634,14.9,2.5,5.3,0.477,0.9,2.0,0.422,0.6,0.7,0.833,0.9,1.8,2.7,0.9,0.3,0.4,0.4,0.3,1.7,0.6,6.5,2.5,13.0,0,0,12.5,13.2,60,42,88,86,138,93,105,69,92,114,24,157,166,82,75,109,98,161,213,154,79,129,131,177,101,48,113,65,5,115,124,1,2026-10-06T17:14:01.291314+00:00,leaguedashplayerstats,2026
1642818,Maddy Westbeld,Maddy,1611661317,PHX,24.0,10,3,7,0.3,12.0,0.8,3.1,0.258,0.4,1.4,0.286,0.6,0.6,1.0,0.6,1.2,1.8,0.6,0.8,0.5,0.2,0.3,2.2,0.5,2.6,-2.9,7.0,0,0,6.8,7.7,190,198,171,190,163,203,170,224,148,145,150,158,180,1,111,151,145,184,139,131,132,114,75,195,195,178,179,65,5,178,182,2,2026-10-06T17:14:01.291314+00:00,leaguedashplayerstats,2026
1643431,Madina Okot,Madina,1611661330,ATL,22.0,42,28,14,0.667,9.1,2.2,3.7,0.58,0.0,0.2,0.111,1.0,1.3,0.768,1.2,2.2,3.3,0.3,1.2,0.3,0.3,0.6,1.6,1.2,5.4,-0.3,10.4,1,0,10.2,11.1,44,27,98,60,194,118,149,16,207,211,206,107,107,129,45,88,69,222,93,161,102,51,140,123,127,100,140,43,5,139,144,1,2026-10-06T17:14:01.291314+00:00,leaguedashplayerstats,2026
1642810,Madison Scott,Madison,1611661313,NYL,24.0,2,1,1,0.5,2.8,1.0,1.0,1.0,0.0,0.0,0.0,0.0,0.5,0.0,0.0,0.0,0.0,0.5,0.0,0.0,0.0,0.0,0.0,0.5,2.0,3.5,2.8,0,0,2.5,3.0,230,219,218,120,237,187,227,1,210,221,210,224,193,224,222,234,234,197,231,219,202,208,232,195,204,36,229,65,5,230,229,1,2026-10-06T17:14:01.291314+00:00,leaguedashplayerstats,2026
1642769,Mai Yamamoto,Mai,1611661319,LVA,26.0,14,11,3,0.786,15.2,1.6,4.4,0.371,1.1,3.0,0.381,0.6,0.6,1.0,0.3,0.9,1.1,1.4,0.5,0.8,0.0,0.3,1.3,0.7,5.1,3.0,10.4,0,0,10.4,11.4,177,119,200,13,132,139,128,182,59,71,62,152,173,1,178,188,191,108,193,76,202,122,175,171,134,41,139,65,5,138,139,1,2026-10-06T17:14:01.291314+00:00,leaguedashplayerstats,2026
1642815,Makayla Timpson,Makayla,1611661325,IND,24.0,43,28,15,0.651,19.1,2.3,3.6,0.641,0.0,0.0,0.0,1.0,1.4,0.694,1.5,3.4,4.9,0.5,0.8,0.6,0.8,0.5,2.0,1.2,5.7,3.8,15.6,1,0,13.8,15.7,24,27,88,73,95,108,153,8,210,221,210,109,100,170,27,43,31,196,144,108,27,68,95,124,122,31,91,43,5,104,103,1,2026-10-06T17:14:01.291314+00:00,leaguedashplayerstats,2026
1629576,Maria Conde,Maria,1611661332,TOR,29.0,35,10,25,0.286,26.4,3.0,8.3,0.36,1.5,4.5,0.34,1.1,1.2,0.881,0.9,3.6,4.5,2.5,1.6,0.5,0.2,0.3,1.9,1.5,8.5,-5.5,18.2,1,0,18.5,20.2,107,129,36,195,51,82,61,197,33,26,97,102,121,42,69,36,41,51,66,129,139,122,106,102,81,225,80,43,5,71,77,1,2026-10-06T17:14:01.291314+00:00,leaguedashplayerstats,2026
1630108,Mariella Fasoula,Mariella,1611661332,TOR,29.0,3,0,3,0.0,5.1,0.7,1.7,0.4,0.0,0.0,0.0,0.0,0.0,0.0,0.3,0.7,1.0,0.3,0.7,0.3,0.7,0.3,1.7,0.3,1.3,-0.7,5.4,0,0,4.7,6.0,221,235,200,235,225,210,212,161,210,221,210,224,227,224,165,202,202,216,168,161,38,101,133,211,221,105,205,65,5,209,203,1,2026-10-06T17:14:01.291314+00:00,leaguedashplayerstats,2026
1629497,Marina Mabrey,Marina,1611661332,TOR,30.0,32,10,22,0.313,29.5,6.8,15.4,0.441,3.3,8.5,0.385,3.9,4.5,0.881,0.5,2.8,3.3,3.7,3.1,0.9,0.4,0.5,2.6,4.8,20.8,-5.6,31.1,0,0,33.7,35.3,117,129,55,188,26,11,6,106,1,2,55,15,20,41,122,65,73,26,4,55,76,59,39,10,7,228,21,65,5,12,19,1,2026-10-06T17:14:01.291314+00:00,leaguedashplayerstats,2026
1630469,Marine Fauthoux,Marine,1611661313,NYL,25.0,21,15,6,0.714,12.4,1.3,3.2,0.412,0.6,1.9,0.3,1.1,1.6,0.706,0.3,1.7,2.0,1.9,1.1,0.1,0.0,0.3,0.9,2.0,4.4,1.0,8.9,1,0,9.1,10.6,151,89,179,45,161,162,165,142,124,124,138,98,95,166,178,119,135,80,102,206,202,122,210,70,148,72,163,43,5,154,150,1,2026-10-06T17:14:01.291314+00:00,leaguedashplayerstats,2026
1629546,Marine Johannes,Marine,1611661313,NYL,31.0,41,23,18,0.561,20.1,2.8,6.9,0.406,2.1,5.5,0.379,0.5,0.6,0.846,0.4,1.6,2.0,2.4,1.6,0.8,0.1,0.1,1.6,0.7,8.2,2.4,15.3,0,0,16.5,17.7,60,62,66,114,90,86,79,149,10,13,64,169,176,75,160,126,135,55,67,83,160,171,148,174,85,52,96,65,5,83,89,1,2026-10-06T17:14:01.291314+00:00,leaguedashplayerstats,2026
1643438,Marta Suarez,Marta,1611661317,PHX,24.0,19,8,11,0.421,9.3,1.3,2.8,0.453,0.4,1.1,0.35,0.6,0.8,0.688,0.5,1.0,1.5,0.4,0.7,0.2,0.1,0.2,2.1,0.6,3.5,-2.4,5.9,0,0,6.2,6.5,158,145,140,141,192,172,179,96,153,165,88,162,152,173,138,170,170,212,166,192,187,167,91,185,171,161,195,65,5,192,199,1,2026-10-06T17:14:01.291314+00:00,leaguedashplayerstats,2026
1630471,Maya Caldwell,Maya,1611661324,MIN,27.0,44,33,11,0.75,14.3,1.4,3.9,0.371,0.7,1.9,0.365,0.5,0.6,0.815,0.9,1.5,2.4,1.1,0.7,0.6,0.2,0.2,1.4,0.8,4.1,2.0,10.2,0,0,9.8,11.0,1,1,140,22,144,157,145,183,109,123,74,172,179,97,73,132,114,135,159,103,143,158,159,156,154,61,142,65,5,146,145,1,2026-10-06T17:14:01.291314+00:00,leaguedashplayerstats,2026
1629484,Megan DiLeo,Megan,1611661327,PDX,29.0,41,16,25,0.39,24.3,5.1,9.3,0.55,1.3,3.7,0.347,1.6,2.0,0.815,1.4,2.9,4.3,0.9,0.8,0.4,0.7,0.5,2.6,2.3,13.1,-2.3,22.1,1,0,21.8,22.5,60,79,36,145,65,35,50,25,51,47,93,76,81,97,30,57,47,156,145,144,43,58,45,62,44,156,60,43,5,56,65,1,2026-10-06T17:14:01.291314+00:00,leaguedashplayerstats,2026
1628920,Mercedes Russell,Mercedes,1611661325,IND,31.0,7,5,2,0.714,9.7,0.3,1.1,0.25,0.0,0.0,0.0,1.0,1.4,0.7,0.1,1.0,1.1,0.6,0.1,0.6,0.0,0.1,1.6,1.0,1.6,2.1,5.4,0,0,4.4,5.6,200,179,206,45,187,228,225,225,210,221,210,109,101,169,209,170,191,189,227,117,202,172,146,136,218,58,204,65,5,214,207,1,2026-10-06T17:14:01.291314+00:00,leaguedashplayerstats,2026
1630446,Michaela Onyenwere,Michaela,1611661322,WAS,27.0,40,26,14,0.65,24.8,3.0,6.9,0.438,1.5,3.7,0.395,1.6,1.9,0.84,1.4,1.2,2.6,1.7,1.6,0.4,0.2,0.5,2.6,1.7,9.0,2.5,14.6,0,0,15.8,16.6,68,42,98,75,58,77,81,109,38,46,43,77,84,80,31,151,104,95,63,151,149,75,46,89,73,51,101,65,5,90,96,1,2026-10-06T17:14:01.291314+00:00,leaguedashplayerstats,2026
1642803,Michelle Onyiah,Michelle,1611661325,IND,24.0,2,1,1,0.5,6.5,0.5,1.5,0.333,0.0,0.0,0.0,1.0,2.5,0.4,1.0,1.5,2.5,0.0,1.0,0.0,0.0,0.0,0.5,1.0,2.0,9.0,4.0,0,0,4.5,4.5,230,219,218,120,212,216,213,207,210,221,210,109,64,219,54,129,107,233,112,219,202,208,226,136,204,1,219,65,5,212,219,1,2026-10-06T17:14:01.291314+00:00,leaguedashplayerstats,2026
1631039,Miela Sowah,Miela,1611661331,GSV,26.0,7,7,0,1.0,3.4,0.1,1.4,0.1,0.0,1.1,0.0,0.0,0.0,0.0,0.1,0.6,0.7,0.0,0.6,0.0,0.0,0.1,0.4,0.3,0.3,-4.4,0.6,0,0,1.0,1.0,200,162,233,1,232,233,218,234,210,159,210,224,227,224,209,213,218,233,186,219,202,172,227,221,236,211,237,65,5,236,237,1,2026-10-06T17:14:01.291314+00:00,leaguedashplayerstats,2026
1642777,Monique Akoa Makani,Monique,1611661320,LAS,25.0,30,11,19,0.367,21.8,2.5,6.0,0.414,1.0,2.6,0.385,1.6,1.9,0.845,0.2,1.7,1.8,2.2,2.1,1.0,0.3,0.4,2.8,1.9,7.6,-2.9,14.8,0,0,15.2,17.6,126,119,62,159,82,96,92,141,69,89,55,74,83,77,206,125,143,58,33,49,103,92,29,80,90,180,99,65,5,94,90,2,2026-10-06T17:14:01.291314+00:00,leaguedashplayerstats,2026
1628881,Monique Billings,Monique,1611661325,IND,30.0,43,28,15,0.651,18.7,2.2,4.3,0.516,0.1,0.4,0.278,1.9,2.5,0.757,1.8,3.0,4.8,1.0,0.8,0.8,0.5,0.4,2.1,2.3,6.5,0.6,16.7,2,0,14.9,17.0,24,27,88,73,97,114,133,41,190,197,162,70,65,134,20,56,34,154,137,66,64,76,83,64,103,83,85,34,5,97,94,1,2026-10-06T17:14:01.291314+00:00,leaguedashplayerstats,2026
1642835,Morgan Maly,Morgan,1611661329,CHI,24.0,5,1,4,0.2,14.1,1.6,3.6,0.444,1.0,2.2,0.455,0.8,0.8,1.0,0.0,2.8,2.8,0.6,0.2,0.2,0.6,0.4,1.8,1.0,5.0,-6.0,11.5,0,0,11.0,11.4,208,219,190,216,147,144,155,104,69,107,18,131,155,1,222,63,92,184,222,195,51,82,120,136,137,231,127,65,5,130,140,1,2026-10-06T17:14:01.291314+00:00,leaguedashplayerstats,2026
1628899,Myisha Hines-Allen,Myisha,1611661325,IND,31.0,38,25,13,0.658,13.9,1.5,3.1,0.487,0.2,0.7,0.32,0.5,0.9,0.606,0.6,2.7,3.3,1.5,1.2,0.5,0.4,0.2,2.1,0.8,3.8,1.4,11.3,0,0,10.4,12.6,93,50,107,68,148,149,169,64,177,185,125,170,147,200,114,67,71,104,101,139,78,145,91,157,163,70,130,65,5,136,128,1,2026-10-06T17:14:01.291314+00:00,leaguedashplayerstats,2026
1631019,NaLyssa Smith,NaLyssa,1611661319,LVA,26.0,38,25,13,0.658,24.3,4.8,7.6,0.638,0.0,0.2,0.125,2.0,3.5,0.575,2.2,4.2,6.4,0.9,0.9,0.6,0.7,0.6,3.2,3.4,11.7,2.6,23.7,4,0,21.6,23.8,93,50,107,68,63,40,69,9,205,212,204,63,34,204,9,24,19,159,131,105,44,48,11,29,51,47,54,23,5,58,62,1,2026-10-06T17:14:01.291314+00:00,leaguedashplayerstats,2026
1643686,Nadia Fingall,Nadia,1611661331,GSV,28.0,10,9,1,0.9,3.2,0.4,0.6,0.667,0.1,0.3,0.333,0.2,0.2,1.0,0.3,0.2,0.5,0.2,0.1,0.0,0.0,0.0,0.1,0.1,1.1,-2.4,1.9,0,0,1.9,2.0,190,136,218,8,233,223,237,6,194,203,101,211,219,1,175,232,224,225,229,219,202,208,231,230,227,159,233,65,5,234,233,1,2026-10-06T17:14:01.291314+00:00,leaguedashplayerstats,2026
1629483,Napheesa Collier,Napheesa,1611661324,MIN,30.0,16,11,5,0.688,29.3,6.3,12.6,0.5,1.5,3.4,0.444,2.6,3.1,0.857,1.1,5.8,6.9,2.6,2.2,1.3,0.9,0.8,1.8,3.0,16.8,4.9,33.2,1,0,32.1,35.3,171,119,183,56,30,14,21,49,35,60,21,40,48,61,49,13,17,48,26,24,20,25,124,40,20,21,16,43,5,18,20,1,2026-10-06T17:14:01.291314+00:00,leaguedashplayerstats,2026
204333,Natasha Cloud,Natasha,1611661329,CHI,34.0,40,14,26,0.35,28.2,3.8,7.7,0.49,1.1,3.2,0.357,2.5,2.9,0.855,0.3,3.1,3.4,4.8,2.2,1.1,0.3,0.2,2.9,2.4,11.1,-2.8,24.4,0,0,23.2,28.3,68,99,34,169,41,62,68,60,63,66,79,43,51,66,181,52,68,18,28,34,95,170,23,58,55,171,51,65,5,50,42,1,2026-10-06T17:14:01.291314+00:00,leaguedashplayerstats,2026
203827,Natasha Howard,Natasha,1611661324,MIN,35.0,44,33,11,0.75,28.4,6.0,10.1,0.598,0.1,0.4,0.188,2.6,3.7,0.72,3.4,4.3,7.6,3.3,2.5,1.6,1.0,0.6,3.4,3.9,14.8,7.6,34.1,10,0,31.0,36.8,1,1,140,22,38,17,42,15,197,199,195,39,29,158,2,23,14,33,13,9,18,44,6,20,27,5,15,14,5,20,15,1,2026-10-06T17:14:01.291314+00:00,leaguedashplayerstats,2026
1630442,Natasha Mack,Natasha,1611661317,PHX,28.0,36,13,23,0.361,22.6,3.8,6.2,0.603,0.1,0.3,0.222,1.3,1.6,0.814,2.2,4.5,6.7,1.1,0.9,0.9,1.3,0.2,2.4,1.5,8.9,-1.1,24.4,5,0,21.3,24.6,104,104,49,163,75,62,90,12,201,208,185,86,94,100,8,21,18,132,124,53,11,152,55,103,76,119,50,20,5,62,57,1,2026-10-06T17:14:01.291314+00:00,leaguedashplayerstats,2026
1629567,Natisha Hiedeman,Natisha,1611661328,SEA,29.0,40,7,33,0.175,30.0,5.2,12.0,0.436,1.8,5.4,0.324,2.5,2.9,0.86,0.3,2.2,2.5,5.0,2.3,1.1,0.1,0.5,1.7,2.3,14.7,-3.0,26.4,3,0,26.2,30.6,68,162,4,223,23,32,27,111,20,15,119,45,52,60,189,84,109,16,25,34,158,61,130,61,29,182,41,27,5,39,38,1,2026-10-06T17:14:01.291314+00:00,leaguedashplayerstats,2026
1631044,Naz Hillmon,Naz,1611661330,ATL,26.0,43,30,13,0.698,28.7,3.4,7.4,0.461,1.2,4.0,0.306,1.0,1.3,0.818,1.5,3.0,4.6,1.6,1.3,0.6,0.4,0.5,2.1,1.4,9.1,6.0,18.6,0,0,18.4,19.7,24,16,107,50,33,67,73,82,56,40,135,104,113,91,26,54,40,100,88,108,77,71,87,105,72,14,77,65,5,72,80,1,2026-10-06T17:14:01.291314+00:00,leaguedashplayerstats,2026
1643479,Ndjakalenga Mwenentanda,Ndjakalenga,1611661320,LAS,22.0,7,5,2,0.714,6.4,0.3,1.3,0.222,0.1,0.6,0.25,0.6,0.9,0.667,0.6,0.7,1.3,0.4,0.9,0.1,0.0,0.1,0.9,0.6,1.3,0.7,3.0,0,0,3.4,3.9,200,179,206,45,214,228,223,229,186,188,177,163,150,184,116,200,182,208,133,206,202,172,211,188,223,81,227,65,5,222,224,2,2026-10-06T17:14:01.291314+00:00,leaguedashplayerstats,2026
1643448,Nell Angloma,Nell,1611661323,CON,20.0,40,11,29,0.275,12.6,1.6,3.9,0.397,0.2,0.9,0.167,1.1,1.7,0.647,0.8,1.1,1.9,0.9,0.8,0.6,0.3,0.4,1.9,1.2,4.4,-1.9,9.6,0,0,8.9,10.4,68,119,13,198,160,148,142,165,185,176,199,99,90,191,85,161,139,162,147,122,110,82,111,121,149,144,150,65,5,157,154,1,2026-10-06T17:14:01.291314+00:00,leaguedashplayerstats,2026
1628269,Nia Brodie,Nia,1611661324,MIN,31.0,4,2,2,0.5,15.7,1.3,4.8,0.263,1.3,3.8,0.333,0.5,0.5,1.0,1.0,1.3,2.3,1.8,0.8,0.8,0.5,0.0,2.8,0.8,4.3,-2.0,12.6,0,0,12.0,13.8,213,213,206,120,122,174,121,222,52,43,101,172,193,1,54,145,122,89,151,84,54,208,33,164,152,147,120,65,5,123,118,1,2026-10-06T17:14:01.291314+00:00,leaguedashplayerstats,2026
1628269,Nia Coffey,Nia,1611661324,MIN,31.0,40,31,9,0.775,23.0,2.4,5.4,0.447,1.3,3.2,0.388,0.3,0.6,0.545,0.9,3.6,4.5,1.8,0.7,1.0,1.1,0.3,2.1,0.9,6.4,3.7,19.7,1,0,17.9,20.4,68,9,159,15,73,99,102,101,52,63,52,201,189,209,76,37,44,89,163,51,17,131,88,152,106,33,70,43,5,76,75,1,2026-10-06T17:14:01.291314+00:00,leaguedashplayerstats,2026
1631263,Nikolina Milic,Nikolina,1611661332,TOR,32.0,7,3,4,0.429,9.0,1.3,2.7,0.474,0.0,0.3,0.0,0.4,0.6,0.75,0.3,1.0,1.3,0.4,0.7,0.0,0.0,0.3,1.0,0.4,3.0,-2.0,4.5,0,0,4.7,5.1,200,198,190,136,195,168,181,72,210,205,210,185,186,137,178,170,182,208,162,219,202,122,195,203,186,147,214,65,5,207,213,1,2026-10-06T17:14:01.291314+00:00,leaguedashplayerstats,2026
203014,Nneka Ogwumike,Nneka,1611661320,LAS,36.0,43,15,28,0.349,30.9,6.9,13.3,0.516,1.3,3.5,0.387,2.2,2.6,0.855,1.8,7.2,9.0,3.1,1.8,1.2,0.3,0.6,1.6,2.9,17.3,-3.0,35.4,19,0,33.7,37.0,24,89,17,170,19,9,16,43,46,53,54,55,63,67,18,5,7,37,45,28,93,42,139,44,16,184,13,6,5,11,14,1,2026-10-06T17:14:01.291314+00:00,leaguedashplayerstats,2026
1643493,Noemie Brochant,Noemie,1611661317,PHX,26.0,43,15,28,0.349,23.6,2.5,5.6,0.45,1.0,2.8,0.37,0.3,0.4,0.684,0.4,1.7,2.1,1.9,1.0,1.0,0.2,0.1,1.5,0.7,6.3,-0.3,14.4,1,0,13.8,15.9,24,89,17,170,70,95,97,99,68,81,70,200,203,176,152,123,132,83,111,38,130,178,153,169,107,101,104,43,5,104,102,1,2026-10-06T17:14:01.291314+00:00,leaguedashplayerstats,2026
1642296,Nyadiew Puoch,Nyadiew,1611661327,PDX,22.0,42,15,27,0.357,18.5,1.6,4.4,0.366,0.5,2.1,0.244,0.5,0.9,0.639,0.8,1.4,2.2,0.8,0.6,0.7,0.1,0.3,2.3,1.0,4.3,-3.4,10.0,0,0,9.5,10.6,44,89,24,165,100,142,128,187,131,110,180,166,150,195,83,139,125,169,172,89,150,101,71,143,150,189,147,65,5,151,152,1,2026-10-06T17:14:01.291314+00:00,leaguedashplayerstats,2026
1631055,Nyara Sabally,Nyara,1611661332,TOR,26.0,24,8,16,0.333,23.9,4.5,8.5,0.527,0.8,2.1,0.392,2.5,3.4,0.72,1.8,3.5,5.3,1.7,1.6,1.0,0.9,0.7,2.7,3.0,12.3,-3.4,25.2,1,0,23.8,26.6,145,145,74,175,66,48,56,34,95,111,45,44,41,159,19,42,28,94,68,41,23,31,35,39,47,190,46,43,5,48,49,1,2026-10-06T17:14:01.291314+00:00,leaguedashplayerstats,2026
203824,Odyssey Sims,Odyssey,1611661321,DAL,34.0,35,23,12,0.657,14.3,1.6,4.2,0.385,0.4,1.4,0.3,0.9,1.1,0.846,0.1,0.8,0.9,2.0,1.0,0.5,0.1,0.4,1.1,1.3,4.6,-0.3,9.5,0,0,9.1,11.3,107,62,121,70,143,141,135,172,144,144,138,122,127,75,209,192,209,69,112,129,186,79,184,113,142,98,153,65,5,154,142,1,2026-10-06T17:14:01.291314+00:00,leaguedashplayerstats,2026
1643426,Olivia Miles,Olivia,1611661324,MIN,23.0,40,31,9,0.775,31.0,7.0,14.2,0.492,1.6,4.1,0.388,4.2,4.8,0.87,0.6,4.1,4.7,6.0,3.1,1.3,0.6,0.8,3.0,4.2,19.8,7.0,37.0,3,0,35.8,42.1,68,9,159,15,18,8,12,56,29,34,51,14,14,50,115,25,38,7,6,23,47,20,19,15,9,9,6,27,5,5,5,1,2026-10-06T17:14:01.291314+00:00,leaguedashplayerstats,2026
1631135,Olivia Nelson-Ododa,Olivia,1611661323,CON,26.0,33,8,25,0.242,21.2,3.8,6.6,0.576,0.0,0.1,0.0,2.5,3.7,0.683,1.6,4.3,5.9,1.6,1.6,0.8,0.8,0.6,3.0,3.8,10.1,-3.0,22.7,5,0,20.7,23.9,114,145,36,208,83,61,85,17,210,219,210,41,27,178,23,22,23,97,65,82,28,49,18,23,65,183,58,20,5,64,59,1,2026-10-06T17:14:01.291314+00:00,leaguedashplayerstats,2026
1643706,Ornella Bankole,Ornella,1611661332,TOR,29.0,14,2,12,0.143,14.8,1.2,2.6,0.459,0.5,1.1,0.438,0.4,0.5,0.857,1.0,1.3,2.3,1.1,0.4,0.1,0.0,0.1,3.1,0.8,3.4,-6.9,7.8,0,0,7.5,8.2,177,213,121,232,140,177,185,85,134,159,22,185,193,61,54,143,119,139,210,206,202,172,17,162,175,235,172,65,5,171,173,1,2026-10-06T17:14:01.291314+00:00,leaguedashplayerstats,2026
1642784,Paige Bueckers,Paige,1611661321,DAL,24.0,42,27,15,0.643,32.8,8.0,15.6,0.512,1.9,4.6,0.41,3.0,3.5,0.871,0.6,3.5,4.1,5.9,2.2,1.0,0.4,0.3,2.5,3.3,20.9,4.5,36.7,3,0,35.6,41.0,44,36,88,76,6,3,5,45,16,24,33,25,36,49,108,40,49,8,27,50,69,101,51,35,6,26,7,27,5,6,7,1,2026-10-06T17:14:01.291314+00:00,leaguedashplayerstats,2026
1631136,Pauline Astier,Pauline,1611661313,NYL,24.0,44,26,18,0.591,23.3,3.5,6.4,0.546,0.4,1.3,0.333,1.9,2.2,0.875,0.7,2.0,2.7,3.3,1.7,0.8,0.1,0.4,3.1,2.8,9.3,2.3,18.7,0,0,17.7,21.5,1,42,66,109,71,64,87,26,143,151,101,68,74,44,105,95,97,31,59,68,156,81,15,50,70,53,75,65,5,77,68,1,2026-10-06T17:14:01.291314+00:00,leaguedashplayerstats,2026
1630138,Peyton Williams,Peyton,1611661317,PHX,28.0,1,1,0,1.0,5.8,0.0,1.0,0.0,0.0,0.0,0.0,0.0,0.0,0.0,0.0,0.0,0.0,2.0,0.0,0.0,1.0,1.0,0.0,0.0,0.0,-1.0,6.0,0,0,4.0,7.0,236,219,233,1,220,236,227,236,210,221,210,224,227,224,222,234,234,69,231,219,18,9,232,232,237,117,193,65,5,217,190,1,2026-10-06T17:14:01.291314+00:00,leaguedashplayerstats,2026
1643487,Quionche Carter,Quionche,1611661317,PHX,25.0,13,6,7,0.462,6.2,0.2,1.4,0.167,0.0,0.7,0.0,0.7,1.2,0.563,0.2,0.5,0.7,0.5,0.2,0.4,0.0,0.2,0.8,0.9,1.2,-1.8,3.8,0,0,3.2,4.1,181,170,171,134,216,232,219,231,210,183,210,144,118,206,197,222,219,193,225,156,202,169,212,145,225,142,222,65,5,225,223,1,2026-10-06T17:14:01.291314+00:00,leaguedashplayerstats,2026
1627671,Rachel Banham,Rachel,1611661329,CHI,33.0,40,15,25,0.375,13.7,1.8,4.8,0.365,1.1,3.5,0.324,0.4,0.5,0.789,0.1,1.1,1.2,1.3,0.8,0.3,0.2,0.1,1.3,0.4,5.0,-1.5,8.9,0,0,9.5,10.1,68,89,36,154,150,133,116,190,63,55,120,190,201,113,218,164,190,121,147,177,132,194,176,210,137,131,162,65,5,150,157,1,2026-10-06T17:14:01.291314+00:00,leaguedashplayerstats,2026
1630996,Rae Burrell,Rae,1611661320,LAS,26.0,43,16,27,0.372,28.8,5.0,11.0,0.455,1.6,4.2,0.383,3.0,3.6,0.814,0.6,1.8,2.3,2.5,2.4,0.8,0.6,0.7,1.6,3.5,14.6,-3.8,23.0,0,0,23.8,26.1,24,79,24,156,32,36,34,94,28,32,59,32,30,99,118,113,116,53,20,70,50,28,144,27,32,199,57,65,5,47,52,1,2026-10-06T17:14:01.291314+00:00,leaguedashplayerstats,2026
1643441,Raegan Beers,Raegan,1611661323,CON,23.0,38,9,29,0.237,12.6,1.6,3.3,0.492,0.1,0.2,0.286,1.2,1.7,0.712,1.3,1.9,3.2,0.8,0.9,0.4,0.3,0.4,2.8,1.8,4.6,-2.1,10.9,0,0,10.1,11.6,93,136,13,210,159,140,162,56,203,213,150,93,88,165,34,98,74,164,125,146,101,80,26,82,143,154,136,65,5,142,138,1,2026-10-06T17:14:01.291314+00:00,leaguedashplayerstats,2026
1630384,Raquel Carrera,Raquel,1611661313,NYL,24.0,24,12,12,0.5,6.4,0.6,1.0,0.609,0.1,0.4,0.333,0.4,0.6,0.643,0.4,0.8,1.2,0.5,0.3,0.2,0.1,0.0,0.8,0.5,1.7,0.7,4.2,0,0,4.0,4.5,145,111,121,120,213,214,230,11,189,198,101,190,184,192,157,190,186,205,211,202,179,208,219,195,216,82,217,65,5,219,218,1,2026-10-06T17:14:01.291314+00:00,leaguedashplayerstats,2026
1643433,Raven Johnson,Raven,1611661325,IND,23.0,39,26,13,0.667,10.9,1.3,3.2,0.408,0.3,1.2,0.234,0.2,0.3,0.692,0.5,1.2,1.7,1.2,0.7,0.4,0.2,0.1,1.2,0.4,3.1,-0.1,8.0,0,0,7.5,8.9,82,42,107,60,174,164,167,147,167,157,182,208,212,172,135,148,151,126,161,148,145,192,180,206,182,93,169,65,5,172,169,1,2026-10-06T17:14:01.291314+00:00,leaguedashplayerstats,2026
1642796,Rayah Marshall,Rayah,1611661323,CON,22.0,6,1,5,0.167,5.9,0.5,1.5,0.333,0.0,0.0,0.0,0.7,1.0,0.667,0.8,0.7,1.5,0.7,0.5,0.0,0.3,0.2,0.7,0.8,1.7,-2.7,5.0,0,0,4.5,5.5,206,219,183,226,218,216,213,207,210,221,210,147,134,184,79,202,165,176,193,219,84,162,224,153,216,168,208,65,5,212,208,1,2026-10-06T17:14:01.291314+00:00,leaguedashplayerstats,2026
204296,Rebecca Allen,Rebecca,1611661313,NYL,33.0,29,16,13,0.552,18.1,2.0,4.8,0.42,1.3,3.3,0.406,0.4,0.5,0.867,0.6,2.0,2.6,0.6,0.6,0.5,0.4,0.2,2.1,0.6,5.8,-0.8,12.1,0,0,12.2,12.5,134,79,107,116,101,121,120,135,47,62,35,182,192,53,113,97,103,183,182,128,66,159,85,190,120,110,123,65,5,120,130,1,2026-10-06T17:14:01.291314+00:00,leaguedashplayerstats,2026
203822,Rebekah Gardner,Rebekah,1611661313,NYL,36.0,42,25,17,0.595,14.9,1.9,3.9,0.491,0.3,1.1,0.255,1.0,1.0,0.93,0.9,1.5,2.4,1.2,0.6,0.5,0.2,0.3,1.6,1.0,5.0,0.3,11.3,0,0,10.4,12.0,44,50,72,108,137,125,144,59,166,162,174,121,133,22,71,133,112,128,172,125,126,130,140,143,136,88,132,65,5,137,132,1,2026-10-06T17:14:01.291314+00:00,leaguedashplayerstats,2026
1631009,Rhyne Howard,Rhyne,1611661330,ATL,26.0,43,30,13,0.698,34.2,5.8,14.3,0.405,3.1,8.8,0.355,3.0,3.5,0.862,0.7,3.1,3.8,3.7,1.3,2.3,0.9,0.2,2.9,2.5,17.7,5.9,36.2,0,0,34.8,38.7,24,16,107,50,1,24,10,155,2,1,82,26,33,57,92,50,55,25,81,1,21,141,21,55,14,16,8,65,5,7,9,1,2026-10-06T17:14:01.291314+00:00,leaguedashplayerstats,2026
1642288,Rickea Jackson,Rickea,1611661329,CHI,25.0,4,3,1,0.75,29.5,6.0,15.0,0.4,1.5,5.3,0.286,4.5,5.5,0.818,1.0,3.8,4.8,2.0,2.0,0.3,1.8,1.3,1.8,3.5,18.0,-3.8,30.7,0,0,30.3,32.8,213,198,218,22,27,18,8,161,35,17,150,9,9,91,54,30,35,69,35,181,6,4,124,28,13,198,25,65,5,23,29,1,2026-10-06T17:14:01.291314+00:00,leaguedashplayerstats,2026
1643450,Rori Harmon,Rori,1611661322,WAS,23.0,15,9,6,0.6,5.0,0.3,0.7,0.364,0.1,0.3,0.2,0.2,0.3,0.75,0.0,0.5,0.5,0.9,0.8,0.3,0.0,0.0,0.8,0.5,0.8,-1.7,3.0,0,0,3.0,4.2,175,136,179,103,226,230,235,192,198,200,190,211,215,137,222,215,223,155,139,161,202,208,216,192,231,139,228,65,5,226,220,1,2026-10-06T17:14:01.291314+00:00,leaguedashplayerstats,2026
1629477,Sabrina Ionescu,Sabrina,1611661313,NYL,28.0,31,16,15,0.516,29.8,4.8,12.4,0.388,1.9,6.5,0.295,3.1,3.4,0.896,0.7,3.1,3.8,4.7,2.8,0.7,0.3,0.7,1.7,2.8,14.6,-0.2,26.6,3,0,27.1,31.0,123,79,88,119,24,41,24,170,17,7,144,24,40,33,100,49,56,19,8,85,96,30,128,47,30,96,40,27,5,34,36,1,2026-10-06T17:14:01.291314+00:00,leaguedashplayerstats,2026
1628244,Sami Whitcomb,Sami,1611661317,PHX,38.0,21,7,14,0.333,17.4,1.7,5.4,0.31,1.3,4.1,0.31,0.7,0.7,1.0,0.4,1.3,1.7,2.1,1.1,0.6,0.1,0.2,1.8,0.9,5.3,-1.1,11.6,0,0,11.9,13.5,151,162,98,175,106,137,103,216,49,33,130,140,168,1,155,141,152,61,102,107,170,137,119,147,129,120,126,65,5,124,122,1,2026-10-06T17:14:01.291314+00:00,leaguedashplayerstats,2026
1642790,Sania Feagin,Sania,1611661327,PDX,23.0,3,0,3,0.0,3.4,0.0,0.3,0.0,0.0,0.0,0.0,0.0,0.0,0.0,0.0,0.3,0.3,0.7,0.0,0.0,0.0,0.0,1.0,0.3,0.0,-2.7,1.4,0,0,1.0,1.7,221,235,200,235,231,236,238,236,210,221,210,224,227,224,222,227,230,176,231,219,202,208,195,211,237,168,236,65,5,236,235,1,2026-10-06T17:14:01.291314+00:00,leaguedashplayerstats,2026
1642809,Saniya Rivers,Saniya,1611661323,CON,23.0,38,8,30,0.211,22.5,2.7,7.9,0.343,0.3,2.0,0.171,1.2,2.0,0.6,0.4,2.1,2.5,3.1,1.3,1.1,0.7,0.2,1.8,1.7,6.9,-7.4,18.4,0,0,16.3,20.8,93,145,12,214,76,87,66,206,161,115,198,96,82,202,144,94,106,38,82,33,44,140,122,94,98,237,79,65,5,85,72,1,2026-10-06T17:14:01.291314+00:00,leaguedashplayerstats,2026
1642782,Sarah Ashlee Barker,Sarah Ashlee,1611661327,PDX,25.0,26,10,16,0.385,24.7,4.2,8.3,0.502,1.4,3.5,0.4,1.0,1.3,0.743,0.8,3.7,4.5,2.4,2.0,0.9,0.3,0.5,2.5,1.7,10.7,-2.0,21.4,0,0,21.4,23.7,142,129,74,149,59,53,60,48,43,56,40,109,106,145,84,33,42,56,35,59,83,55,53,95,58,146,62,65,5,61,63,1,2026-10-06T17:14:01.291314+00:00,leaguedashplayerstats,2026
1630149,Satou Sabally,Satou,1611661313,NYL,28.0,13,8,5,0.615,16.8,3.5,7.5,0.459,1.5,4.0,0.385,1.9,2.2,0.862,0.4,2.4,2.8,1.9,1.7,0.1,0.2,0.4,2.6,1.6,10.4,2.2,15.6,0,0,17.1,17.7,181,145,183,99,113,65,71,88,32,38,55,67,73,55,154,78,94,79,58,214,145,85,40,97,60,56,93,65,5,79,88,1,2026-10-06T17:14:01.291314+00:00,leaguedashplayerstats,2026
1643458,Saylor Poffenbarger,Saylor,1611661317,PHX,23.0,7,3,4,0.429,6.9,0.1,1.3,0.111,0.1,1.3,0.111,0.0,0.0,0.0,0.1,1.3,1.4,0.1,0.1,0.4,0.0,0.0,0.7,0.0,0.4,-1.6,3.5,0,0,3.0,3.4,200,198,190,136,209,233,223,233,186,153,206,224,227,224,209,143,172,231,227,145,202,208,221,232,234,132,223,65,5,226,226,2,2026-10-06T17:14:01.291314+00:00,leaguedashplayerstats,2026
1643436,Serah Williams,Serah,1611661327,PDX,22.0,39,15,24,0.385,13.1,1.7,3.2,0.545,0.0,0.1,0.5,0.8,1.3,0.615,0.9,1.8,2.7,0.5,0.8,0.5,0.4,0.5,1.9,1.2,4.3,-1.6,10.1,0,0,9.3,10.6,82,89,42,149,156,135,168,27,206,220,10,129,107,199,67,111,96,204,143,136,72,55,105,118,151,133,143,65,5,153,151,1,2026-10-06T17:14:01.291314+00:00,leaguedashplayerstats,2026
1631022,Shakira Austin,Shakira,1611661322,WAS,26.0,43,27,16,0.628,29.4,6.1,12.6,0.483,0.4,1.3,0.315,4.4,6.1,0.725,1.9,7.6,9.5,2.6,2.8,0.8,1.2,1.2,1.9,4.3,17.0,2.1,35.6,20,0,33.5,37.7,24,36,74,92,28,16,23,65,150,156,128,11,8,154,15,2,4,47,9,70,13,6,110,14,18,59,11,4,5,14,12,1,2026-10-06T17:14:01.291314+00:00,leaguedashplayerstats,2026
1628278,Shatori Walker-Kimbrough,Shatori,1611661330,ATL,31.0,15,12,3,0.8,3.0,0.4,0.7,0.6,0.1,0.1,1.0,0.3,0.3,1.0,0.0,0.4,0.4,0.5,0.3,0.1,0.0,0.0,0.1,0.3,1.1,-1.0,2.5,0,0,2.4,3.0,175,111,200,10,234,223,236,13,198,218,1,204,215,1,222,224,228,194,216,211,202,208,230,223,226,117,231,65,5,231,229,2,2026-10-06T17:14:01.291314+00:00,leaguedashplayerstats,2026
1643470,Shay Ciezki,Shay,1611661317,PHX,22.0,8,4,4,0.5,15.6,2.6,5.5,0.477,0.9,2.3,0.389,2.4,2.6,0.905,0.3,1.3,1.5,1.6,0.8,0.4,0.3,0.6,2.4,1.8,8.5,-0.9,13.9,0,0,13.8,15.1,199,192,190,120,124,91,98,68,87,104,49,49,60,27,189,145,165,98,151,157,110,43,62,85,82,113,106,65,5,106,109,1,2026-10-06T17:14:01.291314+00:00,leaguedashplayerstats,2026
1642811,Shyanne Sellers,Shyanne,1611661320,LAS,23.0,2,1,1,0.5,10.5,0.5,3.0,0.167,0.5,1.0,0.5,0.5,1.0,0.5,0.0,1.0,1.0,1.0,0.5,1.0,0.0,1.0,2.0,0.5,2.0,4.5,7.2,0,0,6.5,8.0,230,219,218,120,176,216,172,231,134,167,10,172,134,212,222,170,202,147,193,41,202,9,97,195,204,24,176,65,5,182,175,1,2026-10-06T17:14:01.291314+00:00,leaguedashplayerstats,2026
1631021,Sika Kone,Sika,1611661330,ATL,24.0,35,24,11,0.686,5.0,0.6,1.7,0.344,0.2,0.8,0.207,0.4,0.6,0.714,0.4,0.6,1.0,0.2,0.3,0.1,0.0,0.1,1.0,0.5,1.8,-0.3,3.2,0,0,3.3,3.4,107,58,140,57,227,213,211,205,182,180,189,185,180,161,150,207,200,225,217,215,202,172,205,194,213,98,225,65,5,224,227,1,2026-10-06T17:14:01.291314+00:00,leaguedashplayerstats,2026
203400,Skylar Diggins,Skylar,1611661329,CHI,36.0,19,5,14,0.263,29.1,4.6,11.7,0.392,1.4,3.6,0.382,3.6,4.7,0.775,0.7,2.5,3.2,4.9,1.7,0.9,0.6,0.7,2.2,2.8,14.2,-4.2,28.1,1,0,26.6,31.7,158,179,98,200,31,46,29,168,45,49,61,16,16,125,97,74,76,17,55,52,53,34,80,46,38,206,36,43,5,38,32,1,2026-10-06T17:14:01.291314+00:00,leaguedashplayerstats,2026
1642785,Sonia Citron,Sonia,1611661322,WAS,22.0,40,25,15,0.625,33.0,5.4,11.1,0.483,1.4,4.0,0.342,4.7,5.3,0.877,0.9,2.9,3.8,4.4,2.4,1.2,0.6,0.5,2.1,5.6,16.8,3.2,30.9,2,0,30.0,34.8,68,50,88,94,3,30,33,66,44,37,96,7,12,43,76,58,57,21,18,27,47,61,93,6,19,39,22,34,5,24,21,1,2026-10-06T17:14:01.291314+00:00,leaguedashplayerstats,2026
1629482,Sophie Cunningham,Sophie,1611661325,IND,30.0,43,27,16,0.628,22.2,2.4,5.3,0.46,1.6,3.7,0.419,1.5,1.7,0.851,0.2,2.0,2.3,1.2,0.7,0.5,0.1,0.2,1.8,2.1,7.9,1.8,13.6,0,0,14.2,14.5,24,36,74,92,79,100,106,83,30,44,28,82,89,71,194,96,121,124,160,123,162,146,114,69,88,66,109,65,5,99,114,1,2026-10-06T17:14:01.291314+00:00,leaguedashplayerstats,2026
203828,Stefanie Dolson,Stefanie,1611661328,SEA,34.0,44,8,36,0.182,15.0,1.0,2.3,0.447,0.5,1.3,0.404,0.7,0.8,0.853,0.6,1.8,2.4,1.2,0.9,0.3,0.4,0.1,2.2,1.1,3.3,-3.9,9.2,0,0,8.8,10.1,1,145,1,221,135,186,196,102,132,151,38,150,161,68,112,107,110,129,132,178,68,198,74,127,178,202,158,65,5,159,158,1,2026-10-06T17:14:01.291314+00:00,leaguedashplayerstats,2026
203855,Stephanie Talbot,Stephanie,1611661319,LVA,32.0,44,31,13,0.705,17.3,1.6,3.3,0.483,0.5,1.8,0.299,0.3,0.4,0.684,0.8,1.9,2.6,1.0,0.7,0.7,0.3,0.1,1.6,0.6,4.0,2.0,11.0,0,0,10.2,11.7,1,9,107,48,107,146,163,67,132,130,141,202,205,176,88,104,102,143,167,91,100,184,143,176,156,62,135,65,5,141,135,1,2026-10-06T17:14:01.291314+00:00,leaguedashplayerstats,2026
1630134,Sug Sutton,Sug,1611661321,DAL,27.0,25,13,12,0.52,10.3,1.4,3.0,0.459,0.3,1.0,0.269,0.4,0.6,0.643,0.1,0.8,0.8,2.0,0.8,0.4,0.1,0.1,0.8,0.6,3.4,-0.9,7.8,0,0,7.4,9.5,143,104,121,118,178,161,174,85,168,166,167,194,188,192,217,196,212,69,134,160,181,183,213,189,174,114,170,65,5,173,166,2,2026-10-06T17:14:01.291314+00:00,leaguedashplayerstats,2026
1642321,Sydney Taylor,Sydney,1611661329,CHI,25.0,37,13,24,0.351,20.6,4.8,11.4,0.419,1.9,6.0,0.318,2.2,2.8,0.786,0.3,1.4,1.7,2.0,1.6,0.7,0.2,0.6,2.5,2.1,13.6,0.8,19.8,0,0,21.1,22.0,99,104,42,168,86,43,32,137,15,10,127,54,54,116,171,136,155,76,69,96,120,52,47,68,40,79,68,65,5,63,67,1,2026-10-06T17:14:01.291314+00:00,leaguedashplayerstats,2026
1643444,Ta'Niya Latson,Ta'Niya,1611661319,LVA,22.0,19,9,10,0.474,5.6,0.8,1.8,0.457,0.2,0.5,0.4,1.2,1.6,0.767,0.2,0.6,0.8,0.4,0.6,0.1,0.1,0.2,0.6,1.0,3.1,-2.6,4.3,0,0,4.7,4.9,158,136,154,131,221,200,208,90,177,193,40,95,98,131,199,212,214,212,176,217,187,167,225,136,184,165,216,65,5,208,215,2,2026-10-06T17:14:01.291314+00:00,leaguedashplayerstats,2026
1643473,Taina Mair,Taina,1611661328,SEA,22.0,10,1,9,0.1,5.1,0.4,1.9,0.211,0.3,0.9,0.333,0.2,0.2,1.0,0.2,0.2,0.4,0.5,0.4,0.0,0.1,0.1,0.7,0.2,1.3,-2.9,2.4,0,0,2.7,3.0,190,219,159,234,224,223,207,230,164,176,101,211,219,1,201,232,228,197,207,219,166,188,222,226,222,178,232,65,5,229,229,1,2026-10-06T17:14:01.291314+00:00,leaguedashplayerstats,2026
1642814,Taylor Thierry,Taylor,1611661328,SEA,23.0,17,5,12,0.294,9.7,0.6,1.8,0.355,0.4,0.9,0.375,0.3,0.4,0.833,0.8,0.9,1.7,0.5,0.2,0.2,0.0,0.3,1.0,0.5,1.9,-0.8,5.2,0,0,4.9,5.3,168,179,121,194,186,211,209,199,158,173,66,203,211,82,80,187,153,203,223,186,202,121,195,201,209,109,207,65,5,206,212,1,2026-10-06T17:14:01.291314+00:00,leaguedashplayerstats,2026
1642804,Te-Hina Paopao,Te-Hina,1611661330,ATL,24.0,35,23,12,0.657,11.6,1.3,3.6,0.354,0.9,2.4,0.357,0.3,0.3,0.9,0.1,0.6,0.8,1.4,0.5,0.2,0.1,0.3,1.1,0.4,3.7,-0.8,7.0,0,0,7.2,8.0,107,62,121,70,168,168,152,200,90,97,79,206,214,30,209,207,216,113,201,201,178,99,184,203,164,111,180,65,5,176,179,1,2026-10-06T17:14:01.291314+00:00,leaguedashplayerstats,2026
1629479,Teaira McCowan,Teaira,1611661324,MIN,30.0,10,8,2,0.8,6.8,0.7,1.5,0.467,0.0,0.0,0.0,0.0,0.3,0.0,0.5,1.9,2.4,0.3,0.6,0.1,0.5,0.0,1.9,1.2,1.4,4.2,5.9,0,0,5.3,6.2,190,145,206,10,210,208,213,77,210,221,210,224,213,224,128,101,111,221,180,213,54,208,108,121,220,27,194,65,5,203,201,1,2026-10-06T17:14:01.291314+00:00,leaguedashplayerstats,2026
1643506,Teja Oblak,Teja,1611661327,PDX,35.0,29,10,19,0.345,13.4,2.2,5.2,0.417,0.8,2.1,0.367,0.4,0.6,0.722,0.5,1.1,1.6,3.2,2.5,0.7,0.0,0.4,1.5,1.1,5.6,-2.3,11.8,0,0,12.4,15.6,134,129,62,173,154,117,107,139,106,113,73,182,177,155,126,166,163,36,14,100,196,88,150,132,123,155,125,65,5,116,106,1,2026-10-06T17:14:01.291314+00:00,leaguedashplayerstats,2026
1627701,Temi Fagbenle,Temi,1611661332,TOR,34.0,25,3,22,0.12,17.8,2.4,4.7,0.5,0.4,1.3,0.344,0.7,1.3,0.563,1.3,2.1,3.4,1.0,1.3,0.5,0.3,0.3,2.3,1.1,5.9,-6.5,12.6,0,0,12.4,13.7,143,198,55,233,103,104,124,49,142,155,94,139,112,206,35,90,67,153,89,127,97,109,67,128,118,234,119,65,5,117,119,1,2026-10-06T17:14:01.291314+00:00,leaguedashplayerstats,2026
1643457,Teonni Key,Teonni,1611661332,TOR,23.0,39,10,29,0.256,11.1,0.9,2.3,0.382,0.1,0.5,0.143,0.3,0.6,0.542,0.9,1.2,2.1,0.5,0.6,0.4,0.5,0.4,1.4,0.6,2.2,-3.8,7.5,0,0,6.6,8.0,82,129,13,202,173,197,198,174,196,191,203,195,178,210,72,149,129,195,181,148,57,95,164,175,201,200,174,65,5,180,178,1,2026-10-06T17:14:01.291314+00:00,leaguedashplayerstats,2026
203026,Tiffany Hayes,Tiffany,1611661331,GSV,37.0,42,31,11,0.738,17.0,3.0,6.5,0.46,0.6,2.2,0.283,2.4,3.1,0.783,0.5,1.5,2.0,2.5,1.2,0.8,0.2,0.2,2.0,3.0,9.0,3.6,17.1,0,0,16.2,19.1,44,9,140,32,110,77,86,84,119,108,156,47,46,119,125,129,134,50,92,81,121,137,94,38,74,34,82,65,5,88,83,1,2026-10-06T17:14:01.291314+00:00,leaguedashplayerstats,2026
1643647,Tima Pouye,Tima,1611661332,TOR,27.0,19,6,13,0.316,9.4,1.0,2.9,0.345,0.4,1.4,0.308,0.7,0.9,0.778,0.3,0.5,0.8,1.2,0.7,0.2,0.0,0.1,1.7,0.6,3.2,-2.4,5.8,0,0,6.0,6.9,158,170,107,186,191,187,176,204,147,147,132,138,143,122,172,216,211,131,157,192,202,185,132,178,181,158,199,65,5,195,192,1,2026-10-06T17:14:01.291314+00:00,leaguedashplayerstats,2026
1643439,Tonie Morgan,Tonie,1611661320,LAS,22.0,12,4,8,0.333,16.5,2.3,3.9,0.574,0.3,0.9,0.364,0.8,1.3,0.625,0.3,1.0,1.3,2.7,1.7,0.9,0.2,0.2,1.8,1.2,5.7,-4.6,12.8,0,0,12.1,15.5,185,192,166,175,115,112,141,19,162,175,76,128,107,196,189,170,185,45,60,53,140,162,124,126,121,214,117,65,5,122,107,1,2026-10-06T17:14:01.291314+00:00,leaguedashplayerstats,2026
1630112,Tyasha Harris,Tyasha,1611661325,IND,28.0,39,25,14,0.641,13.7,1.4,3.3,0.422,0.6,1.8,0.352,0.6,0.7,0.862,0.2,0.9,1.1,2.0,0.5,0.3,0.2,0.1,1.1,0.7,4.1,2.6,9.3,0,0,8.7,10.6,82,50,98,79,152,159,164,132,116,127,86,153,165,55,207,185,196,68,191,176,138,181,192,170,155,45,156,65,5,160,153,1,2026-10-06T17:14:01.291314+00:00,leaguedashplayerstats,2026
204468,Valeriane Ayayi,Valeriane,1611661317,PHX,32.0,35,12,23,0.343,16.2,1.5,4.0,0.364,0.5,2.0,0.275,2.8,3.5,0.818,0.7,2.1,2.8,1.3,1.3,0.5,0.2,0.3,1.9,3.3,6.3,-2.4,12.3,1,0,12.3,13.7,107,111,49,174,118,154,138,191,128,120,165,35,38,91,96,93,93,123,86,137,124,122,109,34,111,159,121,43,5,119,120,1,2026-10-06T17:14:01.291314+00:00,leaguedashplayerstats,2026
1631007,Veronica Burton,Veronica,1611661331,GSV,26.0,44,32,12,0.727,28.6,3.9,9.2,0.422,1.4,3.9,0.355,3.0,3.6,0.836,1.1,2.5,3.6,5.7,1.5,1.6,0.5,0.6,2.6,4.4,12.2,7.4,29.8,2,0,27.0,33.3,1,5,121,37,37,58,51,129,42,41,83,27,31,81,48,72,61,9,76,11,65,44,41,12,49,6,29,34,5,35,26,1,2026-10-06T17:14:01.291314+00:00,leaguedashplayerstats,2026
1642791,Zaay Green,Zaay,1611661332,TOR,26.0,7,0,7,0.0,9.5,0.9,2.9,0.3,0.4,2.0,0.214,0.0,0.0,0.0,0.4,0.6,1.0,0.1,0.6,0.1,0.0,0.0,1.1,0.0,2.1,-4.3,3.4,0,0,4.0,3.9,200,235,171,235,190,199,178,218,144,115,187,224,227,224,146,213,202,231,186,206,202,208,184,232,202,209,224,65,5,217,224,1,2026-10-06T17:14:01.291314+00:00,leaguedashplayerstats,2026
1641660,Zia Cooke,Zia,1611661328,SEA,25.0,41,8,33,0.195,15.0,2.4,7.0,0.347,0.8,2.7,0.294,1.9,2.4,0.806,0.5,1.2,1.7,1.1,1.1,0.4,0.0,0.5,1.4,2.0,7.5,-2.3,11.3,0,0,11.9,12.6,60,145,4,218,134,101,77,203,102,85,145,66,67,106,140,157,161,138,106,154,200,72,166,71,91,157,131,65,5,125,127,1,2026-10-06T17:14:01.291314+00:00,leaguedashplayerstats,2026
