team,player,created_at_utc,games,minutes_avg,minutes_l3,minutes_l5,points_avg,points_l3,points_l5,rebounds_avg,rebounds_l3,rebounds_l5,dreb_avg,dreb_l3,dreb_l5,assists_avg,assists_l3,assists_l5,threes_avg,threes_l3,threes_l5,turnovers_avg,turnovers_l3,turnovers_l5,fga_avg,fga_l3,fga_l5,fta_avg,fta_l3,fta_l5,scoring_dependency,dash_gp,dash_w,dash_l,dash_w_pct,dash_min,dash_pts,dash_reb,dash_ast,dash_plus_minus
ATL,Aaliyah Nye,2026-10-06T17:14:24.293132+00:00,19,2.2421052631578946,4.666666666666667,4.38,0.7368421052631579,1.0,1.8,0.15789473684210525,0.3333333333333333,0.6,0.15789473684210525,0.3333333333333333,0.6,0.15789473684210525,0.0,0.2,0.15789473684210525,0.3333333333333333,0.4,0.10526315789473684,0.3333333333333333,0.2,0.631578947368421,1.3333333333333333,1.2,0.15789473684210525,0.0,0.6,0.006968278821386706,,,,,,,,,
ATL,Allisha Gray,2026-10-06T17:14:24.297609+00:00,86,33.5406976744186,31.03333333333333,30.060000000000002,18.72093023255814,18.333333333333332,17.6,4.3604651162790695,3.3333333333333335,5.4,3.5930232558139537,3.0,4.8,3.058139534883721,3.0,3.0,2.0813953488372094,2.0,2.4,1.627906976744186,1.3333333333333333,1.2,13.395348837209303,10.666666666666666,11.4,5.476744186046512,5.0,4.0,0.21539828259862717,44.0,30.0,14.0,0.682,32.6,19.0,3.5,2.6,7.8
ATL,Amy Okonkwo,2026-10-06T17:14:24.301551+00:00,1,1.3,1.3,1.3,1.0,1.0,1.0,1.0,1.0,1.0,1.0,1.0,1.0,0.0,0.0,0.0,0.0,0.0,0.0,0.0,0.0,0.0,1.0,1.0,1.0,2.0,2.0,2.0,0.011111111111111112,,,,,,,,,
ATL,Angel Reese,2026-10-06T17:14:24.305300+00:00,43,31.05348837209302,26.166666666666668,27.360000000000003,16.3953488372093,15.666666666666666,18.4,12.116279069767442,8.666666666666666,9.4,7.325581395348837,7.0,7.2,2.7906976744186047,3.0,2.8,0.2558139534883721,0.3333333333333333,0.4,3.0930232558139537,2.0,2.4,12.883720930232558,11.333333333333334,11.4,6.255813953488372,6.333333333333333,7.2,0.17841835393578875,43.0,30.0,13.0,0.698,31.0,16.4,12.1,2.8,7.1
ATL,Brionna Jones,2026-10-06T17:14:24.309247+00:00,53,24.93396226415094,15.266666666666667,16.759999999999998,12.037735849056604,6.333333333333333,7.4,6.962264150943396,3.6666666666666665,4.4,4.056603773584905,2.3333333333333335,2.8,2.1320754716981134,2.0,2.4,0.24528301886792453,0.0,0.2,1.3773584905660377,2.0,1.4,9.037735849056604,4.666666666666667,5.4,2.8867924528301887,2.0,1.4,0.1414408622960369,9.0,7.0,2.0,0.778,16.9,8.2,5.6,2.0,1.8
ATL,Brittney Griner,2026-10-06T17:14:24.313327+00:00,39,20.769230769230774,18.0,15.76,9.794871794871796,11.666666666666666,9.2,5.205128205128205,3.6666666666666665,4.2,4.282051282051282,2.3333333333333335,3.0,0.8461538461538461,1.0,0.8,0.1282051282051282,0.0,0.0,1.5128205128205128,1.0,0.6,7.717948717948718,9.0,7.4,2.1794871794871793,1.6666666666666667,1.6,0.11634977001179059,39.0,25.0,14.0,0.641,20.8,9.8,5.2,0.8,0.8
ATL,DeWanna Bonner,2026-10-06T17:14:24.317250+00:00,5,20.84,25.5,20.84,8.6,11.333333333333334,8.6,5.4,6.0,5.4,4.2,5.0,4.2,1.8,2.0,1.8,1.4,2.0,1.4,1.0,1.0,1.0,5.6,6.666666666666667,5.6,2.0,3.3333333333333335,2.0,0.0921843925190866,42.0,18.0,24.0,0.429,26.8,10.4,6.0,1.6,-1.0
ATL,Indya Nivar,2026-10-06T17:14:24.321066+00:00,23,2.9521739130434783,2.2333333333333334,2.46,0.9565217391304348,1.6666666666666667,1.0,0.782608695652174,0.3333333333333333,0.4,0.6086956521739131,0.3333333333333333,0.4,0.34782608695652173,0.3333333333333333,0.2,0.13043478260869565,0.3333333333333333,0.2,0.17391304347826086,0.0,0.2,0.9130434782608695,1.0,0.6,0.5652173913043478,0.0,0.0,0.010616579599972979,23.0,13.0,10.0,0.565,3.0,1.0,0.8,0.3,0.8
ATL,Isobel Borlase,2026-10-06T17:14:24.324862+00:00,44,12.995454545454548,13.133333333333333,12.9,4.818181818181818,8.0,6.4,1.4772727272727273,1.6666666666666667,2.0,1.2045454545454546,1.3333333333333333,1.6,1.0227272727272727,0.6666666666666666,1.0,0.5,1.0,0.8,0.75,1.0,1.2,4.090909090909091,4.333333333333333,3.6,0.8636363636363636,1.3333333333333333,1.2,0.05119136786753641,44.0,30.0,14.0,0.682,13.0,4.8,1.5,1.0,0.5
ATL,Jaylyn Sherrod,2026-10-06T17:14:24.328813+00:00,10,7.0600000000000005,7.8,7.74,2.3,1.3333333333333333,1.4,0.9,1.3333333333333333,1.2,0.9,1.3333333333333333,1.2,1.1,1.0,0.8,0.2,0.0,0.2,0.3,0.3333333333333333,0.2,2.4,2.0,2.0,0.7,0.6666666666666666,0.4,0.024310525634913847,,,,,,,,,
ATL,Jordin Canada,2026-10-06T17:14:24.332691+00:00,71,29.88309859154929,29.2,28.860000000000003,11.450704225352112,14.0,12.6,3.408450704225352,2.3333333333333335,2.2,2.887323943661972,2.0,2.0,6.647887323943662,7.666666666666667,7.0,0.9154929577464789,1.3333333333333333,1.2,2.352112676056338,1.3333333333333333,1.2,9.169014084507042,10.333333333333334,9.6,3.7464788732394365,4.666666666666667,3.8,0.1301681958771802,43.0,30.0,13.0,0.698,31.1,11.6,3.5,7.3,7.2
ATL,Kamiah Smalls,2026-10-06T17:14:24.336520+00:00,3,1.1333333333333335,1.1333333333333335,1.1333333333333335,0.0,0.0,0.0,0.0,0.0,0.0,0.0,0.0,0.0,0.0,0.0,0.0,0.0,0.0,0.0,0.0,0.0,0.0,0.0,0.0,0.0,0.0,0.0,0.0,0.0,3.0,3.0,0.0,1.0,1.1,0.0,0.0,0.0,0.7
ATL,Madina Okot,2026-10-06T17:14:24.340150+00:00,42,9.09047619047619,8.0,6.260000000000001,5.380952380952381,5.333333333333333,3.6,3.3333333333333335,3.3333333333333335,2.2,2.1666666666666665,2.0,1.2,0.2619047619047619,0.3333333333333333,0.2,0.023809523809523808,0.0,0.0,1.1904761904761905,0.3333333333333333,0.4,3.738095238095238,4.333333333333333,3.0,1.3333333333333333,0.0,0.0,0.06029304276295572,42.0,28.0,14.0,0.667,9.1,5.4,3.3,0.3,-0.3
ATL,Maya Caldwell,2026-10-06T17:14:24.343937+00:00,41,18.543902439024393,27.76666666666667,22.82,5.390243902439025,11.0,9.4,3.097560975609756,6.333333333333333,5.6,2.292682926829268,6.0,4.6,1.8048780487804879,2.0,2.2,0.9512195121951219,2.3333333333333335,1.8,0.975609756097561,1.6666666666666667,1.6,4.7560975609756095,7.666666666666667,6.4,0.4878048780487805,0.6666666666666666,0.4,0.06378980960236395,41.0,27.0,14.0,0.659,18.5,5.4,3.1,1.8,3.1
ATL,Naz Hillmon,2026-10-06T17:14:24.347856+00:00,87,27.105747126436786,23.03333333333333,24.360000000000003,8.862068965517242,8.666666666666666,8.4,5.367816091954023,3.6666666666666665,4.0,3.8275862068965516,2.0,2.4,1.9885057471264367,2.3333333333333335,2.2,1.206896551724138,1.3333333333333333,1.6,1.2183908045977012,0.0,0.8,7.114942528735632,8.0,8.2,1.3103448275862069,1.6666666666666667,1.0,0.10003917951295999,43.0,30.0,13.0,0.698,28.7,9.1,4.6,1.6,6.0
ATL,Nia Coffey,2026-10-06T17:14:24.351679+00:00,44,10.338636363636365,10.066666666666668,7.76,3.8636363636363638,5.0,3.8,2.590909090909091,2.6666666666666665,1.8,2.0,2.0,1.4,1.0454545454545454,0.6666666666666666,0.4,0.5454545454545454,1.0,0.8,0.6818181818181818,0.3333333333333333,0.4,3.340909090909091,4.333333333333333,3.0,1.1363636363636365,0.0,0.4,0.045449884316639905,44.0,30.0,14.0,0.682,10.3,3.9,2.6,1.0,1.0
ATL,Rhyne Howard,2026-10-06T17:14:24.355520+00:00,76,34.51447368421052,31.833333333333332,31.76,17.63157894736842,12.666666666666666,12.8,4.105263157894737,3.6666666666666665,3.6,3.3026315789473686,3.0,3.0,4.105263157894737,3.6666666666666665,4.2,3.1052631578947367,1.6666666666666667,1.6,1.486842105263158,0.6666666666666666,0.6,14.657894736842104,12.333333333333334,13.4,3.5526315789473686,2.0,2.4,0.20064025937726718,43.0,30.0,13.0,0.698,34.2,17.7,3.8,3.7,5.9
ATL,Shatori Walker-Kimbrough,2026-10-06T17:14:24.359391+00:00,54,7.277777777777779,3.933333333333333,2.8000000000000003,1.6296296296296295,1.3333333333333333,0.8,0.7962962962962963,1.0,0.6,0.7407407407407407,1.0,0.6,0.5555555555555556,0.6666666666666666,0.4,0.2222222222222222,0.0,0.0,0.3333333333333333,1.0,0.6,1.3333333333333333,1.0,0.6,0.2777777777777778,0.0,0.0,0.018372912918285866,15.0,12.0,3.0,0.8,3.0,1.1,0.4,0.5,-1.0
ATL,Sika Kone,2026-10-06T17:14:24.363100+00:00,43,4.313953488372093,4.666666666666667,3.2399999999999998,1.558139534883721,3.0,1.8,0.8604651162790697,1.3333333333333333,0.8,0.5348837209302325,1.3333333333333333,0.8,0.18604651162790697,0.3333333333333333,0.2,0.13953488372093023,0.3333333333333333,0.2,0.20930232558139536,0.3333333333333333,0.2,1.5116279069767442,2.3333333333333335,1.8,0.5813953488372093,0.0,0.0,0.01660188185582015,35.0,24.0,11.0,0.686,5.0,1.8,1.0,0.2,-0.3
ATL,Taylor Thierry,2026-10-06T17:14:24.366787+00:00,17,2.129411764705882,1.0,2.48,0.35294117647058826,0.0,0.4,0.35294117647058826,0.3333333333333333,0.6,0.23529411764705882,0.3333333333333333,0.4,0.11764705882352941,0.0,0.2,0.058823529411764705,0.0,0.0,0.058823529411764705,0.0,0.2,0.6470588235294118,0.3333333333333333,0.8,0.23529411764705882,0.0,0.4,0.003905200219072405,17.0,14.0,3.0,0.824,2.1,0.4,0.4,0.1,-0.6
ATL,Te-Hina Paopao,2026-10-06T17:14:24.370398+00:00,78,14.42051282051282,12.299999999999999,12.280000000000001,4.858974358974359,2.6666666666666665,3.6,1.2307692307692308,0.3333333333333333,0.6,1.0384615384615385,0.3333333333333333,0.4,1.9615384615384615,1.0,1.4,1.0384615384615385,0.6666666666666666,0.8,0.782051282051282,0.0,0.0,4.423076923076923,3.3333333333333335,3.2,0.2948717948717949,0.0,0.0,0.05527836977091768,35.0,23.0,12.0,0.657,11.6,3.7,0.8,1.4,-0.8
CHI,Aicha Coulibaly,2026-10-06T17:14:24.374042+00:00,30,13.563333333333334,14.299999999999999,15.180000000000001,5.166666666666667,6.666666666666667,7.2,2.6333333333333333,2.0,3.6,2.1,2.0,3.0,0.6,0.6666666666666666,0.8,0.03333333333333333,0.0,0.0,0.7333333333333333,0.6666666666666666,1.0,3.6666666666666665,5.333333333333333,4.6,2.1666666666666665,3.6666666666666665,3.0,0.0595264365591317,30.0,10.0,20.0,0.333,13.6,5.2,2.6,0.6,-0.2
CHI,Angel Reese,2026-10-06T17:14:24.377812+00:00,30,31.576666666666664,31.7,32.62,14.666666666666666,17.666666666666668,14.8,12.566666666666666,14.333333333333334,14.2,8.466666666666667,8.0,8.2,3.6666666666666665,3.3333333333333335,3.8,0.13333333333333333,0.0,0.0,3.933333333333333,4.666666666666667,3.8,11.133333333333333,11.666666666666666,11.0,5.733333333333333,10.333333333333334,8.2,0.18379462611351896,30.0,9.0,21.0,0.3,31.6,14.7,12.6,3.7,-6.4
CHI,Ariel Atkins,2026-10-06T17:14:24.381450+00:00,34,28.54705882352941,27.433333333333334,29.72,13.147058823529411,7.666666666666667,12.4,3.3529411764705883,3.0,3.4,2.676470588235294,2.0,2.4,3.588235294117647,4.0,4.2,1.2647058823529411,0.3333333333333333,1.0,2.4705882352941178,2.6666666666666665,2.8,10.735294117647058,7.333333333333333,10.2,2.735294117647059,1.3333333333333333,2.2,0.16536041788105707,34.0,10.0,24.0,0.294,28.5,13.1,3.4,3.6,-4.5
CHI,Azura Stevens,2026-10-06T17:14:24.385004+00:00,32,24.50625,22.0,23.48,10.59375,10.0,9.6,6.40625,3.0,5.2,5.09375,3.0,5.0,2.09375,0.3333333333333333,0.8,0.875,1.0,1.0,1.625,0.6666666666666666,1.2,9.46875,7.666666666666667,7.2,2.125,1.3333333333333333,0.8,0.12281843604729886,32.0,9.0,23.0,0.281,24.5,10.6,6.4,2.1,-3.0
CHI,Chloe Bibby,2026-10-06T17:14:24.388525+00:00,4,12.774999999999999,10.566666666666666,12.774999999999999,5.5,2.6666666666666665,5.5,0.5,0.3333333333333333,0.5,0.5,0.3333333333333333,0.5,1.5,0.6666666666666666,1.5,1.0,0.6666666666666666,1.0,0.5,0.6666666666666666,0.5,5.0,3.0,5.0,0.5,0.0,0.5,0.05811870100783874,,,,,,,,,
CHI,Courtney Vandersloot,2026-10-06T17:14:24.392059+00:00,34,23.405882352941177,25.7,24.6,9.764705882352942,12.0,11.6,2.9411764705882355,3.3333333333333335,3.6,2.5588235294117645,3.0,3.2,5.411764705882353,7.333333333333333,6.6,0.9411764705882353,1.6666666666666667,1.0,2.1470588235294117,2.6666666666666665,2.6,7.764705882352941,8.666666666666666,8.2,2.2941176470588234,1.0,1.4,0.11271560896091135,27.0,11.0,16.0,0.407,22.4,9.6,2.9,5.4,-2.5
CHI,DiJonai Carrington,2026-10-06T17:14:24.395684+00:00,11,16.163636363636364,13.66666666666667,15.819999999999999,8.818181818181818,3.6666666666666665,4.4,3.090909090909091,2.3333333333333335,3.4,2.6363636363636362,2.0,2.6,0.6363636363636364,0.6666666666666666,0.8,0.6363636363636364,0.0,0.2,0.8181818181818182,1.0,1.2,8.545454545454545,7.0,8.6,3.4545454545454546,0.6666666666666666,1.0,0.09867698769914988,11.0,5.0,6.0,0.455,16.2,8.8,3.1,0.6,-2.5
CHI,Elizabeth Williams,2026-10-06T17:14:24.399429+00:00,87,19.127586206896552,27.099999999999998,24.46,6.804597701149425,7.333333333333333,6.2,4.379310344827586,5.666666666666667,5.2,2.8620689655172415,5.0,4.2,1.5862068965517242,2.0,1.4,0.0,0.0,0.0,1.0229885057471264,0.0,0.4,6.045977011494253,6.333333333333333,5.6,2.0,1.3333333333333333,1.2,0.08637613701179175,44.0,16.0,28.0,0.364,17.2,5.2,3.6,1.4,-1.6
CHI,Gabriela Jaquez,2026-10-06T17:14:24.403233+00:00,39,19.515384615384615,24.599999999999998,23.699999999999996,7.128205128205129,13.333333333333334,10.8,2.9743589743589745,3.3333333333333335,3.0,2.282051282051282,2.6666666666666665,2.4,0.8974358974358975,1.6666666666666667,1.0,0.48717948717948717,1.0,0.6,1.1282051282051282,1.6666666666666667,1.6,6.0,9.333333333333334,8.4,1.6666666666666667,1.3333333333333333,1.4,0.08190384791929804,39.0,15.0,24.0,0.385,19.5,7.1,3.0,0.9,-3.6
CHI,Hailey Van Lith,2026-10-06T17:14:24.407029+00:00,29,12.44137931034483,8.533333333333333,10.24,3.5172413793103448,0.6666666666666666,1.6,1.0689655172413792,1.0,1.0,0.9310344827586207,1.0,1.0,1.5517241379310345,1.3333333333333333,1.6,0.1724137931034483,0.0,0.2,1.2413793103448276,0.6666666666666666,1.0,3.7586206896551726,1.3333333333333333,2.0,1.0689655172413792,0.0,0.4,0.05091831646283486,29.0,7.0,22.0,0.241,12.4,3.5,1.1,1.6,-3.0
CHI,Jacy Sheldon,2026-10-06T17:14:24.410914+00:00,44,20.615909090909096,20.133333333333333,19.720000000000002,6.409090909090909,8.333333333333334,6.4,1.3863636363636365,1.6666666666666667,2.0,1.0,1.3333333333333333,1.6,1.75,3.3333333333333335,3.0,0.8181818181818182,0.6666666666666666,0.4,1.0,1.6666666666666667,1.6,5.454545454545454,8.0,6.0,1.1136363636363635,0.3333333333333333,1.4,0.07487144987769544,44.0,16.0,28.0,0.364,20.6,6.4,1.4,1.8,-0.7
CHI,Kamilla Cardoso,2026-10-06T17:14:24.414788+00:00,83,27.034939759036146,25.900000000000002,24.18,14.144578313253012,14.666666666666666,12.6,8.578313253012048,7.666666666666667,6.8,5.698795180722891,4.666666666666667,4.6,2.4578313253012047,2.6666666666666665,2.6,0.012048192771084338,0.0,0.0,2.0843373493975905,2.0,2.2,10.397590361445783,10.0,9.4,3.963855421686747,3.3333333333333335,2.8,0.17529451184501585,43.0,15.0,28.0,0.349,26.5,14.7,8.6,2.5,-2.8
CHI,Kate Martin,2026-10-06T17:14:24.419095+00:00,2,12.8,12.8,12.8,5.0,5.0,5.0,0.0,0.0,0.0,0.0,0.0,0.0,1.0,1.0,1.0,1.0,1.0,1.0,0.5,0.5,0.5,3.0,3.0,3.0,0.0,0.0,0.0,0.05265491630639618,19.0,7.0,12.0,0.368,7.7,2.6,1.0,0.4,-1.3
CHI,Kia Nurse,2026-10-06T17:14:24.423123+00:00,44,21.87272727272727,25.76666666666667,21.42,7.181818181818182,9.0,8.4,2.340909090909091,2.6666666666666665,2.4,1.9318181818181819,2.3333333333333335,2.0,1.25,0.6666666666666666,0.4,1.3863636363636365,1.6666666666666667,1.4,1.25,1.3333333333333333,1.4,6.613636363636363,7.666666666666667,6.4,1.4090909090909092,0.6666666666666666,2.0,0.09350086237832662,44.0,10.0,34.0,0.227,21.9,7.2,2.3,1.3,-7.1
CHI,Maddy Westbeld,2026-10-06T17:14:24.427361+00:00,29,13.200000000000001,9.466666666666667,16.82,3.793103448275862,1.0,7.0,2.2758620689655173,1.3333333333333333,2.6,1.4827586206896552,0.6666666666666666,2.0,0.8620689655172413,0.6666666666666666,1.4,0.6206896551724138,0.3333333333333333,1.4,0.5862068965517241,0.3333333333333333,0.2,3.8275862068965516,2.0,4.6,0.5517241379310345,0.0,1.6,0.05339999800957805,26.0,3.0,23.0,0.115,13.6,4.1,2.4,0.9,-4.5
CHI,Marquesha Davis,2026-10-06T17:14:24.431294+00:00,2,10.45,10.45,10.45,1.0,1.0,1.0,1.0,1.0,1.0,0.0,0.0,0.0,0.0,0.0,0.0,0.0,0.0,0.0,1.5,1.5,1.5,3.0,3.0,3.0,0.0,0.0,0.0,0.017543859649122806,11.0,7.0,4.0,0.636,4.7,0.9,0.6,0.1,-1.2
CHI,Michaela Onyenwere,2026-10-06T17:14:24.435207+00:00,42,16.92857142857143,28.100000000000005,24.48,5.833333333333333,12.0,11.8,1.6428571428571428,3.0,2.0,1.2380952380952381,2.3333333333333335,1.6,1.1428571428571428,0.6666666666666666,1.4,0.5714285714285714,1.3333333333333333,0.8,1.3333333333333333,2.6666666666666665,2.4,5.023809523809524,7.666666666666667,6.8,1.2142857142857142,3.6666666666666665,4.4,0.0767592676395797,42.0,10.0,32.0,0.238,16.9,5.8,1.6,1.1,-3.5
CHI,Morgan Maly,2026-10-06T17:14:24.439160+00:00,5,14.080000000000002,21.46666666666667,14.080000000000002,5.0,8.333333333333334,5.0,2.8,4.666666666666667,2.8,2.8,4.666666666666667,2.8,0.6,1.0,0.6,1.0,1.6666666666666667,1.0,0.2,0.3333333333333333,0.2,3.6,6.0,3.6,0.8,1.3333333333333333,0.8,0.05623996682637631,5.0,1.0,4.0,0.2,14.1,5.0,2.8,0.6,-6.0
CHI,Moriah Jefferson,2026-10-06T17:14:24.443035+00:00,5,7.06,8.7,7.06,1.4,2.3333333333333335,1.4,1.0,1.6666666666666667,1.0,1.0,1.6666666666666667,1.0,1.8,2.0,1.8,0.2,0.3333333333333333,0.2,0.4,0.3333333333333333,0.4,1.6,2.6666666666666665,1.6,0.0,0.0,0.0,0.02857142857142857,5.0,2.0,3.0,0.4,7.1,1.4,1.0,1.8,-4.8
CHI,Natasha Cloud,2026-10-06T17:14:24.446886+00:00,40,28.159999999999997,16.833333333333332,23.32,11.125,6.333333333333333,10.4,3.375,0.3333333333333333,2.4,3.1,0.3333333333333333,2.2,4.825,2.3333333333333335,3.6,1.125,0.3333333333333333,1.2,2.15,0.0,1.6,7.65,4.333333333333333,6.4,2.925,1.3333333333333333,1.6,0.12962408434195458,40.0,14.0,26.0,0.35,28.2,11.1,3.4,4.8,-2.8
CHI,Rachel Banham,2026-10-06T17:14:24.450680+00:00,84,19.416666666666664,17.900000000000002,18.6,7.095238095238095,7.333333333333333,7.0,1.4285714285714286,0.3333333333333333,1.0,1.3214285714285714,0.3333333333333333,1.0,2.0238095238095237,2.0,1.8,1.5595238095238095,1.3333333333333333,1.2,1.2142857142857142,1.0,1.0,6.309523809523809,7.0,7.0,0.9285714285714286,0.0,0.4,0.09262256291829328,40.0,15.0,25.0,0.375,13.7,5.0,1.2,1.3,-1.5
CHI,Rebecca Allen,2026-10-06T17:14:24.454791+00:00,44,18.672727272727276,21.433333333333337,19.68,5.113636363636363,5.0,4.6,2.5681818181818183,2.3333333333333335,2.6,2.2045454545454546,2.0,2.0,1.2954545454545454,2.0,1.8,0.9545454545454546,1.0,1.0,0.8863636363636364,0.6666666666666666,0.8,5.454545454545454,6.666666666666667,5.6,0.7045454545454546,0.0,0.0,0.06839536282495605,44.0,10.0,34.0,0.227,18.7,5.1,2.6,1.3,-5.3
CHI,Rickea Jackson,2026-10-06T17:14:24.458801+00:00,4,29.500000000000004,27.433333333333334,29.500000000000004,18.0,17.666666666666668,18.0,4.75,4.0,4.75,3.75,3.0,3.75,2.0,1.6666666666666667,2.0,1.5,1.6666666666666667,1.5,2.0,1.6666666666666667,2.0,15.0,15.333333333333334,15.0,5.5,4.0,5.5,0.2184780371149276,4.0,3.0,1.0,0.75,29.5,18.0,4.8,2.0,-3.8
CHI,Saylor Poffenbarger,2026-10-06T17:14:24.462900+00:00,5,5.1,6.266666666666666,5.1,0.0,0.0,0.0,1.2,1.0,1.2,1.0,1.0,1.0,0.2,0.3333333333333333,0.2,0.0,0.0,0.0,0.0,0.0,0.0,0.8,1.3333333333333333,0.8,0.0,0.0,0.0,0.0,,,,,,,,,
CHI,Sevgi Uzun,2026-10-06T17:14:24.466772+00:00,18,18.738888888888887,21.700000000000003,20.46,3.7222222222222223,4.666666666666667,4.2,1.3888888888888888,1.0,0.8,1.3333333333333333,1.0,0.8,2.7222222222222223,4.0,3.6,0.2222222222222222,0.0,0.0,1.8333333333333333,1.3333333333333333,1.2,4.5,5.0,4.4,0.5555555555555556,0.6666666666666666,1.2,0.051756455564004544,25.0,8.0,17.0,0.32,17.6,3.1,1.2,2.5,-2.1
CHI,Skylar Diggins,2026-10-06T17:14:24.470777+00:00,19,29.115789473684213,28.366666666666664,26.02,14.157894736842104,12.0,10.8,3.1578947368421053,3.3333333333333335,2.8,2.473684210526316,3.3333333333333335,2.4,4.894736842105263,6.0,5.6,1.368421052631579,2.0,1.2,1.736842105263158,2.3333333333333335,2.0,11.68421052631579,10.666666666666666,9.8,4.684210526315789,2.6666666666666665,3.2,0.16404682459205647,19.0,5.0,14.0,0.263,29.1,14.2,3.2,4.9,-4.2
CHI,Sydney Taylor,2026-10-06T17:14:24.474779+00:00,37,20.591891891891887,23.766666666666666,22.1,13.621621621621621,12.0,12.2,1.7027027027027026,4.0,3.0,1.3783783783783783,4.0,2.8,1.972972972972973,3.6666666666666665,3.2,1.9189189189189189,1.0,1.4,1.5675675675675675,2.3333333333333335,2.2,11.35135135135135,12.666666666666666,12.8,2.7837837837837838,5.0,5.0,0.15189794176329885,37.0,13.0,24.0,0.351,20.6,13.6,1.7,2.0,0.8
CON,Aaliyah Edwards,2026-10-06T17:14:24.478980+00:00,45,19.413333333333338,24.73333333333333,23.68,8.911111111111111,12.0,13.8,4.511111111111111,7.333333333333333,6.4,3.0444444444444443,4.666666666666667,3.8,0.9111111111111111,1.6666666666666667,1.2,0.15555555555555556,0.3333333333333333,0.6,1.5555555555555556,3.0,2.4,6.866666666666666,11.0,11.4,2.7333333333333334,3.6666666666666665,4.4,0.11363353247139092,30.0,9.0,21.0,0.3,20.6,11.1,4.7,1.0,-7.0
CON,Aneesah Morrow,2026-10-06T17:14:24.483213+00:00,61,20.29836065573771,25.833333333333332,18.16,8.934426229508198,17.333333333333332,11.2,7.540983606557377,6.333333333333333,4.4,5.295081967213115,4.333333333333333,3.2,0.8852459016393442,2.6666666666666665,1.6,0.6065573770491803,1.6666666666666667,1.0,1.2950819672131149,1.3333333333333333,1.0,8.442622950819672,12.666666666666666,8.6,2.3442622950819674,3.3333333333333335,2.4,0.11716373796109855,41.0,11.0,30.0,0.268,18.9,7.7,6.9,0.5,-3.4
CON,Ashlon Jackson,2026-10-06T17:14:24.487272+00:00,19,13.75263157894737,19.599999999999998,20.76,3.3684210526315788,8.0,6.6,1.263157894736842,1.6666666666666667,2.0,1.1578947368421053,1.6666666666666667,1.8,0.8421052631578947,1.6666666666666667,1.4,0.7894736842105263,2.3333333333333335,2.0,0.3684210526315789,0.3333333333333333,0.6,3.473684210526316,5.0,4.8,0.21052631578947367,0.6666666666666666,0.4,0.04290147952901306,19.0,5.0,14.0,0.263,13.7,3.4,1.3,0.8,-5.9
CON,Bria Hartley,2026-10-06T17:14:24.491262+00:00,38,22.826315789473682,30.366666666666664,24.56,8.868421052631579,11.333333333333334,8.0,1.9736842105263157,3.0,1.8,1.6842105263157894,2.0,1.2,3.0789473684210527,4.666666666666667,3.6,1.4210526315789473,1.0,0.6,1.8157894736842106,2.3333333333333335,1.8,7.7105263157894735,6.666666666666667,5.8,2.4210526315789473,4.0,3.2,0.11207530573465492,38.0,10.0,28.0,0.263,22.8,8.9,2.0,3.1,-6.9
CON,Brittney Griner,2026-10-06T17:14:24.495237+00:00,18,25.31111111111111,24.46666666666667,24.7,13.222222222222221,10.333333333333334,12.6,5.833333333333333,6.666666666666667,6.0,3.888888888888889,4.333333333333333,4.0,2.5,1.3333333333333333,2.8,0.05555555555555555,0.3333333333333333,0.2,1.7777777777777777,1.6666666666666667,1.8,10.222222222222221,9.0,10.0,3.5555555555555554,3.0,3.4,0.16285645655121783,18.0,7.0,11.0,0.389,25.3,13.2,5.8,2.5,-3.6
CON,Charlisse Leger-Walker,2026-10-06T17:14:24.499267+00:00,44,23.66590909090909,24.466666666666665,25.16,7.204545454545454,8.0,9.0,2.5454545454545454,5.0,3.2,2.2045454545454546,4.333333333333333,2.8,3.659090909090909,4.0,4.0,0.9772727272727273,1.0,1.6,1.8409090909090908,2.3333333333333335,2.0,6.7727272727272725,6.666666666666667,8.4,1.3863636363636365,1.0,0.6,0.09360892211285433,44.0,11.0,33.0,0.25,23.7,7.2,2.5,3.7,-5.8
CON,Diamond Miller,2026-10-06T17:14:24.503139+00:00,43,22.683720930232557,24.166666666666668,24.82,9.767441860465116,12.333333333333334,12.8,2.6744186046511627,3.0,3.2,2.255813953488372,2.0,2.4,1.3953488372093024,1.0,1.2,1.2325581395348837,2.3333333333333335,2.0,1.441860465116279,1.3333333333333333,1.2,8.790697674418604,10.0,11.2,2.744186046511628,3.0,4.0,0.12457708024967208,43.0,11.0,32.0,0.256,22.7,9.8,2.7,1.4,-5.5
CON,Gianna Kneepkens,2026-10-06T17:14:24.506939+00:00,36,10.200000000000001,21.53333333333333,19.259999999999998,3.5,10.333333333333334,6.6,1.3888888888888888,3.0,2.8,0.9166666666666666,2.0,2.2,0.5555555555555556,2.0,1.4,0.3611111111111111,1.3333333333333333,0.8,0.3333333333333333,2.0,1.2,3.2222222222222223,6.0,5.4,0.7222222222222222,1.6666666666666667,1.0,0.04474469979391567,36.0,8.0,28.0,0.222,10.2,3.5,1.4,0.6,-2.8
CON,Hailey Van Lith,2026-10-06T17:14:24.510789+00:00,22,15.859090909090911,20.2,19.6,5.454545454545454,5.333333333333333,6.4,1.6363636363636365,3.6666666666666665,3.0,1.3636363636363635,3.6666666666666665,2.8,2.1363636363636362,4.0,3.0,0.5454545454545454,0.0,0.4,1.1818181818181819,2.3333333333333335,2.0,5.136363636363637,5.0,5.4,0.6363636363636364,0.0,0.4,0.06977565963043166,22.0,4.0,18.0,0.182,15.9,5.5,1.6,2.1,-4.8
CON,Haley Peters,2026-10-06T17:14:24.514712+00:00,33,11.515151515151516,6.3999999999999995,8.180000000000001,2.0606060606060606,2.0,2.2,2.242424242424242,0.6666666666666666,2.6,1.4848484848484849,0.0,1.6,0.7575757575757576,0.3333333333333333,0.6,0.24242424242424243,0.6666666666666666,0.6,0.6666666666666666,0.3333333333333333,0.4,2.484848484848485,1.6666666666666667,1.8,0.3939393939393939,0.0,0.4,0.028593851384755807,33.0,6.0,27.0,0.182,11.5,2.1,2.2,0.8,-3.4
CON,Jacy Sheldon,2026-10-06T17:14:24.518668+00:00,28,24.150000000000002,22.2,22.4,7.535714285714286,3.6666666666666665,7.0,1.9285714285714286,2.3333333333333335,2.6,1.1785714285714286,1.3333333333333333,2.0,1.9642857142857142,2.0,2.0,1.25,0.3333333333333333,1.4,1.0714285714285714,0.3333333333333333,0.6,6.0,5.0,5.6,0.7142857142857143,0.6666666666666666,0.4,0.10170395550433306,,,,,,,,,
CON,Jaelyn Brown,2026-10-06T17:14:24.522435+00:00,10,13.12,11.700000000000001,10.6,3.7,2.3333333333333335,2.0,1.2,1.3333333333333333,1.4,0.8,0.3333333333333333,0.6,0.1,0.3333333333333333,0.2,0.8,0.3333333333333333,0.4,0.5,0.3333333333333333,0.4,3.7,3.6666666666666665,3.6,0.2,0.0,0.0,0.05433840086927953,10.0,1.0,9.0,0.1,13.1,3.7,1.2,0.1,-5.4
CON,Kariata Diaby,2026-10-06T17:14:24.526140+00:00,13,7.976923076923077,3.4,4.540000000000001,1.9230769230769231,0.0,0.8,1.0,0.0,0.4,0.7692307692307693,0.0,0.4,0.38461538461538464,0.0,0.0,0.0,0.0,0.0,0.9230769230769231,1.0,0.6,1.0769230769230769,0.0,0.8,1.0769230769230769,0.0,0.4,0.027685912539276027,13.0,1.0,12.0,0.077,8.0,1.9,1.0,0.4,-2.4
CON,Kennedy Burke,2026-10-06T17:14:24.529880+00:00,37,23.827027027027025,28.400000000000002,27.080000000000002,8.783783783783784,10.666666666666666,12.0,3.2162162162162162,3.6666666666666665,3.4,2.189189189189189,2.0,2.2,1.4324324324324325,1.3333333333333333,1.4,1.1891891891891893,0.3333333333333333,1.0,1.4864864864864864,1.0,1.2,7.54054054054054,10.333333333333334,10.8,2.1621621621621623,3.3333333333333335,2.0,0.11009542258030484,37.0,10.0,27.0,0.27,23.8,8.8,3.2,1.4,-2.9
CON,Leila Lacan,2026-10-06T17:14:24.533620+00:00,55,27.360000000000003,24.733333333333334,25.32,10.927272727272728,9.333333333333334,10.4,2.090909090909091,2.0,1.4,1.509090909090909,1.6666666666666667,1.2,4.090909090909091,3.0,3.2,0.8727272727272727,1.3333333333333333,1.4,2.1272727272727274,3.6666666666666665,2.8,9.563636363636364,9.0,9.2,1.981818181818182,0.6666666666666666,1.4,0.13562968687604635,30.0,9.0,21.0,0.3,28.0,11.4,1.9,4.4,-4.9
CON,Lindsay Allen,2026-10-06T17:14:24.537324+00:00,31,14.535483870967742,27.366666666666664,26.939999999999998,2.3870967741935485,3.6666666666666665,4.8,1.032258064516129,3.0,3.0,0.7419354838709677,2.6666666666666665,1.8,1.967741935483871,2.3333333333333335,2.6,0.0967741935483871,0.0,0.0,1.0,0.6666666666666666,1.2,2.096774193548387,3.3333333333333335,3.4,0.7419354838709677,2.0,2.4,0.03245970475934842,31.0,6.0,25.0,0.194,14.5,2.4,1.0,2.0,-4.7
CON,Mamignan Toure,2026-10-06T17:14:24.540947+00:00,18,8.2,13.399999999999999,13.079999999999998,2.0,3.3333333333333335,2.0,0.3888888888888889,1.6666666666666667,1.0,0.16666666666666666,0.6666666666666666,0.4,0.5,1.0,0.8,0.4444444444444444,0.6666666666666666,0.4,0.4444444444444444,0.6666666666666666,0.6,2.1666666666666665,4.0,3.0,0.0,0.0,0.0,0.026242297036686006,18.0,5.0,13.0,0.278,8.2,2.0,0.4,0.5,-1.4
CON,Marina Mabrey,2026-10-06T17:14:24.544699+00:00,35,31.525714285714283,35.36666666666667,32.239999999999995,14.4,17.666666666666668,13.0,4.171428571428572,3.0,2.6,3.6857142857142855,3.0,2.6,4.0285714285714285,4.666666666666667,4.6,1.8857142857142857,1.3333333333333333,1.0,2.8,3.6666666666666665,2.8,13.942857142857143,12.0,11.6,2.6285714285714286,5.0,3.4,0.18523697373118217,35.0,10.0,25.0,0.286,31.5,14.4,4.2,4.0,-8.4
CON,Nell Angloma,2026-10-06T17:14:24.548364+00:00,40,12.595,21.133333333333333,21.360000000000003,4.35,6.0,5.2,1.925,3.3333333333333335,3.4,1.125,2.3333333333333335,2.0,0.875,1.6666666666666667,2.2,0.15,0.3333333333333333,0.2,0.775,0.6666666666666666,0.6,3.9,8.0,6.8,1.7,1.3333333333333333,2.0,0.05685109034639559,40.0,11.0,29.0,0.275,12.6,4.4,1.9,0.9,-1.9
CON,Olivia Nelson-Ododa,2026-10-06T17:14:24.552583+00:00,70,21.437142857142856,16.9,21.6,9.128571428571428,9.666666666666666,13.6,5.4,2.0,5.4,3.7857142857142856,1.6666666666666667,3.8,1.2571428571428571,1.0,0.8,0.014285714285714285,0.0,0.0,1.3285714285714285,1.3333333333333333,1.8,6.171428571428572,6.333333333333333,7.8,3.342857142857143,3.0,4.0,0.12068619351735764,33.0,8.0,25.0,0.242,21.2,10.1,5.9,1.6,-3.0
CON,Raegan Beers,2026-10-06T17:14:24.556394+00:00,38,12.615789473684211,21.566666666666666,20.84,4.552631578947368,13.0,10.4,3.236842105263158,5.333333333333333,4.6,1.9473684210526316,3.0,3.0,0.8421052631578947,1.0,1.0,0.05263157894736842,0.0,0.0,0.9210526315789473,1.0,1.4,3.3157894736842106,8.333333333333334,7.6,1.736842105263158,4.0,2.6,0.05840320666808562,38.0,9.0,29.0,0.237,12.6,4.6,3.2,0.8,-2.1
CON,Rayah Marshall,2026-10-06T17:14:24.560067+00:00,21,5.9714285714285715,6.0,6.3,1.6666666666666667,1.3333333333333333,2.0,1.6666666666666667,1.3333333333333333,1.6,1.0952380952380953,1.0,0.8,0.38095238095238093,1.0,0.8,0.0,0.0,0.0,0.47619047619047616,0.0,0.2,1.6666666666666667,1.0,1.4,0.8571428571428571,0.0,1.2,0.023782995102690434,6.0,1.0,5.0,0.167,5.9,1.7,1.5,0.7,-2.7
CON,Robyn Parks,2026-10-06T17:14:24.563667+00:00,6,10.466666666666667,8.7,10.279999999999998,0.3333333333333333,0.0,0.4,1.5,1.0,1.8,1.3333333333333333,1.0,1.6,0.3333333333333333,0.6666666666666666,0.4,0.0,0.0,0.0,0.16666666666666666,0.0,0.2,0.8333333333333334,0.6666666666666666,0.8,0.0,0.0,0.0,0.005376344086021505,6.0,1.0,5.0,0.167,10.5,0.3,1.5,0.3,-1.3
CON,Saniya Rivers,2026-10-06T17:14:24.567286+00:00,80,24.41,21.599999999999998,23.439999999999998,7.9375,5.666666666666667,6.6,2.675,4.0,2.8,2.1,3.6666666666666665,2.4,2.8625,2.0,2.4,0.7,0.0,0.4,1.4125,1.0,0.8,8.1125,8.333333333333334,8.0,1.675,2.0,2.0,0.10334648132656951,38.0,8.0,30.0,0.211,22.5,6.9,2.5,3.1,-7.4
CON,Tina Charles,2026-10-06T17:14:24.571088+00:00,43,28.43720930232558,27.3,28.26,16.27906976744186,14.333333333333334,16.8,5.767441860465116,4.333333333333333,4.6,4.325581395348837,3.6666666666666665,3.8,1.7209302325581395,2.0,1.4,0.27906976744186046,0.0,0.0,1.9069767441860466,1.6666666666666667,1.8,13.790697674418604,13.0,14.4,4.558139534883721,4.0,3.4,0.21353766178825773,43.0,11.0,32.0,0.256,28.4,16.3,5.8,1.7,-9.4
DAL,Ajae Petty,2026-10-06T17:14:24.575410+00:00,2,3.15,3.15,3.15,0.0,0.0,0.0,0.5,0.5,0.5,0.5,0.5,0.5,0.0,0.0,0.0,0.0,0.0,0.0,0.0,0.0,0.0,0.0,0.0,0.0,0.0,0.0,0.0,0.0,2.0,1.0,1.0,0.5,3.2,0.0,0.5,0.0,-1.5
DAL,Alanna Smith,2026-10-06T17:14:24.579595+00:00,32,17.9,20.96666666666667,20.479999999999997,6.03125,8.666666666666666,7.8,3.9375,3.6666666666666665,3.6,2.8125,3.3333333333333335,3.2,1.03125,0.6666666666666666,0.8,0.5625,0.3333333333333333,0.4,1.1875,1.0,1.2,5.125,3.6666666666666665,4.0,1.15625,2.6666666666666665,1.6,0.06956553826326545,32.0,20.0,12.0,0.625,17.9,6.0,3.9,1.0,-0.3
DAL,Alysha Clark,2026-10-06T17:14:24.583275+00:00,30,11.409999999999998,10.966666666666667,12.099999999999998,2.6333333333333333,4.333333333333333,4.8,1.7,2.0,2.6,1.3333333333333333,1.6666666666666667,2.0,0.6666666666666666,0.6666666666666666,0.6,0.4666666666666667,0.6666666666666666,1.0,0.5,0.0,0.0,1.9666666666666666,3.0,3.0,0.8666666666666667,1.6666666666666667,1.4,0.02864632171552794,30.0,19.0,11.0,0.633,11.4,2.6,1.7,0.7,0.2
DAL,Amy Okonkwo,2026-10-06T17:14:24.586923+00:00,8,19.6125,18.3,21.360000000000003,11.0,10.333333333333334,10.8,3.125,3.3333333333333335,4.0,2.25,2.0,2.8,0.75,0.0,0.4,1.25,1.6666666666666667,1.2,0.875,0.6666666666666666,1.0,7.625,7.666666666666667,7.6,2.5,2.0,3.2,0.1358697889950278,8.0,1.0,7.0,0.125,19.6,11.0,3.1,0.8,-3.3
DAL,Arike Ogunbowale,2026-10-06T17:14:24.590493+00:00,73,31.335616438356166,34.06666666666667,30.560000000000002,15.36986301369863,17.333333333333332,16.2,2.8219178082191783,2.3333333333333335,2.8,2.191780821917808,1.6666666666666667,2.2,3.6301369863013697,4.666666666666667,4.2,1.6986301369863013,1.3333333333333333,1.6,1.7534246575342465,0.6666666666666666,0.8,12.95890410958904,12.333333333333334,12.0,3.9863013698630136,4.333333333333333,3.6,0.1783008516205732,44.0,27.0,17.0,0.614,30.0,15.3,3.0,3.3,2.6
DAL,Awak Kuier,2026-10-06T17:14:24.594252+00:00,41,18.62682926829268,28.7,25.72,6.317073170731708,11.0,8.8,3.902439024390244,4.666666666666667,5.4,3.1463414634146343,4.0,5.0,1.048780487804878,1.6666666666666667,1.4,0.7804878048780488,2.3333333333333335,1.6,1.0,1.0,1.2,4.609756097560975,5.333333333333333,4.2,1.1951219512195121,1.0,1.6,0.07115234643621879,41.0,25.0,16.0,0.61,18.6,6.3,3.9,1.0,3.4
DAL,Aziaha James,2026-10-06T17:14:24.597935+00:00,77,14.735064935064933,12.833333333333334,13.8,6.766233766233766,3.6666666666666665,6.0,2.6363636363636362,2.3333333333333335,2.0,1.8571428571428572,1.3333333333333333,1.2,1.4155844155844155,2.0,1.8,0.6103896103896104,0.0,0.6,0.8831168831168831,1.3333333333333333,1.4,6.532467532467533,4.666666666666667,5.4,1.6103896103896105,1.3333333333333333,1.2,0.0788083779986974,39.0,24.0,15.0,0.615,11.8,6.1,2.4,1.3,1.8
DAL,Azzi Fudd,2026-10-06T17:14:24.601608+00:00,30,31.666666666666668,30.566666666666663,32.28,13.1,9.666666666666666,12.0,1.7333333333333334,1.3333333333333333,1.4,1.2,1.0,1.0,1.8333333333333333,1.3333333333333333,1.6,2.066666666666667,2.3333333333333335,2.4,1.1,1.3333333333333333,1.8,11.4,9.0,10.0,0.7666666666666667,1.3333333333333333,0.8,0.1458995915758564,30.0,19.0,11.0,0.633,31.7,13.1,1.7,1.8,4.7
DAL,Christyn Williams,2026-10-06T17:14:24.605197+00:00,7,8.014285714285714,3.8333333333333335,4.859999999999999,2.5714285714285716,0.3333333333333333,1.4,0.8571428571428571,0.6666666666666666,0.8,0.5714285714285714,0.6666666666666666,0.8,0.5714285714285714,0.3333333333333333,0.2,0.14285714285714285,0.0,0.0,0.14285714285714285,0.0,0.0,2.857142857142857,1.3333333333333333,2.0,1.1428571428571428,0.6666666666666666,0.4,0.03361106800298652,3.0,3.0,0.0,1.0,3.8,0.3,0.7,0.3,1.0
DAL,Costanza Verona,2026-10-06T17:14:24.608675+00:00,1,5.8,5.8,5.8,4.0,4.0,4.0,0.0,0.0,0.0,0.0,0.0,0.0,2.0,2.0,2.0,0.0,0.0,0.0,0.0,0.0,0.0,2.0,2.0,2.0,0.0,0.0,0.0,0.05263157894736842,1.0,0.0,1.0,0.0,5.8,4.0,0.0,2.0,-4.0
DAL,DiJonai Carrington,2026-10-06T17:14:24.612448+00:00,20,24.830000000000005,19.46666666666667,20.639999999999997,10.4,7.0,7.8,5.05,5.0,4.6,3.0,4.666666666666667,3.8,1.8,1.6666666666666667,1.2,0.65,0.0,0.0,2.45,2.0,1.6,10.45,7.0,8.4,2.85,1.6666666666666667,1.4,0.1255790554376292,,,,,,,,,
DAL,Diamond Miller,2026-10-06T17:14:24.616160+00:00,15,12.726666666666668,12.333333333333334,17.380000000000003,3.8666666666666667,2.3333333333333335,5.0,2.0,3.3333333333333335,3.6,1.5333333333333334,3.0,2.4,1.0666666666666667,0.6666666666666666,1.0,0.2,0.3333333333333333,0.2,0.9333333333333333,0.6666666666666666,1.0,4.733333333333333,3.6666666666666665,7.4,0.8666666666666667,0.6666666666666666,1.0,0.0499015577009535,40.0,23.0,17.0,0.575,10.9,4.0,1.3,0.8,-2.6
DAL,Grace Berger,2026-10-06T17:14:24.619669+00:00,18,22.350000000000005,24.566666666666666,27.3,3.5555555555555554,3.6666666666666665,4.4,3.4444444444444446,4.0,3.8,2.8333333333333335,2.3333333333333335,2.6,3.1666666666666665,3.0,3.6,0.1111111111111111,0.3333333333333333,0.2,1.0,0.6666666666666666,1.0,4.722222222222222,4.666666666666667,4.8,0.8333333333333334,0.0,0.6,0.04428741955897282,19.0,4.0,15.0,0.211,22.0,3.4,3.3,3.1,-6.9
DAL,Haley Jones,2026-10-06T17:14:24.623480+00:00,29,19.56896551724138,6.233333333333333,4.3,6.931034482758621,1.3333333333333333,1.2,3.310344827586207,1.6666666666666667,1.2,2.6551724137931036,0.6666666666666666,0.6,2.206896551724138,1.3333333333333333,0.8,0.3793103448275862,0.0,0.0,1.6206896551724137,0.3333333333333333,0.2,6.275862068965517,1.6666666666666667,1.2,1.206896551724138,0.0,0.0,0.0840439058137765,10.0,5.0,5.0,0.5,7.8,3.2,1.7,0.9,-2.0
DAL,JJ Quinerly,2026-10-06T17:14:24.627299+00:00,36,15.330555555555556,10.333333333333334,16.880000000000003,6.166666666666667,2.3333333333333335,4.4,1.7777777777777777,1.0,1.2,1.2777777777777777,1.0,1.2,2.2222222222222223,1.0,3.2,0.5833333333333334,0.0,0.6,1.4444444444444444,0.6666666666666666,1.6,5.305555555555555,2.6666666666666665,4.4,1.25,0.3333333333333333,0.6,0.07527236369060994,2.0,1.0,1.0,0.5,6.2,1.0,0.5,1.0,-2.0
DAL,Jessica Shepard,2026-10-06T17:14:24.631083+00:00,42,31.75,31.900000000000002,29.78,14.476190476190476,15.666666666666666,15.4,11.119047619047619,12.0,11.4,8.30952380952381,9.333333333333334,9.0,5.309523809523809,7.666666666666667,7.8,0.023809523809523808,0.0,0.0,1.9285714285714286,1.6666666666666667,2.6,10.261904761904763,12.333333333333334,10.8,3.9047619047619047,7.333333333333333,7.0,0.16053756284611587,42.0,26.0,16.0,0.619,31.7,14.5,11.1,5.3,3.7
DAL,Kaila Charles,2026-10-06T17:14:24.634953+00:00,17,15.852941176470589,18.666666666666668,18.259999999999998,5.294117647058823,2.6666666666666665,5.2,4.0,5.333333333333333,4.8,2.5294117647058822,4.0,3.6,1.0588235294117647,2.0,1.6,0.5882352941176471,0.0,0.6,0.9411764705882353,1.0,1.0,4.705882352941177,4.666666666666667,6.0,1.588235294117647,1.3333333333333333,1.8,0.06287850343020417,,,,,,,,,
DAL,Kitija Laksa,2026-10-06T17:14:24.638786+00:00,4,9.899999999999999,8.200000000000001,9.899999999999999,3.0,0.6666666666666666,3.0,1.75,1.0,1.75,1.0,0.6666666666666666,1.0,0.0,0.0,0.0,0.5,0.0,0.5,1.0,1.0,1.0,5.0,4.0,5.0,0.0,0.0,0.0,0.03152032231307027,4.0,3.0,1.0,0.75,9.9,3.0,1.8,0.0,-3.5
DAL,Li Yueru,2026-10-06T17:14:24.642572+00:00,55,14.238181818181816,10.200000000000001,11.26,4.945454545454545,3.0,3.2,4.0,3.6666666666666665,3.8,2.581818181818182,2.3333333333333335,2.8,0.6909090909090909,0.6666666666666666,0.6,0.4727272727272727,0.0,0.0,0.8,0.6666666666666666,1.0,3.890909090909091,2.0,2.4,1.6545454545454545,1.6666666666666667,1.8,0.05761492698199167,33.0,21.0,12.0,0.636,10.3,3.3,2.8,0.5,1.4
DAL,Liatu King,2026-10-06T17:14:24.646327+00:00,2,8.0,8.0,8.0,1.0,1.0,1.0,2.0,2.0,2.0,1.0,1.0,1.0,0.0,0.0,0.0,0.0,0.0,0.0,0.0,0.0,0.0,1.5,1.5,1.5,0.0,0.0,0.0,0.013888888888888888,14.0,5.0,9.0,0.357,9.7,2.7,2.1,0.3,-1.0
DAL,Luisa Geiselsoder,2026-10-06T17:14:24.650074+00:00,28,22.432142857142853,19.23333333333333,23.340000000000003,6.857142857142857,3.3333333333333335,5.2,4.75,4.666666666666667,4.6,3.892857142857143,4.333333333333333,4.2,1.5714285714285714,1.0,1.6,1.1071428571428572,0.6666666666666666,1.2,1.0,2.0,1.6,6.392857142857143,5.333333333333333,6.6,0.39285714285714285,0.0,0.0,0.08347078693083561,28.0,5.0,23.0,0.179,22.4,6.9,4.8,1.6,-4.8
DAL,Maddy Siegrist,2026-10-06T17:14:24.653815+00:00,67,19.568656716417912,19.599999999999998,19.640000000000004,8.925373134328359,7.666666666666667,9.2,3.298507462686567,2.3333333333333335,2.2,1.9850746268656716,1.3333333333333333,1.4,0.8507462686567164,0.6666666666666666,0.8,0.9104477611940298,1.6666666666666667,1.6,0.40298507462686567,1.0,0.6,7.268656716417911,6.333333333333333,7.2,1.3134328358208955,1.0,0.6,0.10606939376032898,41.0,26.0,15.0,0.634,14.9,6.5,2.7,0.9,2.5
DAL,Myisha Hines-Allen,2026-10-06T17:14:24.657544+00:00,40,22.055,31.333333333333332,30.560000000000002,7.55,11.333333333333334,10.4,6.0,11.333333333333334,9.6,4.55,7.333333333333333,7.0,2.9,5.666666666666667,4.2,0.4,0.3333333333333333,0.4,2.175,2.0,2.2,6.225,12.0,11.0,2.075,3.6666666666666665,3.0,0.09310462224998806,40.0,9.0,31.0,0.225,22.1,7.6,6.0,2.9,-2.4
DAL,NaLyssa Smith,2026-10-06T17:14:24.661256+00:00,18,19.09444444444445,22.23333333333333,23.2,6.722222222222222,5.0,6.8,4.944444444444445,7.0,7.4,3.3333333333333335,4.666666666666667,5.2,0.7777777777777778,1.0,1.0,0.1111111111111111,0.0,0.0,0.9444444444444444,1.6666666666666667,1.8,5.944444444444445,6.333333333333333,7.0,2.611111111111111,2.0,2.0,0.08400693847693835,,,,,,,,,
DAL,Odyssey Sims,2026-10-06T17:14:24.665008+00:00,35,14.317142857142859,13.066666666666668,10.279999999999998,4.628571428571429,4.0,2.8,0.9428571428571428,1.0,0.8,0.8,0.6666666666666666,0.4,2.0,1.6666666666666667,1.6,0.42857142857142855,0.0,0.0,1.0,0.6666666666666666,0.8,4.228571428571429,3.3333333333333335,2.4,1.1142857142857143,1.0,0.6,0.052089226777970246,35.0,23.0,12.0,0.657,14.3,4.6,0.9,2.0,-0.3
DAL,Paige Bueckers,2026-10-06T17:14:24.668794+00:00,78,33.01538461538461,31.46666666666667,29.080000000000002,20.128205128205128,27.0,23.0,4.051282051282051,4.666666666666667,4.4,3.3974358974358974,4.666666666666667,4.2,5.653846153846154,6.333333333333333,5.6,1.5256410256410255,3.3333333333333335,2.4,2.08974358974359,2.0,2.2,15.346153846153847,18.666666666666668,16.4,3.8333333333333335,3.6666666666666665,3.0,0.2342222666713254,42.0,27.0,15.0,0.643,32.8,20.9,4.1,5.9,4.5
DAL,Serena Sundell,2026-10-06T17:14:24.672884+00:00,3,7.233333333333333,7.233333333333333,7.233333333333333,0.0,0.0,0.0,0.3333333333333333,0.3333333333333333,0.3333333333333333,0.3333333333333333,0.3333333333333333,0.3333333333333333,0.0,0.0,0.0,0.0,0.0,0.0,0.6666666666666666,0.6666666666666666,0.6666666666666666,0.3333333333333333,0.3333333333333333,0.3333333333333333,0.0,0.0,0.0,0.0,3.0,0.0,3.0,0.0,7.2,0.0,0.3,0.0,-6.3
DAL,Sug Sutton,2026-10-06T17:14:24.676762+00:00,22,8.586363636363636,11.633333333333335,8.38,2.272727272727273,3.6666666666666665,2.6,0.7272727272727273,1.3333333333333333,0.8,0.6818181818181818,1.3333333333333333,0.8,1.5,1.3333333333333333,1.2,0.22727272727272727,0.3333333333333333,0.2,0.6818181818181818,1.0,1.0,1.9545454545454546,3.3333333333333335,2.2,0.18181818181818182,0.6666666666666666,0.4,0.02632033922120952,25.0,13.0,12.0,0.52,10.3,3.4,0.8,2.0,-0.9
DAL,Teaira McCowan,2026-10-06T17:14:24.680995+00:00,17,12.876470588235295,10.833333333333334,8.919999999999998,5.588235294117647,6.666666666666667,5.4,4.588235294117647,5.666666666666667,4.0,2.823529411764706,3.3333333333333335,2.4,0.5882352941176471,0.6666666666666666,0.8,0.058823529411764705,0.0,0.0,0.9411764705882353,1.0,0.8,3.9411764705882355,4.0,3.6,1.7058823529411764,3.3333333333333335,2.4,0.06917101559262519,17.0,3.0,14.0,0.176,12.9,5.6,4.6,0.6,-2.4
DAL,Tyasha Harris,2026-10-06T17:14:24.685027+00:00,5,16.48,15.433333333333335,16.48,4.6,5.333333333333333,4.6,1.0,0.6666666666666666,1.0,0.8,0.6666666666666666,0.8,2.6,2.3333333333333335,2.6,1.0,1.3333333333333333,1.0,0.6,0.0,0.6,3.6,3.6666666666666665,3.6,0.4,0.6666666666666666,0.4,0.05902004620314479,5.0,1.0,4.0,0.2,16.5,4.6,1.0,2.6,3.0
GSV,Aerial Powers,2026-10-06T17:14:24.688915+00:00,2,3.5500000000000003,3.5500000000000003,3.5500000000000003,1.0,1.0,1.0,1.0,1.0,1.0,0.5,0.5,0.5,0.5,0.5,0.5,0.0,0.0,0.0,0.0,0.0,0.0,1.0,1.0,1.0,1.0,1.0,1.0,0.011494252873563218,,,,,,,,,
GSV,Aminata Gueye,2026-10-06T17:14:24.692538+00:00,1,3.6,3.6,3.6,0.0,0.0,0.0,0.0,0.0,0.0,0.0,0.0,0.0,0.0,0.0,0.0,0.0,0.0,0.0,1.0,1.0,1.0,1.0,1.0,1.0,0.0,0.0,0.0,0.0,1.0,1.0,0.0,1.0,3.6,0.0,0.0,0.0,-2.0
GSV,Ashten Prechtel,2026-10-06T17:14:24.696395+00:00,6,7.250000000000001,3.5,7.74,1.8333333333333333,1.0,1.2,1.8333333333333333,1.0,2.0,1.5,1.0,1.8,0.5,0.0,0.6,0.3333333333333333,0.3333333333333333,0.2,1.1666666666666667,0.3333333333333333,1.2,1.5,1.0,1.2,0.5,0.0,0.6,0.02041468471065235,6.0,6.0,0.0,1.0,7.2,1.8,1.8,0.5,-0.7
GSV,Bree Hall,2026-10-06T17:14:24.700206+00:00,3,4.133333333333333,4.133333333333333,4.133333333333333,1.0,1.0,1.0,0.6666666666666666,0.6666666666666666,0.6666666666666666,0.6666666666666666,0.6666666666666666,0.6666666666666666,0.0,0.0,0.0,0.0,0.0,0.0,1.0,1.0,1.0,1.0,1.0,1.0,1.0,1.0,1.0,0.011494252873563218,,,,,,,,,
GSV,Carla Leite,2026-10-06T17:14:24.703961+00:00,37,17.22432432432432,8.966666666666667,12.9,7.243243243243243,0.3333333333333333,4.4,1.2972972972972974,0.3333333333333333,0.6,1.054054054054054,0.3333333333333333,0.4,2.027027027027027,1.3333333333333333,2.4,0.35135135135135137,0.0,0.0,1.5405405405405406,1.0,2.0,6.0,2.3333333333333335,4.0,2.675675675675676,0.6666666666666666,2.0,0.09155575076499343,37.0,19.0,18.0,0.514,17.2,7.2,1.3,2.0,1.9
GSV,Cecilia Zandalasini,2026-10-06T17:14:24.707920+00:00,56,20.592857142857145,21.46666666666667,21.02,9.232142857142858,9.666666666666666,10.8,2.4107142857142856,2.6666666666666665,2.2,2.125,2.3333333333333335,2.0,1.7142857142857142,1.0,1.4,1.5178571428571428,1.6666666666666667,1.4,1.3392857142857142,1.0,0.8,7.946428571428571,8.333333333333334,9.6,1.3928571428571428,1.6666666666666667,2.0,0.11585616800127856,37.0,27.0,10.0,0.73,19.0,8.6,2.1,1.7,2.9
GSV,Chloe Bibby,2026-10-06T17:14:24.711983+00:00,5,13.2,7.5,13.2,6.4,3.0,6.4,2.8,2.3333333333333335,2.8,2.2,2.0,2.2,0.6,0.0,0.6,1.6,1.0,1.6,0.0,0.0,0.0,5.4,2.3333333333333335,5.4,0.4,0.0,0.4,0.07471022261217526,,,,,,,,,
GSV,Gabby Williams,2026-10-06T17:14:24.715812+00:00,39,25.064102564102566,27.900000000000002,25.9,14.35897435897436,15.666666666666666,14.2,3.282051282051282,3.3333333333333335,3.4,2.641025641025641,3.0,3.0,2.230769230769231,3.0,3.0,1.7179487179487178,2.3333333333333335,2.4,1.4871794871794872,0.3333333333333333,0.2,12.820512820512821,16.0,14.0,3.1025641025641026,1.3333333333333333,2.0,0.17491457234096494,39.0,28.0,11.0,0.718,25.1,14.4,3.3,2.2,2.8
GSV,Iliana Rupert,2026-10-06T17:14:24.719770+00:00,21,23.17142857142857,25.233333333333334,25.920000000000005,9.285714285714286,9.666666666666666,8.2,3.857142857142857,5.666666666666667,5.0,2.857142857142857,4.0,3.4,1.5714285714285714,1.6666666666666667,2.0,2.1904761904761907,2.3333333333333335,1.8,0.9523809523809523,1.3333333333333333,1.2,7.285714285714286,7.666666666666667,7.6,0.7619047619047619,1.3333333333333333,0.8,0.12348809578249217,21.0,13.0,8.0,0.619,23.2,9.3,3.9,1.6,3.5
GSV,Janelle Salaun,2026-10-06T17:14:24.723687+00:00,76,24.409210526315785,19.166666666666668,20.7,12.052631578947368,8.0,10.2,4.4868421052631575,5.666666666666667,5.0,3.513157894736842,4.0,3.6,1.1973684210526316,0.6666666666666666,1.2,2.0526315789473686,0.6666666666666666,1.6,1.118421052631579,1.0,1.0,9.868421052631579,8.0,8.6,2.236842105263158,2.3333333333333335,2.0,0.14980268147053732,40.0,28.0,12.0,0.7,22.0,12.7,4.0,1.2,4.0
GSV,Julie Vanloo,2026-10-06T17:14:24.727567+00:00,9,20.0,23.23333333333333,22.02,4.555555555555555,4.666666666666667,4.4,1.8888888888888888,2.3333333333333335,1.6,1.6666666666666667,2.3333333333333335,1.6,4.111111111111111,6.0,6.0,0.8888888888888888,0.3333333333333333,0.6,2.5555555555555554,3.0,2.8,5.333333333333333,5.0,4.8,0.6666666666666666,1.6666666666666667,1.2,0.062319207223308845,,,,,,,,,
GSV,Juste Jocyte,2026-10-06T17:14:24.731281+00:00,16,8.075,17.3,13.540000000000001,3.125,7.333333333333333,4.8,0.75,2.3333333333333335,1.4,0.5,1.0,0.6,1.0625,2.0,2.0,0.6875,2.0,1.2,0.6875,1.0,0.8,2.875,6.333333333333333,4.0,0.375,0.0,0.0,0.03790745235138063,16.0,13.0,3.0,0.813,8.1,3.1,0.8,1.1,0.5
GSV,Kaila Charles,2026-10-06T17:14:24.735004+00:00,62,19.951612903225808,25.96666666666667,26.640000000000004,6.629032258064516,8.333333333333334,8.6,4.629032258064516,7.666666666666667,7.4,3.161290322580645,5.333333333333333,5.4,1.2580645161290323,1.3333333333333333,2.2,0.6774193548387096,0.6666666666666666,0.4,1.0483870967741935,1.0,1.4,5.870967741935484,8.666666666666666,9.2,1.2580645161290323,1.3333333333333333,2.4,0.083229919881755,44.0,32.0,12.0,0.727,20.2,6.3,4.7,1.4,4.7
GSV,Kaitlyn Chen,2026-10-06T17:14:24.738747+00:00,68,13.533823529411764,19.366666666666667,22.139999999999997,5.338235294117647,9.333333333333334,12.0,1.0588235294117647,1.6666666666666667,1.4,0.7941176470588235,1.6666666666666667,1.4,1.6029411764705883,1.6666666666666667,1.8,0.5147058823529411,1.0,2.2,1.0147058823529411,1.0,1.0,4.279411764705882,8.666666666666666,8.8,0.7352941176470589,0.3333333333333333,0.8,0.06588051397100177,44.0,32.0,12.0,0.727,15.3,7.2,1.1,1.9,2.5
GSV,Kate Martin,2026-10-06T17:14:24.742549+00:00,42,16.359523809523814,12.733333333333334,14.66,6.214285714285714,0.6666666666666666,4.4,2.6666666666666665,3.0,3.2,2.1904761904761907,2.0,2.4,0.9523809523809523,0.6666666666666666,0.6,1.3571428571428572,0.0,1.0,0.8095238095238095,0.3333333333333333,0.6,6.333333333333333,4.333333333333333,5.2,0.9761904761904762,0.0,1.4,0.07954956726678866,42.0,22.0,20.0,0.524,16.4,6.2,2.7,1.0,-0.6
GSV,Kayla Thornton,2026-10-06T17:14:24.746407+00:00,66,26.254545454545454,27.133333333333336,26.24,9.818181818181818,4.666666666666667,8.8,5.333333333333333,5.0,4.2,3.878787878787879,4.0,3.2,0.9545454545454546,0.3333333333333333,0.8,1.606060606060606,0.6666666666666666,1.6,0.9848484848484849,1.0,0.8,8.757575757575758,5.666666666666667,7.0,2.1818181818181817,1.6666666666666667,2.4,0.11964362165957165,44.0,32.0,12.0,0.727,24.3,7.7,4.5,0.7,5.3
GSV,Kiah Stokes,2026-10-06T17:14:24.750200+00:00,43,22.26046511627907,26.0,22.86,3.5813953488372094,4.0,2.8,5.767441860465116,9.333333333333334,7.6,4.534883720930233,7.0,5.4,1.2790697674418605,2.3333333333333335,1.6,0.46511627906976744,0.3333333333333333,0.2,0.5348837209302325,1.0,0.8,3.372093023255814,3.6666666666666665,2.8,0.4418604651162791,1.3333333333333333,0.8,0.043878718825378284,43.0,31.0,12.0,0.721,22.3,3.6,5.8,1.3,2.5
GSV,Kyara Linskens,2026-10-06T17:14:24.754050+00:00,4,6.7,7.699999999999999,6.7,1.0,1.3333333333333333,1.0,1.5,2.0,1.5,1.25,1.6666666666666667,1.25,0.25,0.3333333333333333,0.25,0.0,0.0,0.0,0.5,0.3333333333333333,0.5,1.25,1.6666666666666667,1.25,0.0,0.0,0.0,0.0113607188703466,4.0,2.0,2.0,0.5,6.7,1.0,1.5,0.3,1.8
GSV,Laeticia Amihere,2026-10-06T17:14:24.757792+00:00,68,12.389705882352942,10.766666666666667,15.220000000000002,4.529411764705882,5.333333333333333,8.2,3.5588235294117645,1.6666666666666667,2.2,2.3529411764705883,0.6666666666666666,1.4,0.9558823529411765,0.3333333333333333,1.0,0.14705882352941177,0.0,0.4,0.9117647058823529,0.3333333333333333,1.0,3.3529411764705883,3.6666666666666665,5.4,1.7647058823529411,2.3333333333333335,2.4,0.05701519528293421,39.0,30.0,9.0,0.769,11.7,3.9,3.0,1.0,2.3
GSV,Miela Sowah,2026-10-06T17:14:24.761494+00:00,7,3.3857142857142857,3.0,3.5799999999999996,0.2857142857142857,0.6666666666666666,0.4,0.7142857142857143,0.6666666666666666,1.0,0.5714285714285714,0.3333333333333333,0.8,0.0,0.0,0.0,0.0,0.0,0.0,0.5714285714285714,0.6666666666666666,0.8,1.4285714285714286,1.0,1.6,0.0,0.0,0.0,0.0033222591362126247,7.0,7.0,0.0,1.0,3.4,0.3,0.7,0.0,-4.4
GSV,Monique Billings,2026-10-06T17:14:24.765016+00:00,26,18.25,19.5,20.26,7.3076923076923075,5.333333333333333,6.4,4.461538461538462,2.3333333333333335,3.4,3.0384615384615383,1.6666666666666667,2.2,0.5384615384615384,0.6666666666666666,1.0,0.38461538461538464,0.6666666666666666,0.4,0.8076923076923077,0.3333333333333333,0.8,5.8076923076923075,3.6666666666666665,5.6,2.0384615384615383,0.6666666666666666,1.8,0.09390848800964643,26.0,12.0,14.0,0.462,18.2,7.3,4.5,0.5,-0.4
GSV,Nadia Fingall,2026-10-06T17:14:24.768498+00:00,10,3.2099999999999995,3.0,3.94,1.1,0.6666666666666666,1.2,0.5,0.6666666666666666,0.8,0.2,0.3333333333333333,0.4,0.2,0.0,0.2,0.1,0.0,0.0,0.1,0.3333333333333333,0.2,0.6,0.3333333333333333,0.8,0.2,0.6666666666666666,0.4,0.013357157799648389,10.0,9.0,1.0,0.9,3.2,1.1,0.5,0.2,-2.4
GSV,Ndjakalenga Mwenentanda,2026-10-06T17:14:24.771975+00:00,5,2.58,3.466666666666667,2.58,0.0,0.0,0.0,0.4,0.6666666666666666,0.4,0.2,0.3333333333333333,0.2,0.4,0.6666666666666666,0.4,0.0,0.0,0.0,0.2,0.3333333333333333,0.2,0.2,0.3333333333333333,0.2,0.0,0.0,0.0,0.0,,,,,,,,,
GSV,Stephanie Talbot,2026-10-06T17:14:24.775533+00:00,16,16.73125,16.266666666666666,18.94,3.5625,5.666666666666667,6.0,3.3125,2.0,3.4,2.4375,1.6666666666666667,2.2,2.0,2.3333333333333335,2.4,0.5,1.0,1.2,1.1875,0.6666666666666666,0.8,3.6875,4.333333333333333,5.2,0.875,0.6666666666666666,0.4,0.045985946908921924,,,,,,,,,
GSV,Temi Fagbenle,2026-10-06T17:14:24.779237+00:00,39,23.723076923076924,29.599999999999998,27.82,7.384615384615385,8.666666666666666,9.4,4.871794871794871,4.333333333333333,3.8,3.076923076923077,1.3333333333333333,1.8,1.564102564102564,0.6666666666666666,0.8,0.3076923076923077,0.3333333333333333,0.4,1.4871794871794872,1.3333333333333333,1.0,6.384615384615385,8.333333333333334,8.0,0.9230769230769231,0.6666666666666666,0.8,0.09803921031663113,39.0,20.0,19.0,0.513,23.7,7.4,4.9,1.6,0.1
GSV,Tiffany Hayes,2026-10-06T17:14:24.782963+00:00,68,20.77058823529412,19.0,20.5,10.029411764705882,8.666666666666666,11.4,2.7205882352941178,1.0,2.4,2.1323529411764706,1.0,2.0,2.7058823529411766,3.0,3.8,0.9852941176470589,0.6666666666666666,0.8,1.4705882352941178,2.3333333333333335,2.0,7.514705882352941,7.0,9.4,3.073529411764706,3.3333333333333335,3.0,0.1251656091376581,42.0,31.0,11.0,0.738,17.0,9.0,2.0,2.5,3.6
GSV,Veronica Burton,2026-10-06T17:14:24.786669+00:00,88,28.99545454545455,32.1,30.26,12.056818181818182,13.0,10.8,4.0,4.666666666666667,4.8,2.8636363636363638,3.6666666666666665,4.0,5.875,5.666666666666667,5.2,1.3863636363636365,1.3333333333333333,1.0,1.7954545454545454,1.6666666666666667,1.8,8.977272727272727,9.666666666666666,8.0,3.9545454545454546,5.333333333333333,4.8,0.15054206073533527,44.0,32.0,12.0,0.727,28.6,12.2,3.6,5.7,7.4
IND,Aari McDonald,2026-10-06T17:14:24.790390+00:00,20,26.275,28.866666666666664,29.420000000000005,9.8,9.333333333333334,14.0,2.35,3.6666666666666665,3.0,1.9,3.0,2.6,4.7,6.0,5.6,1.2,1.0,2.0,2.3,2.3333333333333335,3.4,7.7,9.333333333333334,9.8,2.55,1.0,3.4,0.11861727044633381,20.0,12.0,8.0,0.6,26.3,9.8,2.4,4.7,2.1
IND,Aerial Powers,2026-10-06T17:14:24.794266+00:00,8,19.9375,22.766666666666666,21.380000000000003,9.0,11.0,11.2,4.625,2.6666666666666665,3.4,3.5,2.3333333333333335,2.6,2.375,2.3333333333333335,2.6,0.875,1.3333333333333333,1.0,1.375,1.0,0.8,7.875,8.0,9.0,2.125,2.3333333333333335,2.8,0.11298011555289361,10.0,7.0,3.0,0.7,16.7,7.4,3.9,2.0,4.7
IND,Aliyah Boston,2026-10-06T17:14:24.798235+00:00,84,28.697619047619053,20.766666666666666,23.04,15.535714285714286,9.333333333333334,10.0,8.083333333333334,5.333333333333333,4.6,5.988095238095238,3.6666666666666665,3.4,3.357142857142857,2.6666666666666665,2.6,0.5833333333333334,0.3333333333333333,0.6,2.0476190476190474,1.3333333333333333,1.8,11.571428571428571,7.333333333333333,7.4,3.3333333333333335,2.0,1.6,0.17139545057813282,40.0,25.0,15.0,0.625,27.1,16.1,8.0,3.0,5.7
IND,Bree Hall,2026-10-06T17:14:24.802222+00:00,6,5.333333333333333,5.433333333333334,5.4,2.6666666666666665,3.6666666666666665,3.2,1.1666666666666667,1.6666666666666667,1.2,1.0,1.3333333333333333,1.0,0.16666666666666666,0.3333333333333333,0.2,0.5,0.6666666666666666,0.6,0.0,0.0,0.0,2.3333333333333335,2.3333333333333335,2.4,0.8333333333333334,1.6666666666666667,1.0,0.03213430647058966,5.0,3.0,2.0,0.6,5.4,3.2,1.2,0.2,1.0
IND,Brianna Turner,2026-10-06T17:14:24.806010+00:00,27,8.625925925925925,12.433333333333332,14.860000000000003,1.1111111111111112,2.3333333333333335,2.6,1.8518518518518519,3.6666666666666665,3.8,1.1851851851851851,2.6666666666666665,2.0,0.6296296296296297,1.3333333333333333,1.0,0.0,0.0,0.0,0.3333333333333333,0.6666666666666666,0.6,1.1851851851851851,2.6666666666666665,2.4,0.2962962962962963,1.3333333333333333,0.8,0.013781537351994173,27.0,15.0,12.0,0.556,8.6,1.1,1.9,0.6,-0.5
IND,Caitlin Clark,2026-10-06T17:14:24.809824+00:00,53,31.088679245283014,28.133333333333336,30.4,20.849056603773583,18.0,23.2,4.2075471698113205,4.333333333333333,4.8,4.018867924528302,4.0,4.6,8.452830188679245,5.666666666666667,8.6,2.69811320754717,2.0,2.8,4.69811320754717,3.6666666666666665,4.4,15.641509433962264,16.666666666666668,16.8,5.660377358490566,5.333333333333333,6.8,0.2182191177726295,40.0,24.0,16.0,0.6,31.1,22.3,4.0,8.3,4.0
IND,Chloe Bibby,2026-10-06T17:14:24.813672+00:00,9,9.766666666666667,13.5,10.48,3.888888888888889,3.6666666666666665,2.2,1.2222222222222223,2.0,1.4,1.0,1.6666666666666667,1.2,0.4444444444444444,0.3333333333333333,0.2,1.0,1.0,0.6,0.7777777777777778,1.0,0.8,3.111111111111111,4.0,3.0,0.7777777777777778,0.0,0.0,0.04279569638704399,14.0,10.0,4.0,0.714,11.0,4.8,1.8,0.5,1.4
IND,Damiris Dantas,2026-10-06T17:14:24.817370+00:00,50,10.738,10.299999999999999,8.440000000000001,4.3,4.0,3.0,2.18,2.3333333333333335,2.2,1.54,2.0,1.8,0.58,0.6666666666666666,0.6,0.64,0.6666666666666666,0.4,0.76,0.6666666666666666,0.8,4.26,2.3333333333333335,2.8,0.74,0.6666666666666666,1.0,0.049597706640653064,12.0,8.0,4.0,0.667,8.2,3.3,1.5,0.3,-1.3
IND,DeWanna Bonner,2026-10-06T17:14:24.821122+00:00,9,21.38888888888889,19.900000000000002,21.520000000000003,7.111111111111111,6.666666666666667,10.8,3.7777777777777777,2.3333333333333335,2.6,3.3333333333333335,2.0,2.4,1.5555555555555556,2.0,1.6,1.0,1.3333333333333333,1.8,1.1111111111111112,1.0,1.6,6.111111111111111,7.333333333333333,7.8,2.111111111111111,0.0,2.2,0.08974824047519964,,,,,,,,,
IND,Grace VanSlooten,2026-10-06T17:14:24.824961+00:00,15,3.0466666666666673,4.266666666666667,2.7600000000000002,1.1333333333333333,3.0,1.8,0.4,0.6666666666666666,0.4,0.3333333333333333,0.3333333333333333,0.2,0.06666666666666667,0.0,0.0,0.0,0.0,0.0,0.2,0.0,0.0,0.4,0.6666666666666666,0.4,0.4666666666666667,2.3333333333333335,1.4,0.014164623920721481,19.0,12.0,7.0,0.632,4.9,1.8,0.6,0.2,-1.5
IND,Kelsey Mitchell,2026-10-06T17:14:24.828650+00:00,88,31.955681818181816,27.8,29.619999999999997,22.454545454545453,17.333333333333332,23.8,1.7272727272727273,1.6666666666666667,2.0,1.25,0.6666666666666666,1.0,3.0795454545454546,2.3333333333333335,2.6,2.7954545454545454,2.3333333333333335,3.6,1.7045454545454546,0.6666666666666666,0.6,16.352272727272727,15.0,16.2,4.681818181818182,3.6666666666666665,4.6,0.247403970196736,44.0,28.0,16.0,0.636,32.5,24.7,1.7,2.8,5.6
IND,Kyra Lambert,2026-10-06T17:14:24.832195+00:00,1,0.1,0.1,0.1,0.0,0.0,0.0,0.0,0.0,0.0,0.0,0.0,0.0,0.0,0.0,0.0,0.0,0.0,0.0,0.0,0.0,0.0,0.0,0.0,0.0,0.0,0.0,0.0,0.0,1.0,1.0,0.0,1.0,0.1,0.0,0.0,0.0,0.0
IND,Lexie Hull,2026-10-06T17:14:24.835901+00:00,88,22.818181818181817,13.133333333333333,15.4,6.204545454545454,3.0,4.2,3.659090909090909,2.0,2.6,2.5113636363636362,1.0,1.8,1.2386363636363635,0.3333333333333333,0.6,1.0113636363636365,0.3333333333333333,0.6,0.8409090909090909,1.0,0.6,5.6022727272727275,4.0,4.6,0.8068181818181818,0.0,0.4,0.0695436954683723,44.0,28.0,16.0,0.636,18.6,5.2,3.0,0.7,3.8
IND,Makayla Timpson,2026-10-06T17:14:24.839752+00:00,74,14.048648648648651,18.766666666666666,19.940000000000005,4.391891891891892,7.666666666666667,7.4,3.5945945945945947,5.0,5.4,2.4864864864864864,4.0,4.4,0.3108108108108108,0.0,0.4,0.0,0.0,0.0,0.5675675675675675,1.0,0.8,2.8783783783783785,3.3333333333333335,3.6,1.2027027027027026,3.3333333333333335,3.0,0.04751335724919359,43.0,28.0,15.0,0.651,19.1,5.7,4.9,0.5,3.8
IND,Mercedes Russell,2026-10-06T17:14:24.843542+00:00,7,9.685714285714287,15.533333333333333,12.7,1.5714285714285714,2.0,1.8,1.1428571428571428,2.3333333333333335,1.6,1.0,2.0,1.4,0.5714285714285714,0.3333333333333333,0.8,0.0,0.0,0.0,0.14285714285714285,0.0,0.0,1.1428571428571428,2.0,1.6,1.4285714285714286,1.3333333333333333,1.6,0.014822077823511299,7.0,5.0,2.0,0.714,9.7,1.6,1.1,0.6,2.1
IND,Michelle Onyiah,2026-10-06T17:14:24.847409+00:00,2,6.5,6.5,6.5,2.0,2.0,2.0,2.5,2.5,2.5,1.5,1.5,1.5,0.0,0.0,0.0,0.0,0.0,0.0,1.0,1.0,1.0,1.5,1.5,1.5,2.5,2.5,2.5,0.030303030303030304,2.0,1.0,1.0,0.5,6.5,2.0,2.5,0.0,9.0
IND,Monique Billings,2026-10-06T17:14:24.851142+00:00,43,18.723255813953493,11.966666666666667,9.5,6.465116279069767,4.0,2.4,4.767441860465116,5.333333333333333,3.6,3.0,2.3333333333333335,1.8,0.9534883720930233,0.3333333333333333,0.2,0.11627906976744186,0.0,0.0,0.813953488372093,1.0,0.6,4.325581395348837,3.0,2.0,2.488372093023256,1.3333333333333333,0.8,0.06735334486050863,43.0,28.0,15.0,0.651,18.7,6.5,4.8,1.0,0.6
IND,Myisha Hines-Allen,2026-10-06T17:14:24.855090+00:00,38,13.878947368421056,15.200000000000001,13.5,3.789473684210526,3.6666666666666665,4.0,3.289473684210526,3.3333333333333335,3.8,2.710526315789474,3.0,3.0,1.4736842105263157,1.3333333333333333,1.0,0.21052631578947367,0.0,0.2,1.1578947368421053,2.3333333333333335,1.6,3.1315789473684212,3.3333333333333335,3.2,0.868421052631579,0.6666666666666666,0.8,0.0397165525639086,38.0,25.0,13.0,0.658,13.9,3.8,3.3,1.5,1.4
IND,Natasha Howard,2026-10-06T17:14:24.858915+00:00,44,24.1,22.200000000000003,21.92,11.363636363636363,15.0,12.4,6.590909090909091,6.0,5.4,4.636363636363637,4.0,3.8,1.5,1.6666666666666667,1.6,0.13636363636363635,0.0,0.0,1.9318181818181819,1.0,2.0,8.227272727272727,8.0,7.2,3.0,5.333333333333333,4.0,0.1362021785773644,44.0,24.0,20.0,0.545,24.1,11.4,6.6,1.5,3.1
IND,Odyssey Sims,2026-10-06T17:14:24.862651+00:00,12,26.424999999999997,25.333333333333332,26.419999999999998,10.333333333333334,11.333333333333334,8.8,1.8333333333333333,1.0,1.2,1.5,0.3333333333333333,0.8,4.0,4.333333333333333,4.0,0.75,0.3333333333333333,0.6,1.3333333333333333,1.3333333333333333,0.8,9.916666666666666,9.666666666666666,9.6,1.75,2.0,1.6,0.11934621298625021,24.0,10.0,14.0,0.417,27.9,10.1,2.4,3.8,1.3
IND,Raven Johnson,2026-10-06T17:14:24.866525+00:00,39,10.894871794871795,18.833333333333332,13.080000000000002,3.128205128205128,4.666666666666667,3.4,1.7179487179487178,2.6666666666666665,1.6,1.2307692307692308,2.0,1.2,1.205128205128205,1.6666666666666667,1.0,0.28205128205128205,0.0,0.0,0.717948717948718,0.0,0.2,3.2051282051282053,5.0,3.2,0.3333333333333333,0.3333333333333333,0.6,0.034836063755496326,39.0,26.0,13.0,0.667,10.9,3.1,1.7,1.2,-0.1
IND,Shatori Walker-Kimbrough,2026-10-06T17:14:24.870320+00:00,2,3.25,3.25,3.25,0.0,0.0,0.0,0.0,0.0,0.0,0.0,0.0,0.0,0.0,0.0,0.0,0.0,0.0,0.0,0.5,0.5,0.5,0.5,0.5,0.5,0.0,0.0,0.0,0.0,,,,,,,,,
IND,Shey Peddy,2026-10-06T17:14:24.873892+00:00,9,14.100000000000001,16.5,12.940000000000001,5.222222222222222,6.333333333333333,3.8,0.7777777777777778,1.0,1.2,0.6666666666666666,1.0,1.0,1.6666666666666667,1.6666666666666667,1.4,1.2222222222222223,1.6666666666666667,1.0,1.0,1.6666666666666667,1.0,3.4444444444444446,3.3333333333333335,2.8,0.3333333333333333,0.0,0.0,0.05866780209683044,15.0,6.0,9.0,0.4,17.6,5.1,1.7,2.1,-0.7
IND,Sophie Cunningham,2026-10-06T17:14:24.877488+00:00,73,23.467123287671235,17.433333333333334,17.240000000000002,8.150684931506849,3.6666666666666665,3.4,2.767123287671233,1.3333333333333333,2.0,2.4246575342465753,1.3333333333333333,2.0,1.2054794520547945,0.6666666666666666,0.6,1.6164383561643836,1.0,0.8,0.8904109589041096,1.0,1.2,5.493150684931507,4.333333333333333,4.0,1.6712328767123288,0.6666666666666666,0.8,0.09032007609731864,43.0,27.0,16.0,0.628,22.2,7.9,2.3,1.2,1.8
IND,Sydney Colson,2026-10-06T17:14:24.881168+00:00,30,13.453333333333335,7.066666666666666,9.06,2.3666666666666667,0.0,2.2,0.8333333333333334,0.3333333333333333,0.6,0.6,0.0,0.2,2.0,0.3333333333333333,1.4,0.43333333333333335,0.0,0.6,1.1666666666666667,1.0,1.2,2.533333333333333,1.3333333333333333,2.2,0.23333333333333334,0.0,0.0,0.027375386444297493,30.0,17.0,13.0,0.567,13.5,2.4,0.8,2.0,-1.0
IND,Tyasha Harris,2026-10-06T17:14:24.884706+00:00,39,13.661538461538461,10.266666666666667,11.36,4.051282051282051,1.3333333333333333,3.4,1.0769230769230769,1.3333333333333333,1.0,0.9230769230769231,1.0,0.8,2.0256410256410255,2.3333333333333335,2.4,0.6410256410256411,0.3333333333333333,0.6,0.5128205128205128,0.6666666666666666,0.4,3.282051282051282,2.0,2.6,0.7435897435897436,0.6666666666666666,0.6,0.041214471600709165,39.0,25.0,14.0,0.641,13.7,4.1,1.1,2.0,2.6
LAS,Aaliyah Nye,2026-10-06T17:14:24.888385+00:00,1,13.9,13.9,13.9,6.0,6.0,6.0,3.0,3.0,3.0,2.0,2.0,2.0,1.0,1.0,1.0,2.0,2.0,2.0,1.0,1.0,1.0,5.0,5.0,5.0,0.0,0.0,0.0,0.07792207792207792,20.0,12.0,8.0,0.6,2.8,1.0,0.3,0.2,0.9
LAS,Alissa Pili,2026-10-06T17:14:24.892118+00:00,10,5.68,7.8999999999999995,7.92,2.6,2.0,2.0,1.3,2.0,2.2,0.8,1.0,1.2,0.4,0.6666666666666666,0.8,0.2,0.6666666666666666,0.4,0.5,1.3333333333333333,0.8,1.8,2.6666666666666665,2.4,1.3,0.6666666666666666,0.4,0.03309875226073801,5.0,2.0,3.0,0.4,7.9,2.0,2.2,0.8,-1.4
LAS,Ariel Atkins,2026-10-06T17:14:24.895771+00:00,42,26.857142857142858,23.900000000000002,22.279999999999998,8.5,10.0,7.6,2.857142857142857,2.6666666666666665,2.6,2.1904761904761907,2.3333333333333335,2.4,2.8333333333333335,2.3333333333333335,2.0,1.1428571428571428,1.0,0.6,1.4047619047619047,0.3333333333333333,0.4,7.928571428571429,8.0,6.2,1.4047619047619047,1.0,1.0,0.09744115140751518,42.0,15.0,27.0,0.357,26.9,8.5,2.9,2.8,-1.7
LAS,Azura Stevens,2026-10-06T17:14:24.899306+00:00,44,28.402272727272724,27.7,26.119999999999997,12.75,8.666666666666666,6.8,8.0,10.666666666666666,9.2,6.318181818181818,9.333333333333334,7.8,2.1363636363636362,2.3333333333333335,1.8,1.6818181818181819,1.0,1.0,1.4545454545454546,0.3333333333333333,0.6,9.704545454545455,8.666666666666666,8.2,2.272727272727273,2.6666666666666665,1.6,0.14690390950259885,44.0,21.0,23.0,0.477,28.4,12.8,8.0,2.1,-2.1
LAS,Cameron Brink,2026-10-06T17:14:24.903007+00:00,50,16.792,25.86666666666667,22.86,7.84,11.0,11.0,4.74,5.333333333333333,5.0,3.32,3.3333333333333335,3.4,1.1,1.6666666666666667,2.0,0.76,0.6666666666666666,0.8,2.0,2.6666666666666665,2.8,6.04,13.333333333333334,10.4,2.08,2.6666666666666665,2.6,0.09106383430084936,31.0,12.0,19.0,0.387,19.2,9.5,5.0,1.5,-1.4
LAS,Chance Gray,2026-10-06T17:14:24.906824+00:00,40,11.4925,14.033333333333333,13.860000000000003,3.1,5.0,4.2,1.075,0.6666666666666666,0.4,0.825,0.6666666666666666,0.4,1.025,1.3333333333333333,1.4,0.7,1.3333333333333333,1.2,0.625,1.0,0.6,2.55,3.3333333333333335,2.8,0.575,1.0,0.6,0.0356611291738991,40.0,13.0,27.0,0.325,11.5,3.1,1.1,1.0,-4.3
LAS,Dearica Hamby,2026-10-06T17:14:24.910653+00:00,86,29.980232558139537,24.799999999999997,24.88,16.488372093023255,11.666666666666666,11.8,7.453488372093023,7.0,5.6,5.209302325581396,5.666666666666667,4.4,2.8372093023255816,1.3333333333333333,1.6,0.27906976744186046,0.0,0.0,2.2790697674418605,1.3333333333333333,0.8,11.465116279069768,7.666666666666667,8.0,5.011627906976744,5.666666666666667,5.0,0.19187160806778178,42.0,15.0,27.0,0.357,28.7,14.5,7.0,2.4,-4.2
LAS,Emma Cannon,2026-10-06T17:14:24.914443+00:00,39,8.953846153846156,12.666666666666666,9.76,4.205128205128205,4.333333333333333,3.8,1.641025641025641,3.0,2.2,1.1282051282051282,2.3333333333333335,1.4,0.358974358974359,0.3333333333333333,0.2,0.6666666666666666,1.0,0.6,0.7692307692307693,1.3333333333333333,1.4,2.6666666666666665,3.0,2.6,1.2307692307692308,2.0,1.8,0.04967864087826481,18.0,5.0,13.0,0.278,7.6,3.9,1.4,0.3,-0.4
LAS,Erica Wheeler,2026-10-06T17:14:24.918191+00:00,43,26.14186046511628,19.533333333333335,17.860000000000003,8.953488372093023,10.0,8.4,1.9069767441860466,2.0,1.2,1.6744186046511629,1.6666666666666667,1.0,5.046511627906977,4.0,4.0,1.3953488372093024,2.0,2.0,1.813953488372093,0.6666666666666666,0.6,8.209302325581396,8.666666666666666,6.4,1.0930232558139534,0.0,0.0,0.10093811416295911,43.0,16.0,27.0,0.372,26.1,9.0,1.9,5.0,-0.1
LAS,Grace Berger,2026-10-06T17:14:24.921775+00:00,1,16.2,16.2,16.2,0.0,0.0,0.0,1.0,1.0,1.0,0.0,0.0,0.0,1.0,1.0,1.0,0.0,0.0,0.0,3.0,3.0,3.0,4.0,4.0,4.0,0.0,0.0,0.0,0.0,,,,,,,,,
LAS,Jihyun Park,2026-10-06T17:14:24.925625+00:00,36,9.175,10.200000000000001,8.34,2.2222222222222223,2.3333333333333335,1.4,1.0277777777777777,1.3333333333333333,0.8,0.7222222222222222,1.0,0.6,0.5555555555555556,1.3333333333333333,1.0,0.25,0.0,0.0,0.2777777777777778,0.3333333333333333,0.2,1.9722222222222223,1.6666666666666667,1.4,0.6388888888888888,0.6666666666666666,0.4,0.025159611634208965,36.0,12.0,24.0,0.333,9.2,2.2,1.0,0.6,-0.9
LAS,Julie Allemand,2026-10-06T17:14:24.929526+00:00,34,28.332352941176474,32.333333333333336,31.46,5.382352941176471,12.333333333333334,8.4,3.735294117647059,2.0,2.2,3.3529411764705883,1.3333333333333333,1.8,5.0,4.333333333333333,4.8,0.8235294117647058,1.6666666666666667,1.2,1.5588235294117647,0.6666666666666666,1.2,4.676470588235294,7.0,5.2,0.5588235294117647,0.6666666666666666,0.8,0.061887337588872424,34.0,18.0,16.0,0.529,28.3,5.4,3.7,5.0,1.6
LAS,Julie Vanloo,2026-10-06T17:14:24.933268+00:00,26,10.346153846153847,12.433333333333332,9.24,2.230769230769231,0.6666666666666666,0.4,0.5769230769230769,1.0,1.0,0.5,1.0,1.0,1.1923076923076923,1.3333333333333333,1.0,0.6538461538461539,0.0,0.0,1.0,1.0,0.6,2.423076923076923,3.3333333333333335,2.2,0.15384615384615385,0.0,0.0,0.025146870509713752,35.0,19.0,16.0,0.543,12.8,2.8,0.9,1.9,-3.6
LAS,Kate Martin,2026-10-06T17:14:24.937149+00:00,17,7.064705882352941,6.166666666666667,4.3,2.2941176470588234,1.0,0.6,1.1176470588235294,1.6666666666666667,1.0,0.8235294117647058,1.0,0.6,0.35294117647058826,0.3333333333333333,0.2,0.47058823529411764,0.3333333333333333,0.2,0.17647058823529413,0.3333333333333333,0.2,2.0588235294117645,0.6666666666666666,0.6,0.47058823529411764,0.0,0.0,0.02811533471361502,,,,,,,,,
LAS,Kelsey Plum,2026-10-06T17:14:24.941072+00:00,55,34.94545454545455,34.03333333333333,33.980000000000004,20.472727272727273,21.333333333333332,19.8,2.8727272727272726,2.0,2.6,2.6363636363636362,1.6666666666666667,2.2,5.890909090909091,5.0,6.6,2.3636363636363638,2.3333333333333335,2.0,3.0545454545454547,2.6666666666666665,2.4,14.654545454545454,16.666666666666668,15.4,5.745454545454545,5.333333333333333,5.8,0.2336071895468566,43.0,21.0,22.0,0.488,35.1,19.5,3.1,5.7,-1.7
LAS,Kiana Williams,2026-10-06T17:14:24.945614+00:00,13,11.22307692307692,9.066666666666668,7.779999999999999,3.230769230769231,3.3333333333333335,2.6,0.46153846153846156,1.0,0.6,0.38461538461538464,1.0,0.6,1.6153846153846154,1.0,1.0,0.5384615384615384,0.6666666666666666,0.6,0.7692307692307693,0.6666666666666666,0.4,3.5384615384615383,3.3333333333333335,2.8,0.23076923076923078,0.3333333333333333,0.2,0.03693071967922322,,,,,,,,,
LAS,Laura Ziegler,2026-10-06T17:14:24.949413+00:00,3,9.766666666666666,9.766666666666666,9.766666666666666,2.6666666666666665,2.6666666666666665,2.6666666666666665,1.3333333333333333,1.3333333333333333,1.3333333333333333,1.0,1.0,1.0,1.0,1.0,1.0,0.0,0.0,0.0,0.0,0.0,0.0,2.6666666666666665,2.6666666666666665,2.6666666666666665,1.0,1.0,1.0,0.028931112674955035,3.0,1.0,2.0,0.333,9.8,2.7,1.3,1.0,-1.7
LAS,Liatu King,2026-10-06T17:14:24.953285+00:00,12,9.991666666666667,8.066666666666666,10.16,3.0,2.0,3.0,2.0833333333333335,2.6666666666666665,2.0,1.25,1.3333333333333333,1.0,0.3333333333333333,0.3333333333333333,0.4,0.08333333333333333,0.0,0.0,0.9166666666666666,0.6666666666666666,1.0,2.0,1.6666666666666667,2.0,1.25,0.6666666666666666,2.0,0.037355519551373235,,,,,,,,,
LAS,Mercedes Russell,2026-10-06T17:14:24.957259+00:00,20,8.180000000000001,8.200000000000001,7.7,1.7,3.0,2.2,1.2,0.3333333333333333,0.8,0.7,0.0,0.2,0.6,0.6666666666666666,0.4,0.0,0.0,0.0,0.35,0.0,0.4,1.35,2.0,1.8,0.7,1.3333333333333333,1.2,0.020317738323952516,20.0,6.0,14.0,0.3,8.2,1.7,1.2,0.6,-2.9
LAS,Monique Akoa Makani,2026-10-06T17:14:24.961079+00:00,11,18.990909090909092,19.766666666666666,21.440000000000005,4.636363636363637,6.0,4.8,1.4545454545454546,2.0,2.2,1.1818181818181819,1.6666666666666667,1.8,1.7272727272727273,1.6666666666666667,1.8,0.5454545454545454,1.0,1.0,2.1818181818181817,3.3333333333333335,3.2,4.454545454545454,4.333333333333333,4.4,1.2727272727272727,2.0,1.2,0.054217919511254625,30.0,11.0,19.0,0.367,21.8,7.6,1.8,2.2,-2.9
LAS,Ndjakalenga Mwenentanda,2026-10-06T17:14:24.965134+00:00,2,15.8,15.8,15.8,4.5,4.5,4.5,3.5,3.5,3.5,2.0,2.0,2.0,0.5,0.5,0.5,0.5,0.5,0.5,2.5,2.5,2.5,4.0,4.0,4.0,3.0,3.0,3.0,0.04755877034358047,7.0,5.0,2.0,0.714,6.4,1.3,1.3,0.4,0.7
LAS,Nneka Ogwumike,2026-10-06T17:14:24.969208+00:00,43,30.88372093023256,30.433333333333337,29.720000000000006,17.25581395348837,18.0,19.0,9.046511627906977,12.0,11.0,7.232558139534884,9.0,8.8,3.0930232558139537,4.0,3.8,1.3488372093023255,0.6666666666666666,1.6,1.8372093023255813,1.3333333333333333,1.2,13.30232558139535,16.0,15.4,2.558139534883721,1.6666666666666667,1.2,0.1995512067850559,43.0,15.0,28.0,0.349,30.9,17.3,9.0,3.1,-3.0
LAS,Odyssey Sims,2026-10-06T17:14:24.973420+00:00,12,29.475000000000005,23.400000000000002,28.159999999999997,9.833333333333334,2.3333333333333335,11.6,2.9166666666666665,3.0,3.6,2.4166666666666665,3.0,3.2,3.5,3.3333333333333335,3.4,1.0,0.0,1.2,1.4166666666666667,1.0,1.8,8.0,4.0,8.2,2.8333333333333335,0.6666666666666666,3.0,0.11869191771641689,,,,,,,,,
LAS,Rae Burrell,2026-10-06T17:14:24.977381+00:00,71,24.725352112676052,28.96666666666667,27.779999999999994,11.788732394366198,15.333333333333334,16.0,2.3380281690140845,2.3333333333333335,2.4,1.7464788732394365,2.0,1.8,1.9859154929577465,1.0,2.0,1.2816901408450705,2.0,1.4,1.8028169014084507,2.0,2.4,9.169014084507042,11.666666666666666,13.4,2.859154929577465,4.333333333333333,4.4,0.13684467383193236,43.0,16.0,27.0,0.372,28.8,14.6,2.3,2.5,-3.8
LAS,Rickea Jackson,2026-10-06T17:14:24.981517+00:00,38,30.860526315789468,26.0,29.22,14.68421052631579,11.666666666666666,14.6,3.210526315789474,1.6666666666666667,2.0,2.210526315789474,1.3333333333333333,1.6,1.6842105263157894,1.0,1.0,1.7105263157894737,1.0,1.2,2.0526315789473686,0.3333333333333333,1.4,12.710526315789474,8.333333333333334,11.0,2.5789473684210527,2.6666666666666665,4.0,0.1680500793653779,38.0,20.0,18.0,0.526,30.9,14.7,3.2,1.7,-2.9
LAS,Sania Feagin,2026-10-06T17:14:24.985325+00:00,19,4.589473684210526,3.4,4.459999999999999,1.0526315789473684,0.0,0.8,0.631578947368421,0.3333333333333333,0.4,0.47368421052631576,0.3333333333333333,0.4,0.3157894736842105,0.6666666666666666,1.0,0.0,0.0,0.0,0.3684210526315789,0.0,0.0,1.5263157894736843,0.3333333333333333,0.8,0.10526315789473684,0.0,0.0,0.011897529833955056,16.0,7.0,9.0,0.438,4.8,1.3,0.7,0.3,-2.4
LAS,Sarah Ashlee Barker,2026-10-06T17:14:24.989023+00:00,34,14.161764705882353,20.433333333333334,15.040000000000001,3.088235294117647,5.0,3.6,1.9411764705882353,2.3333333333333335,2.2,1.6470588235294117,2.0,1.8,0.9117647058823529,2.0,1.2,0.5294117647058824,0.3333333333333333,0.2,1.088235294117647,1.3333333333333333,0.8,3.0588235294117645,5.333333333333333,4.0,0.7058823529411765,0.6666666666666666,0.8,0.03943723232711095,34.0,14.0,20.0,0.412,14.1,3.1,1.9,0.9,-3.1
LAS,Shey Peddy,2026-10-06T17:14:24.992932+00:00,6,22.966666666666665,29.433333333333334,26.139999999999997,5.0,5.0,5.4,3.0,4.0,3.4,2.0,2.3333333333333335,2.4,2.6666666666666665,3.3333333333333335,2.8,0.8333333333333334,1.0,1.0,0.6666666666666666,0.0,0.8,4.0,5.0,4.4,1.0,0.0,1.0,0.06573931067877206,,,,,,,,,
LAS,Shyanne Sellers,2026-10-06T17:14:24.996681+00:00,2,10.5,10.5,10.5,2.0,2.0,2.0,1.0,1.0,1.0,1.0,1.0,1.0,1.0,1.0,1.0,0.5,0.5,0.5,0.5,0.5,0.5,3.0,3.0,3.0,1.0,1.0,1.0,0.025974025974025976,2.0,1.0,1.0,0.5,10.5,2.0,1.0,1.0,4.5
LAS,Ta'Niya Latson,2026-10-06T17:14:25.000387+00:00,10,5.0200000000000005,7.233333333333333,6.38,1.8,2.6666666666666665,2.0,1.0,2.0,1.8,0.7,1.3333333333333333,1.2,0.3,0.6666666666666666,0.6,0.1,0.0,0.0,0.7,0.6666666666666666,0.8,1.1,1.6666666666666667,1.4,1.5,3.0,2.2,0.021954992795024587,,,,,,,,,
LAS,Tonie Morgan,2026-10-06T17:14:25.004393+00:00,12,16.474999999999998,19.966666666666665,19.419999999999998,5.666666666666667,8.333333333333334,7.0,1.25,2.0,1.6,1.0,1.3333333333333333,1.2,2.6666666666666665,3.3333333333333335,3.6,0.3333333333333333,1.0,0.6,1.6666666666666667,2.0,2.0,3.9166666666666665,4.333333333333333,4.6,1.3333333333333333,0.6666666666666666,1.6,0.06946148127782785,12.0,4.0,8.0,0.333,16.5,5.7,1.3,2.7,-4.6
LVA,A'ja Wilson,2026-10-06T17:14:25.008228+00:00,81,31.59135802469136,32.300000000000004,31.259999999999998,24.814814814814813,27.333333333333332,27.6,9.765432098765432,9.333333333333334,8.6,7.716049382716049,7.0,6.6,3.1358024691358026,3.3333333333333335,3.4,0.7777777777777778,0.6666666666666666,0.6,2.271604938271605,2.0,1.6,16.97530864197531,18.666666666666668,17.2,7.567901234567901,7.666666666666667,8.2,0.2811927466556901,41.0,30.0,11.0,0.732,32.0,26.2,9.4,3.2,9.0
LVA,Aaliyah Nye,2026-10-06T17:14:25.012317+00:00,44,15.259090909090908,18.833333333333332,15.120000000000001,3.840909090909091,2.6666666666666665,2.8,1.5,1.3333333333333333,1.2,1.1590909090909092,1.3333333333333333,1.2,0.5454545454545454,1.6666666666666667,1.0,0.8409090909090909,0.6666666666666666,0.8,0.6136363636363636,0.3333333333333333,0.2,3.8863636363636362,5.0,3.8,0.38636363636363635,0.0,0.0,0.047235425222238475,44.0,30.0,14.0,0.682,15.3,3.8,1.5,0.5,-0.5
LVA,Brianna Turner,2026-10-06T17:14:25.016456+00:00,41,13.190243902439024,14.266666666666666,16.18,1.5609756097560976,0.6666666666666666,1.2,2.292682926829268,2.6666666666666665,2.8,1.7804878048780488,2.6666666666666665,2.6,0.21951219512195122,0.3333333333333333,0.2,0.0,0.0,0.0,0.6097560975609756,0.0,0.4,1.3658536585365855,1.3333333333333333,2.2,0.04878048780487805,0.0,0.0,0.017792798276888955,41.0,30.0,11.0,0.732,13.2,1.6,2.3,0.2,0.2
LVA,Chelsea Gray,2026-10-06T17:14:25.020372+00:00,87,31.89425287356321,32.4,30.339999999999996,11.620689655172415,14.666666666666666,12.0,3.6206896551724137,3.6666666666666665,4.6,3.206896551724138,3.3333333333333335,4.4,6.0344827586206895,5.333333333333333,5.2,1.5747126436781609,1.6666666666666667,1.2,2.8045977011494254,3.6666666666666665,2.6,9.35632183908046,10.0,9.4,2.0114942528735633,2.6666666666666665,2.2,0.1321718412043054,43.0,31.0,12.0,0.721,32.7,12.0,3.3,6.7,5.7
LVA,Chennedy Carter,2026-10-06T17:14:25.024242+00:00,13,16.915384615384614,14.033333333333333,11.600000000000001,12.23076923076923,5.0,3.8,1.7692307692307692,1.0,0.8,1.0769230769230769,0.3333333333333333,0.2,1.3076923076923077,1.0,0.8,0.8461538461538461,0.3333333333333333,0.2,1.3076923076923077,0.6666666666666666,0.4,7.6923076923076925,3.0,3.4,2.8461538461538463,2.3333333333333335,1.4,0.13097231067077272,13.0,9.0,4.0,0.692,16.9,12.2,1.8,1.3,2.2
LVA,Cheyenne Parker-Tyus,2026-10-06T17:14:25.028125+00:00,33,10.987878787878788,14.166666666666666,14.34,5.545454545454546,4.666666666666667,6.4,2.757575757575758,2.3333333333333335,4.2,1.8181818181818181,1.3333333333333333,2.6,0.6666666666666666,2.0,1.4,0.30303030303030304,0.6666666666666666,0.6,0.5757575757575758,0.6666666666666666,0.4,3.4545454545454546,3.6666666666666665,4.4,2.0606060606060606,2.0,2.0,0.06026618770396064,31.0,23.0,8.0,0.742,11.2,5.4,2.9,0.7,0.9
LVA,Crystal Bradford,2026-10-06T17:14:25.031819+00:00,4,6.075,5.3,6.075,1.0,0.6666666666666666,1.0,1.25,1.0,1.25,0.75,0.6666666666666666,0.75,0.25,0.3333333333333333,0.25,0.0,0.0,0.0,0.25,0.3333333333333333,0.25,1.5,1.3333333333333333,1.5,0.0,0.0,0.0,0.012413793103448277,4.0,2.0,2.0,0.5,6.0,1.0,1.3,0.3,-3.8
LVA,Dana Evans,2026-10-06T17:14:25.035498+00:00,58,17.106896551724137,10.833333333333334,12.64,5.896551724137931,4.333333333333333,3.8,1.1379310344827587,0.3333333333333333,0.4,1.0,0.3333333333333333,0.4,2.1551724137931036,2.0,2.2,0.8448275862068966,1.3333333333333333,0.8,0.896551724137931,1.0,1.4,5.827586206896552,2.0,3.2,1.0172413793103448,0.6666666666666666,0.4,0.06953983812073873,14.0,9.0,5.0,0.643,15.3,3.6,1.4,2.1,-5.1
LVA,Elizabeth Kitley,2026-10-06T17:14:25.039168+00:00,12,8.183333333333334,4.8999999999999995,8.739999999999998,1.25,0.0,0.4,1.4166666666666667,0.3333333333333333,1.4,1.0833333333333333,0.3333333333333333,1.2,0.08333333333333333,0.0,0.2,0.0,0.0,0.0,0.5833333333333334,0.3333333333333333,0.6,1.9166666666666667,0.6666666666666666,1.6,0.16666666666666666,0.0,0.0,0.015209553319309418,12.0,5.0,7.0,0.417,8.2,1.3,1.4,0.1,-4.3
LVA,Jackie Young,2026-10-06T17:14:25.042993+00:00,87,31.345977011494252,33.03333333333333,30.839999999999996,17.71264367816092,14.0,20.0,4.425287356321839,5.0,4.0,3.4597701149425286,4.333333333333333,3.4,5.9655172413793105,10.0,8.6,2.0689655172413794,1.6666666666666667,2.6,2.3333333333333335,2.3333333333333335,2.4,13.195402298850574,13.0,14.0,3.218390804597701,0.6666666666666666,3.4,0.20065217290159923,43.0,31.0,12.0,0.721,32.3,18.9,4.4,6.8,8.2
LVA,Jewell Loyd,2026-10-06T17:14:25.046829+00:00,86,27.14883720930232,23.100000000000005,20.639999999999997,9.63953488372093,12.666666666666666,10.4,2.7674418604651163,1.6666666666666667,1.6,1.9767441860465116,1.6666666666666667,1.4,1.6046511627906976,0.0,0.6,2.011627906976744,3.0,2.6,1.0465116279069768,0.3333333333333333,0.2,8.5,9.0,8.0,1.4534883720930232,1.6666666666666667,1.0,0.11200138876893428,42.0,29.0,13.0,0.69,25.9,8.0,2.3,1.4,3.4
LVA,Joyner Holmes,2026-10-06T17:14:25.050691+00:00,6,4.8,5.333333333333333,5.16,1.1666666666666667,1.6666666666666667,1.4,1.0,1.3333333333333333,1.2,0.6666666666666666,1.0,0.8,0.0,0.0,0.0,0.16666666666666666,0.3333333333333333,0.2,0.3333333333333333,0.3333333333333333,0.2,2.0,2.3333333333333335,2.2,0.0,0.0,0.0,0.013913918981247117,6.0,2.0,4.0,0.333,4.8,1.2,1.0,0.0,-0.3
LVA,Justine Pissott,2026-10-06T17:14:25.054276+00:00,10,8.68,3.0,7.6,3.8,0.0,2.6,1.0,0.3333333333333333,1.0,1.0,0.3333333333333333,1.0,0.4,0.0,0.2,1.0,0.0,0.6,0.3,0.0,0.4,3.6,1.0,3.4,0.2,0.0,0.4,0.04199107634978169,10.0,8.0,2.0,0.8,8.7,3.8,1.0,0.4,-3.9
LVA,Kalani Brown,2026-10-06T17:14:25.057852+00:00,3,5.866666666666667,5.866666666666667,5.866666666666667,6.0,6.0,6.0,1.6666666666666667,1.6666666666666667,1.6666666666666667,0.6666666666666666,0.6666666666666666,0.6666666666666666,0.3333333333333333,0.3333333333333333,0.3333333333333333,0.0,0.0,0.0,0.6666666666666666,0.6666666666666666,0.6666666666666666,3.0,3.0,3.0,1.6666666666666667,1.6666666666666667,1.6666666666666667,0.055906432748538015,3.0,3.0,0.0,1.0,5.9,6.0,1.7,0.3,6.3
LVA,Kiah Stokes,2026-10-06T17:14:25.061486+00:00,40,12.852499999999997,8.9,6.660000000000001,1.1,0.6666666666666666,0.4,3.6,1.3333333333333333,1.4,2.875,0.6666666666666666,0.8,0.425,0.3333333333333333,0.2,0.075,0.0,0.0,0.4,0.0,0.0,1.275,1.0,0.8,0.2,0.0,0.0,0.01434301527473745,40.0,26.0,14.0,0.65,12.9,1.1,3.6,0.4,-2.3
LVA,Kierstan Bell,2026-10-06T17:14:25.065506+00:00,63,11.06190476190476,2.733333333333333,2.96,3.1587301587301586,1.0,1.2,1.619047619047619,0.6666666666666666,0.6,1.1428571428571428,0.3333333333333333,0.4,0.6190476190476191,0.0,0.0,0.6666666666666666,0.3333333333333333,0.4,0.49206349206349204,1.0,0.8,3.5396825396825395,1.0,0.8,0.30158730158730157,0.0,0.0,0.03691225711794777,28.0,21.0,7.0,0.75,9.6,1.9,1.4,0.6,-1.2
LVA,Mai Yamamoto,2026-10-06T17:14:25.069414+00:00,14,15.164285714285713,15.066666666666668,16.439999999999998,5.071428571428571,4.333333333333333,3.2,1.1428571428571428,1.0,2.2,0.8571428571428571,0.6666666666666666,1.6,1.4285714285714286,0.3333333333333333,0.8,1.1428571428571428,1.0,0.8,0.5,1.0,0.6,4.428571428571429,4.333333333333333,4.4,0.6428571428571429,0.0,0.0,0.05889850214409703,14.0,11.0,3.0,0.786,15.2,5.1,1.1,1.4,3.0
LVA,Megan DiLeo,2026-10-06T17:14:25.073175+00:00,20,11.29,8.566666666666666,8.540000000000001,3.0,4.0,3.0,1.8,1.6666666666666667,1.2,1.4,1.3333333333333333,1.0,0.25,0.0,0.2,0.65,0.6666666666666666,0.6,0.3,0.3333333333333333,0.2,2.85,3.3333333333333335,2.6,0.75,0.0,0.0,0.036000272067219403,20.0,16.0,4.0,0.8,11.3,3.0,1.8,0.3,-2.8
LVA,NaLyssa Smith,2026-10-06T17:14:25.077044+00:00,65,23.653846153846153,19.533333333333335,23.5,10.23076923076923,8.333333333333334,9.6,5.938461538461539,6.0,7.6,3.953846153846154,3.6666666666666665,3.8,0.8153846153846154,0.3333333333333333,0.4,0.1076923076923077,0.0,0.0,1.0307692307692307,0.6666666666666666,0.8,6.876923076923077,5.0,6.2,3.0,3.6666666666666665,3.4,0.1162125067647767,38.0,25.0,13.0,0.658,24.3,11.7,6.4,0.9,2.6
LVA,Stephanie Talbot,2026-10-06T17:14:25.081004+00:00,44,17.354545454545452,23.933333333333334,22.56,4.0,10.0,8.2,2.6136363636363638,3.3333333333333335,3.4,1.8636363636363635,3.0,3.0,1.0454545454545454,0.3333333333333333,1.2,0.5227272727272727,1.0,1.2,0.6818181818181818,0.6666666666666666,1.0,3.2954545454545454,5.333333333333333,5.0,0.4318181818181818,0.3333333333333333,0.2,0.04400312426162,44.0,31.0,13.0,0.705,17.3,4.0,2.6,1.0,2.0
LVA,Ta'Niya Latson,2026-10-06T17:14:25.084886+00:00,9,6.288888888888889,3.1,3.38,4.555555555555555,4.0,2.4,0.5555555555555556,0.0,0.0,0.4444444444444444,0.0,0.0,0.4444444444444444,0.0,0.0,0.3333333333333333,0.3333333333333333,0.2,0.5555555555555556,0.6666666666666666,0.4,2.6666666666666665,1.6666666666666667,1.8,1.6666666666666667,1.6666666666666667,1.0,0.05614340193785651,19.0,9.0,10.0,0.474,5.6,3.1,0.8,0.4,-2.6
LVA,Tiffany Mitchell,2026-10-06T17:14:25.088651+00:00,16,13.13125,11.933333333333332,10.540000000000001,3.6875,3.6666666666666665,3.0,1.8125,1.0,1.0,1.4375,0.6666666666666666,0.8,0.4375,0.3333333333333333,0.2,0.25,0.3333333333333333,0.2,0.875,1.0,0.6,2.5625,2.6666666666666665,2.0,1.8125,1.0,1.4,0.04754243019635458,,,,,,,,,
MIN,Aari McDonald,2026-10-06T17:14:25.092613+00:00,3,15.333333333333334,15.333333333333334,15.333333333333334,7.333333333333333,7.333333333333333,7.333333333333333,0.6666666666666666,0.6666666666666666,0.6666666666666666,0.3333333333333333,0.3333333333333333,0.3333333333333333,2.0,2.0,2.0,1.0,1.0,1.0,1.3333333333333333,1.3333333333333333,1.3333333333333333,6.333333333333333,6.333333333333333,6.333333333333333,3.3333333333333335,3.3333333333333335,3.3333333333333335,0.087499115360041,3.0,2.0,1.0,0.667,15.3,7.3,0.7,2.0,-4.7
MIN,Alanna Smith,2026-10-06T17:14:25.096708+00:00,42,26.52380952380952,20.599999999999998,21.4,9.619047619047619,8.0,9.2,5.095238095238095,2.6666666666666665,2.6,3.5476190476190474,1.6666666666666667,1.6,2.880952380952381,3.0,2.8,1.2619047619047619,0.6666666666666666,1.2,1.5476190476190477,1.0,0.8,7.857142857142857,8.0,7.4,1.5476190476190477,1.3333333333333333,1.2,0.11495816987383217,42.0,32.0,10.0,0.762,26.5,9.6,5.1,2.9,5.6
MIN,Alissa Pili,2026-10-06T17:14:25.100620+00:00,14,5.8500000000000005,3.6333333333333333,6.6,1.9285714285714286,2.6666666666666665,2.6,1.2142857142857142,0.0,0.8,0.9285714285714286,0.0,0.6,0.21428571428571427,0.3333333333333333,0.2,0.2857142857142857,0.6666666666666666,0.6,0.5,0.3333333333333333,0.4,1.5714285714285714,1.3333333333333333,1.8,0.2857142857142857,0.0,0.0,0.021239673053212237,,,,,,,,,
MIN,Anastasiia Olairi Kosu,2026-10-06T17:14:25.104436+00:00,51,7.586274509803921,3.533333333333333,5.22,2.803921568627451,0.0,1.4,1.4509803921568627,0.0,0.4,0.5686274509803921,0.0,0.2,0.49019607843137253,0.3333333333333333,0.4,0.0392156862745098,0.0,0.2,0.5098039215686274,0.0,0.2,2.176470588235294,0.0,0.8,0.9411764705882353,0.0,0.4,0.029836713941200053,30.0,22.0,8.0,0.733,10.2,3.6,2.0,0.7,3.6
MIN,Antonia Delaere,2026-10-06T17:14:25.108411+00:00,39,11.746153846153847,14.133333333333333,10.3,3.0,3.3333333333333335,2.4,0.8205128205128205,2.0,1.4,0.6153846153846154,1.6666666666666667,1.2,1.0769230769230769,1.0,0.6,0.6666666666666666,0.3333333333333333,0.2,0.48717948717948717,1.6666666666666667,1.0,2.358974358974359,3.3333333333333335,2.4,0.1794871794871795,0.3333333333333333,0.2,0.03193152139493901,39.0,30.0,9.0,0.769,11.7,3.0,0.8,1.1,2.1
MIN,Bridget Carleton,2026-10-06T17:14:25.112169+00:00,44,27.89545454545454,26.866666666666664,27.3,6.4772727272727275,3.6666666666666665,6.4,3.590909090909091,3.0,2.4,2.7045454545454546,2.0,1.6,2.022727272727273,2.3333333333333335,1.6,1.4318181818181819,0.6666666666666666,1.8,0.75,1.3333333333333333,1.0,5.7727272727272725,5.0,5.2,0.5681818181818182,0.6666666666666666,0.4,0.07493381167059915,44.0,34.0,10.0,0.773,27.9,6.5,3.6,2.0,6.9
MIN,Camryn Taylor,2026-10-06T17:14:25.115968+00:00,6,3.783333333333333,5.7,4.26,0.5,1.0,0.6,1.0,1.6666666666666667,1.2,0.6666666666666666,1.0,0.8,0.16666666666666666,0.3333333333333333,0.2,0.16666666666666666,0.3333333333333333,0.2,0.5,0.6666666666666666,0.6,1.1666666666666667,2.3333333333333335,1.4,0.3333333333333333,0.6666666666666666,0.4,0.006944444444444444,6.0,3.0,3.0,0.5,3.8,0.5,1.0,0.2,1.2
MIN,Chloe Bibby,2026-10-06T17:14:25.119742+00:00,5,11.120000000000001,14.299999999999999,11.120000000000001,4.4,5.666666666666667,4.4,1.4,2.0,1.4,1.4,2.0,1.4,0.4,0.6666666666666666,0.4,1.2,1.6666666666666667,1.2,1.4,1.3333333333333333,1.4,3.8,4.666666666666667,3.8,0.0,0.0,0.0,0.059050825717492386,9.0,5.0,4.0,0.556,11.9,4.9,1.0,0.9,0.0
MIN,Courtney Williams,2026-10-06T17:14:25.123555+00:00,87,29.225287356321843,20.26666666666667,24.02,13.689655172413794,7.333333333333333,9.0,4.873563218390805,2.6666666666666665,3.2,4.206896551724138,2.6666666666666665,2.8,5.264367816091954,5.333333333333333,4.4,1.2298850574712643,0.6666666666666666,1.0,2.045977011494253,2.3333333333333335,2.4,13.045977011494253,7.333333333333333,9.2,1.206896551724138,0.6666666666666666,0.4,0.15422975879976591,43.0,33.0,10.0,0.767,29.8,13.8,4.8,4.3,6.2
MIN,DiJonai Carrington,2026-10-06T17:14:25.127491+00:00,11,16.681818181818183,13.566666666666668,14.02,8.636363636363637,9.333333333333334,7.4,2.090909090909091,1.6666666666666667,1.2,1.4545454545454546,1.3333333333333333,1.0,1.0909090909090908,1.0,1.0,0.9090909090909091,1.0,0.8,0.9090909090909091,0.3333333333333333,0.8,6.181818181818182,6.333333333333333,5.4,2.272727272727273,2.0,1.2,0.10096466088871674,31.0,13.0,18.0,0.419,21.9,9.8,4.0,1.5,-3.7
MIN,Diamond Miller,2026-10-06T17:14:25.131307+00:00,25,9.748,11.9,11.6,4.08,5.0,5.0,0.88,0.3333333333333333,1.0,0.72,0.0,0.8,0.6,0.0,0.0,0.56,0.3333333333333333,0.2,0.8,1.0,0.8,2.52,3.0,2.8,1.32,1.3333333333333333,2.4,0.04671768787023334,,,,,,,,,
MIN,Dorka Juhasz,2026-10-06T17:14:25.135003+00:00,21,15.247619047619047,19.733333333333334,16.979999999999997,3.619047619047619,3.6666666666666665,3.2,3.142857142857143,5.666666666666667,4.8,2.7142857142857144,5.0,4.4,1.4285714285714286,2.3333333333333335,1.8,0.7142857142857143,0.3333333333333333,0.4,0.6666666666666666,1.3333333333333333,1.0,3.857142857142857,5.333333333333333,4.6,0.19047619047619047,0.0,0.0,0.03967455948182484,21.0,16.0,5.0,0.762,15.2,3.6,3.1,1.4,-3.5
MIN,Eliska Joklova,2026-10-06T17:14:25.138606+00:00,21,5.357142857142857,2.6999999999999997,2.7199999999999998,1.7142857142857142,0.0,0.4,1.0476190476190477,0.3333333333333333,0.6,0.7142857142857143,0.3333333333333333,0.6,1.0952380952380953,1.3333333333333333,0.8,0.0,0.0,0.0,0.5238095238095238,0.3333333333333333,0.2,1.0952380952380953,0.0,0.2,1.0,0.0,0.8,0.01738758909626676,21.0,16.0,5.0,0.762,5.3,1.7,1.0,1.1,1.0
MIN,Emese Hof,2026-10-06T17:14:25.142289+00:00,3,6.866666666666666,6.866666666666666,6.866666666666666,2.3333333333333335,2.3333333333333335,2.3333333333333335,1.6666666666666667,1.6666666666666667,1.6666666666666667,1.0,1.0,1.0,0.6666666666666666,0.6666666666666666,0.6666666666666666,0.0,0.0,0.0,1.3333333333333333,1.3333333333333333,1.3333333333333333,2.0,2.0,2.0,0.6666666666666666,0.6666666666666666,0.6666666666666666,0.027908772510410632,3.0,1.0,2.0,0.333,6.9,2.3,1.7,0.7,-6.0
MIN,Emma Cechova,2026-10-06T17:14:25.145865+00:00,3,17.26666666666667,17.26666666666667,17.26666666666667,8.333333333333334,8.333333333333334,8.333333333333334,3.6666666666666665,3.6666666666666665,3.6666666666666665,2.3333333333333335,2.3333333333333335,2.3333333333333335,0.0,0.0,0.0,0.0,0.0,0.0,1.3333333333333333,1.3333333333333333,1.3333333333333333,5.333333333333333,5.333333333333333,5.333333333333333,2.6666666666666665,2.6666666666666665,2.6666666666666665,0.0935185185185185,3.0,2.0,1.0,0.667,17.3,8.3,3.7,0.0,-3.3
MIN,Jaylyn Sherrod,2026-10-06T17:14:25.149430+00:00,8,4.75,6.3999999999999995,6.82,1.0,1.3333333333333333,1.6,0.5,0.6666666666666666,0.8,0.5,0.6666666666666666,0.8,0.25,0.0,0.2,0.0,0.0,0.0,0.125,0.0,0.2,1.0,1.0,1.2,0.5,0.0,0.8,0.012208185579196217,26.0,15.0,11.0,0.577,5.5,1.2,0.6,0.5,-1.0
MIN,Jessica Shepard,2026-10-06T17:14:25.153054+00:00,40,20.8875,30.033333333333335,24.64,8.0,13.0,9.8,7.325,11.333333333333334,8.6,5.025,7.333333333333333,5.8,2.6,2.6666666666666665,2.2,0.0,0.0,0.0,1.45,1.3333333333333333,1.2,5.175,8.666666666666666,6.8,2.575,2.3333333333333335,1.8,0.09456513441176194,40.0,31.0,9.0,0.775,20.9,8.0,7.3,2.6,4.0
MIN,Karlie Samuelson,2026-10-06T17:14:25.156879+00:00,16,14.24375,9.033333333333333,9.24,3.3125,2.0,1.4,1.25,0.3333333333333333,1.0,1.0625,0.0,0.6,1.0625,0.0,0.0,0.75,0.6666666666666666,0.4,0.6875,0.0,0.4,2.625,1.3333333333333333,1.0,0.875,0.0,0.4,0.03836646826395594,16.0,14.0,2.0,0.875,14.2,3.3,1.3,1.1,4.1
MIN,Kayla McBride,2026-10-06T17:14:25.160581+00:00,83,31.643373493975904,23.099999999999998,28.079999999999995,16.012048192771083,12.0,13.8,2.6626506024096384,1.6666666666666667,2.2,2.2409638554216866,1.6666666666666667,1.8,2.8072289156626504,3.0,2.6,2.7590361445783134,2.6666666666666665,2.4,1.4698795180722892,0.6666666666666666,0.8,11.831325301204819,9.666666666666666,12.0,3.1325301204819276,2.0,2.4,0.18022501717637476,44.0,33.0,11.0,0.75,32.0,17.6,3.0,2.2,6.4
MIN,Liatu King,2026-10-06T17:14:25.164450+00:00,12,8.716666666666669,10.100000000000001,6.779999999999999,3.5,5.333333333333333,3.6,2.3333333333333335,1.6666666666666667,1.0,1.4166666666666667,0.6666666666666666,0.4,0.16666666666666666,0.6666666666666666,0.4,0.16666666666666666,0.0,0.0,0.4166666666666667,0.0,0.0,2.5833333333333335,4.666666666666667,3.0,1.25,1.6666666666666667,1.0,0.0400970265815904,12.0,8.0,4.0,0.667,8.7,3.5,2.3,0.2,-1.8
MIN,Maria Kliundikova,2026-10-06T17:14:25.167998+00:00,34,10.958823529411765,10.366666666666667,11.64,4.352941176470588,4.666666666666667,4.2,3.0,5.0,4.4,1.7352941176470589,3.3333333333333335,3.4,0.5588235294117647,0.0,0.6,0.23529411764705882,0.0,0.0,0.6764705882352942,0.6666666666666666,0.8,3.764705882352941,4.333333333333333,3.6,0.6176470588235294,0.0,0.4,0.05155821898428524,34.0,25.0,9.0,0.735,11.0,4.4,3.0,0.6,2.3
MIN,Marième Badiane,2026-10-06T17:14:25.171530+00:00,3,3.566666666666667,3.566666666666667,3.566666666666667,0.0,0.0,0.0,0.3333333333333333,0.3333333333333333,0.3333333333333333,0.0,0.0,0.0,0.0,0.0,0.0,0.0,0.0,0.0,0.6666666666666666,0.6666666666666666,0.6666666666666666,1.0,1.0,1.0,0.0,0.0,0.0,0.0,3.0,3.0,0.0,1.0,3.6,0.0,0.3,0.0,-2.3
MIN,Maya Caldwell,2026-10-06T17:14:25.174980+00:00,44,14.30454545454546,19.2,17.5,4.068181818181818,4.666666666666667,4.2,2.3636363636363638,4.0,4.0,1.4772727272727273,2.3333333333333335,2.4,1.0909090909090908,1.6666666666666667,1.6,0.7045454545454546,0.6666666666666666,0.6,0.7272727272727273,1.3333333333333333,0.8,3.8636363636363638,5.666666666666667,5.4,0.6136363636363636,0.0,0.0,0.045403954810881865,44.0,33.0,11.0,0.75,14.3,4.1,2.4,1.1,2.0
MIN,Napheesa Collier,2026-10-06T17:14:25.178390+00:00,49,31.304081632653062,23.96666666666667,27.839999999999996,20.877551020408163,12.666666666666666,13.8,7.163265306122449,5.0,5.8,5.530612244897959,4.333333333333333,4.8,2.979591836734694,1.3333333333333333,2.0,1.510204081632653,1.0,1.0,2.142857142857143,1.0,2.0,14.693877551020408,10.0,11.2,4.489795918367347,1.6666666666666667,2.4,0.23608992021862046,16.0,11.0,5.0,0.688,29.3,16.8,6.9,2.6,4.9
MIN,Natasha Howard,2026-10-06T17:14:25.181966+00:00,44,28.39545454545455,17.866666666666667,21.22,14.795454545454545,15.0,13.0,7.636363636363637,8.0,6.8,4.25,4.0,3.4,3.272727272727273,2.3333333333333335,3.4,0.06818181818181818,0.0,0.0,2.5,2.0,2.2,10.113636363636363,8.666666666666666,7.6,3.659090909090909,3.3333333333333335,3.4,0.16456715415994275,44.0,33.0,11.0,0.75,28.4,14.8,7.6,3.3,7.6
MIN,Natisha Hiedeman,2026-10-06T17:14:25.185501+00:00,44,18.920454545454547,25.833333333333332,27.22,9.068181818181818,17.0,18.6,1.8636363636363635,1.6666666666666667,2.8,1.6136363636363635,1.0,2.0,2.7954545454545454,2.3333333333333335,4.4,1.0454545454545454,3.0,3.0,1.2272727272727273,2.3333333333333335,2.0,6.9772727272727275,10.333333333333334,10.8,1.5227272727272727,3.3333333333333335,3.4,0.1057748821715908,44.0,34.0,10.0,0.773,18.9,9.1,1.9,2.8,4.3
MIN,Nia Brodie,2026-10-06T17:14:25.189118+00:00,4,15.75,16.533333333333335,15.75,4.25,4.666666666666667,4.25,2.25,2.3333333333333335,2.25,1.25,1.3333333333333333,1.25,1.75,1.6666666666666667,1.75,1.25,1.3333333333333333,1.25,0.75,0.6666666666666666,0.75,4.75,5.333333333333333,4.75,0.5,0.6666666666666666,0.5,0.05011280474669837,4.0,2.0,2.0,0.5,15.7,4.3,2.3,1.8,-2.0
MIN,Nia Coffey,2026-10-06T17:14:25.192847+00:00,40,22.9675,21.166666666666668,21.0,6.4,4.333333333333333,5.0,4.45,3.0,3.2,3.575,2.6666666666666665,2.8,1.75,0.6666666666666666,0.6,1.25,1.0,1.4,0.7,1.0,0.8,5.425,3.3333333333333335,3.4,0.55,0.0,0.0,0.07102056534762062,40.0,31.0,9.0,0.775,23.0,6.4,4.5,1.8,3.7
MIN,Olivia Miles,2026-10-06T17:14:25.196634+00:00,40,30.982500000000005,31.433333333333334,30.26,19.75,20.666666666666668,18.8,4.65,5.333333333333333,4.6,4.075,5.0,4.4,5.975,3.6666666666666665,4.6,1.6,0.6666666666666666,1.0,3.075,2.6666666666666665,2.8,14.175,14.0,15.2,4.825,8.333333333333334,5.8,0.21543198035708047,40.0,31.0,9.0,0.775,31.0,19.8,4.7,6.0,7.0
MIN,Teaira McCowan,2026-10-06T17:14:25.200519+00:00,10,6.840000000000001,5.766666666666667,5.58,1.4,1.3333333333333333,0.8,2.4,1.3333333333333333,1.6,1.9,1.3333333333333333,1.4,0.3,0.0,0.2,0.0,0.0,0.0,0.6,0.3333333333333333,0.2,1.5,1.0,1.0,0.3,0.3333333333333333,0.6,0.014502707540682225,10.0,8.0,2.0,0.8,6.8,1.4,2.4,0.3,4.2
MIN,Yvonne Anderson,2026-10-06T17:14:25.204133+00:00,1,12.4,12.4,12.4,0.0,0.0,0.0,1.0,1.0,1.0,1.0,1.0,1.0,2.0,2.0,2.0,0.0,0.0,0.0,0.0,0.0,0.0,3.0,3.0,3.0,0.0,0.0,0.0,0.0,1.0,1.0,0.0,1.0,12.4,0.0,1.0,2.0,13.0
NYL,Alex Fowler,2026-10-06T17:14:25.208049+00:00,2,15.65,15.65,15.65,6.0,6.0,6.0,0.0,0.0,0.0,0.0,0.0,0.0,0.5,0.5,0.5,1.0,1.0,1.0,1.5,1.5,1.5,5.0,5.0,5.0,1.0,1.0,1.0,0.06,2.0,1.0,1.0,0.5,15.6,6.0,0.0,0.5,-6.0
NYL,Anneli Maley,2026-10-06T17:14:25.212176+00:00,9,8.466666666666667,5.866666666666667,5.880000000000001,0.7777777777777778,0.6666666666666666,0.4,1.1111111111111112,0.3333333333333333,0.8,0.5555555555555556,0.3333333333333333,0.6,0.4444444444444444,0.6666666666666666,0.8,0.1111111111111111,0.0,0.0,0.1111111111111111,0.3333333333333333,0.2,1.4444444444444444,0.6666666666666666,1.0,0.4444444444444444,0.6666666666666666,0.4,0.009731934731934733,11.0,4.0,7.0,0.364,7.5,0.7,1.1,0.4,1.6
NYL,Aubrey Griffin,2026-10-06T17:14:25.216228+00:00,4,1.975,0.9,1.975,0.5,0.0,0.5,0.25,0.3333333333333333,0.25,0.25,0.3333333333333333,0.25,0.0,0.0,0.0,0.0,0.0,0.0,0.25,0.0,0.25,0.25,0.0,0.25,0.0,0.0,0.0,0.0047169811320754715,4.0,3.0,1.0,0.75,1.9,0.5,0.3,0.0,0.3
NYL,Betnijah Laney-Hamilton,2026-10-06T17:14:25.220199+00:00,17,16.788235294117644,12.866666666666667,14.52,4.705882352941177,2.0,1.8,1.8823529411764706,1.0,1.6,1.7058823529411764,0.6666666666666666,1.4,1.5294117647058822,1.3333333333333333,1.0,0.5294117647058824,0.0,0.2,1.5294117647058822,1.3333333333333333,1.6,4.0588235294117645,3.3333333333333335,3.0,1.5294117647058822,0.0,0.0,0.05230534693198337,,,,,,,,,
NYL,Breanna Stewart,2026-10-06T17:14:25.224191+00:00,73,31.953424657534246,32.333333333333336,31.22,19.73972602739726,26.0,21.4,7.5479452054794525,10.666666666666666,9.4,6.2465753424657535,9.0,7.8,3.356164383561644,4.0,3.0,0.7123287671232876,0.6666666666666666,0.4,1.9863013698630136,1.6666666666666667,1.2,14.26027397260274,16.666666666666668,14.2,6.739726027397261,7.666666666666667,7.6,0.22529061684009302,42.0,26.0,16.0,0.619,32.9,20.8,8.3,3.3,2.6
NYL,Emma Meesseman,2026-10-06T17:14:25.228261+00:00,17,25.870588235294118,20.0,22.7,13.411764705882353,14.0,13.6,5.117647058823529,4.333333333333333,4.4,3.823529411764706,3.0,3.4,3.176470588235294,2.0,1.8,0.8235294117647058,1.0,1.2,2.1176470588235294,1.3333333333333333,1.6,9.352941176470589,7.666666666666667,8.0,2.176470588235294,3.0,2.2,0.16841443278124063,17.0,10.0,7.0,0.588,25.9,13.4,5.1,3.2,1.9
NYL,Han Xu,2026-10-06T17:14:25.232251+00:00,44,13.725,12.833333333333334,12.6,6.295454545454546,6.666666666666667,7.8,2.477272727272727,1.6666666666666667,2.2,1.6818181818181819,0.3333333333333333,0.8,0.7045454545454546,1.0,0.8,0.8181818181818182,0.3333333333333333,0.6,0.45454545454545453,0.3333333333333333,0.2,4.7727272727272725,6.0,5.4,0.8181818181818182,1.0,1.6,0.07116869744917742,44.0,26.0,18.0,0.591,13.7,6.3,2.5,0.7,2.3
NYL,Isabelle Harrison,2026-10-06T17:14:25.236130+00:00,34,10.602941176470589,6.966666666666666,6.14,4.911764705882353,1.0,1.0,2.6176470588235294,2.0,1.4,1.7647058823529411,1.3333333333333333,1.0,0.7058823529411765,1.0,0.8,0.11764705882352941,0.0,0.0,0.6764705882352942,1.0,0.6,3.9411764705882355,2.6666666666666665,2.2,1.2647058823529411,0.6666666666666666,0.4,0.05691771905953808,34.0,21.0,13.0,0.618,10.6,4.9,2.6,0.7,-0.3
NYL,Jaylyn Sherrod,2026-10-06T17:14:25.240049+00:00,18,5.811111111111112,2.8333333333333335,3.02,1.2222222222222223,0.0,0.6,0.6111111111111112,0.0,0.0,0.5,0.0,0.0,0.5555555555555556,0.0,0.4,0.16666666666666666,0.0,0.2,0.6111111111111112,0.3333333333333333,0.4,1.1111111111111112,0.0,0.2,0.5,0.0,0.0,0.013779424093697337,,,,,,,,,
NYL,Jonquel Jones,2026-10-06T17:14:25.243790+00:00,74,27.606756756756756,24.8,24.699999999999996,14.162162162162161,13.0,13.6,8.662162162162161,9.666666666666666,8.6,6.918918918918919,9.333333333333334,7.6,2.635135135135135,2.0,1.4,1.7702702702702702,1.6666666666666667,1.8,2.1216216216216215,2.3333333333333335,2.4,9.945945945945946,9.0,10.6,3.2432432432432434,3.3333333333333335,2.6,0.16413587136204155,43.0,25.0,18.0,0.581,28.2,14.5,9.1,2.6,1.5
NYL,Julie Vanloo,2026-10-06T17:14:25.247845+00:00,5,16.22,15.266666666666666,16.22,5.8,4.666666666666667,5.8,2.0,0.6666666666666666,2.0,1.8,0.6666666666666666,1.8,5.4,4.666666666666667,5.4,1.4,1.3333333333333333,1.4,2.4,2.3333333333333335,2.4,3.4,3.3333333333333335,3.4,0.8,0.0,0.8,0.058728244127839814,5.0,3.0,2.0,0.6,16.2,5.8,2.0,5.4,6.4
NYL,Kennedy Burke,2026-10-06T17:14:25.251681+00:00,36,21.652777777777782,19.566666666666666,17.6,8.083333333333334,7.333333333333333,4.6,2.361111111111111,3.3333333333333335,3.0,1.7777777777777777,3.0,2.6,1.25,1.0,1.0,1.2777777777777777,0.6666666666666666,0.4,0.9444444444444444,1.3333333333333333,1.0,6.055555555555555,5.333333333333333,4.2,1.5,0.6666666666666666,0.8,0.09598218377699805,36.0,23.0,13.0,0.639,21.6,8.1,2.4,1.3,2.0
NYL,Leonie Fiebich,2026-10-06T17:14:25.255567+00:00,58,28.336206896551722,23.966666666666665,25.839999999999996,8.706896551724139,2.3333333333333335,4.2,3.3620689655172415,2.6666666666666665,3.4,2.5172413793103448,1.3333333333333333,2.2,1.8620689655172413,2.6666666666666665,2.6,1.4827586206896552,0.6666666666666666,1.0,1.4137931034482758,1.6666666666666667,1.8,6.206896551724138,3.0,4.0,1.6551724137931034,0.6666666666666666,1.2,0.09979809703808339,21.0,14.0,7.0,0.667,28.7,8.8,3.0,2.1,4.5
NYL,Madison Scott,2026-10-06T17:14:25.259659+00:00,2,2.75,2.75,2.75,2.0,2.0,2.0,0.0,0.0,0.0,0.0,0.0,0.0,0.5,0.5,0.5,0.0,0.0,0.0,0.0,0.0,0.0,1.0,1.0,1.0,0.5,0.5,0.5,0.018867924528301886,2.0,1.0,1.0,0.5,2.8,2.0,0.0,0.5,3.5
NYL,Marine Fauthoux,2026-10-06T17:14:25.263482+00:00,21,12.404761904761905,8.333333333333334,6.62,4.380952380952381,7.666666666666667,5.6,2.0,1.6666666666666667,1.2,1.7142857142857142,1.6666666666666667,1.2,1.9047619047619047,1.6666666666666667,1.2,0.5714285714285714,0.3333333333333333,0.4,1.1428571428571428,0.6666666666666666,0.4,3.238095238095238,3.6666666666666665,3.2,1.619047619047619,3.0,2.6,0.04883267318240609,21.0,15.0,6.0,0.714,12.4,4.4,2.0,1.9,1.0
NYL,Marine Johannes,2026-10-06T17:14:25.267473+00:00,85,19.163529411764703,15.233333333333334,11.98,7.2823529411764705,3.0,4.4,1.9529411764705882,1.6666666666666667,1.2,1.6235294117647059,1.3333333333333333,1.0,1.9764705882352942,2.6666666666666665,1.6,1.776470588235294,1.0,1.4,1.3764705882352941,0.6666666666666666,1.0,6.294117647058823,6.0,5.6,0.5294117647058824,0.0,0.4,0.08225717734159088,41.0,23.0,18.0,0.561,20.1,8.2,2.0,2.4,2.4
NYL,Marquesha Davis,2026-10-06T17:14:25.271359+00:00,9,3.4444444444444446,4.366666666666666,4.62,0.8888888888888888,2.0,1.6,0.5555555555555556,0.3333333333333333,0.6,0.4444444444444444,0.3333333333333333,0.6,0.1111111111111111,0.0,0.2,0.0,0.0,0.0,0.3333333333333333,0.0,0.4,0.4444444444444444,0.6666666666666666,0.8,0.7777777777777778,1.6666666666666667,1.4,0.010819507290095527,,,,,,,,,
NYL,Natasha Cloud,2026-10-06T17:14:25.275025+00:00,41,29.046341463414635,26.46666666666667,29.420000000000005,10.097560975609756,7.666666666666667,11.0,3.682926829268293,3.0,3.6,3.341463414634146,3.0,3.2,5.146341463414634,4.0,4.0,1.2682926829268293,1.0,1.8,1.8780487804878048,2.3333333333333335,2.4,8.512195121951219,6.666666666666667,8.6,1.6829268292682926,0.6666666666666666,1.2,0.12156571798824128,41.0,24.0,17.0,0.585,29.0,10.1,3.7,5.1,3.1
NYL,Nyara Sabally,2026-10-06T17:14:25.278711+00:00,17,17.91764705882353,11.5,15.3,5.411764705882353,2.0,3.4,4.529411764705882,2.3333333333333335,3.6,2.9411764705882355,1.6666666666666667,2.8,0.7647058823529411,1.0,1.2,0.058823529411764705,0.0,0.2,0.9411764705882353,1.0,1.2,4.470588235294118,2.0,3.4,1.4705882352941178,0.0,0.0,0.06371595717628835,17.0,11.0,6.0,0.647,17.9,5.4,4.5,0.8,-0.2
NYL,Pauline Astier,2026-10-06T17:14:25.282435+00:00,44,23.347727272727273,22.366666666666664,23.88,9.295454545454545,9.666666666666666,10.2,2.7045454545454546,5.333333333333333,4.8,2.0454545454545454,3.6666666666666665,3.2,3.340909090909091,3.0,3.0,0.4318181818181818,0.6666666666666666,0.8,1.6818181818181819,1.6666666666666667,1.8,6.363636363636363,7.333333333333333,7.4,2.1818181818181817,1.3333333333333333,1.2,0.10278248307503858,44.0,26.0,18.0,0.591,23.3,9.3,2.7,3.3,2.3
NYL,Raquel Carrera,2026-10-06T17:14:25.286146+00:00,24,6.454166666666667,12.699999999999998,9.440000000000001,1.6666666666666667,3.0,1.8,1.2083333333333333,2.3333333333333335,1.6,0.8333333333333334,2.0,1.4,0.4583333333333333,1.3333333333333333,0.8,0.125,0.3333333333333333,0.2,0.3333333333333333,0.6666666666666666,0.4,0.9583333333333334,1.0,1.0,0.5833333333333334,0.6666666666666666,0.4,0.019876518892027892,24.0,12.0,12.0,0.5,6.4,1.7,1.2,0.5,0.7
NYL,Rebecca Allen,2026-10-06T17:14:25.289868+00:00,29,18.155172413793103,16.533333333333335,17.160000000000004,5.793103448275862,7.666666666666667,6.2,2.5517241379310347,3.6666666666666665,3.8,1.9655172413793103,3.0,3.2,0.6206896551724138,0.3333333333333333,0.6,1.3448275862068966,2.3333333333333335,1.8,0.5862068965517241,0.6666666666666666,0.8,4.758620689655173,5.666666666666667,4.6,0.5172413793103449,0.0,0.4,0.06397520778062543,29.0,16.0,13.0,0.552,18.1,5.8,2.6,0.6,-0.8
NYL,Rebekah Gardner,2026-10-06T17:14:25.293765+00:00,83,13.580722891566262,14.033333333333333,15.559999999999999,4.385542168674699,2.6666666666666665,4.2,2.0963855421686746,0.6666666666666666,1.4,1.3132530120481927,0.6666666666666666,1.4,0.9036144578313253,0.0,0.6,0.3855421686746988,0.6666666666666666,0.6,0.6024096385542169,1.6666666666666667,1.2,3.289156626506024,2.6666666666666665,3.6,0.8433734939759037,0.0,0.0,0.05035454976267053,42.0,25.0,17.0,0.595,14.9,5.0,2.4,1.2,0.3
NYL,Sabrina Ionescu,2026-10-06T17:14:25.297642+00:00,69,30.698550724637684,24.8,25.46,16.594202898550726,9.333333333333334,9.4,4.391304347826087,2.3333333333333335,3.0,3.652173913043478,2.0,2.8,5.246376811594203,4.0,4.4,2.028985507246377,1.3333333333333333,1.4,2.710144927536232,3.0,2.8,13.869565217391305,9.0,10.4,3.898550724637681,4.333333333333333,3.6,0.19016860964515733,31.0,16.0,15.0,0.516,29.8,14.6,3.8,4.7,-0.2
NYL,Satou Sabally,2026-10-06T17:14:25.301596+00:00,13,16.746153846153845,17.200000000000003,17.96,10.384615384615385,9.0,10.2,2.769230769230769,2.6666666666666665,2.4,2.3846153846153846,2.3333333333333335,2.0,1.9230769230769231,3.0,3.4,1.5384615384615385,2.0,1.6,1.6923076923076923,1.6666666666666667,2.0,7.538461538461538,7.666666666666667,7.8,2.230769230769231,1.3333333333333333,1.4,0.11834889700429513,13.0,8.0,5.0,0.615,16.8,10.4,2.8,1.9,2.2
NYL,Stephanie Talbot,2026-10-06T17:14:25.305543+00:00,22,12.404545454545454,4.966666666666667,9.66,2.5,0.6666666666666666,2.6,2.1818181818181817,0.0,1.4,1.6363636363636365,0.0,1.2,1.5454545454545454,0.0,1.4,0.36363636363636365,0.0,0.4,0.9545454545454546,0.6666666666666666,1.0,2.0454545454545454,1.0,1.4,0.6363636363636364,0.0,1.0,0.03013305623077865,38.0,20.0,18.0,0.526,14.2,2.9,2.7,1.7,-0.7
PDX,Amy Okonkwo,2026-10-06T17:14:25.309315+00:00,4,12.3,12.799999999999999,12.3,6.25,6.666666666666667,6.25,1.25,1.0,1.25,0.75,0.6666666666666666,0.75,0.25,0.0,0.25,1.25,1.3333333333333333,1.25,0.5,0.6666666666666666,0.5,5.25,5.0,5.25,0.5,0.0,0.5,0.07486628380946073,5.0,1.0,4.0,0.2,10.1,5.2,1.2,0.2,-5.4
PDX,Bridget Carleton,2026-10-06T17:14:25.312949+00:00,40,30.889999999999997,34.5,33.94,14.575,13.666666666666666,14.6,4.45,4.666666666666667,4.0,3.725,3.6666666666666665,3.2,2.125,1.3333333333333333,2.6,2.775,2.3333333333333335,2.2,1.175,0.6666666666666666,0.8,12.025,12.666666666666666,13.0,2.325,2.6666666666666665,2.2,0.16556528056292935,40.0,17.0,23.0,0.425,30.9,14.6,4.5,2.1,-1.6
PDX,Carla Leite,2026-10-06T17:14:25.316652+00:00,39,26.01794871794872,27.266666666666666,27.54,16.05128205128205,17.666666666666668,17.8,2.1538461538461537,2.6666666666666665,2.2,1.5384615384615385,2.0,1.6,6.282051282051282,5.666666666666667,6.0,0.9487179487179487,1.0,1.6,3.3076923076923075,3.0,3.4,10.435897435897436,10.0,10.4,6.410256410256411,9.666666666666666,6.8,0.1824109017124641,39.0,16.0,23.0,0.41,26.0,16.1,2.2,6.3,-1.8
PDX,Charisma Osborne,2026-10-06T17:14:25.320267+00:00,3,19.7,19.7,19.7,9.666666666666666,9.666666666666666,9.666666666666666,1.6666666666666667,1.6666666666666667,1.6666666666666667,1.0,1.0,1.0,1.3333333333333333,1.3333333333333333,1.3333333333333333,1.6666666666666667,1.6666666666666667,1.6666666666666667,1.0,1.0,1.0,6.333333333333333,6.333333333333333,6.333333333333333,2.3333333333333335,2.3333333333333335,2.3333333333333335,0.11758056758056758,3.0,1.0,2.0,0.333,19.7,9.7,1.7,1.3,6.0
PDX,Emily Engstler,2026-10-06T17:14:25.323750+00:00,44,24.663636363636364,25.133333333333336,25.639999999999997,10.136363636363637,8.0,11.4,5.7272727272727275,7.666666666666667,6.8,4.4772727272727275,6.0,5.0,2.090909090909091,1.0,1.8,1.2727272727272727,1.0,2.0,1.8863636363636365,2.0,2.2,8.159090909090908,7.333333333333333,8.8,1.7727272727272727,3.3333333333333335,3.2,0.11738411478007205,44.0,17.0,27.0,0.386,24.7,10.1,5.7,2.1,-2.0
PDX,Frieda Buhner,2026-10-06T17:14:25.327379+00:00,39,15.476923076923077,21.200000000000003,19.56,6.256410256410256,7.333333333333333,6.8,2.076923076923077,1.6666666666666667,1.6,1.3846153846153846,1.3333333333333333,1.0,0.7435897435897436,1.3333333333333333,1.0,0.8717948717948718,1.0,1.0,0.8974358974358975,1.0,1.0,4.9743589743589745,6.0,5.6,1.2307692307692308,0.6666666666666666,0.8,0.07430055147195953,39.0,14.0,25.0,0.359,15.5,6.3,2.1,0.7,-3.1
PDX,Haley Jones,2026-10-06T17:14:25.330847+00:00,5,11.319999999999999,13.066666666666668,11.319999999999999,5.2,5.333333333333333,5.2,2.2,2.0,2.2,1.8,1.3333333333333333,1.8,1.0,1.3333333333333333,1.0,0.0,0.0,0.0,1.2,1.6666666666666667,1.2,3.4,3.3333333333333335,3.4,1.6,2.6666666666666665,1.6,0.06271205224287373,,,,,,,,,
PDX,Holly Winterburn,2026-10-06T17:14:25.334507+00:00,29,11.217241379310344,21.933333333333337,17.22,4.0,9.333333333333334,7.8,1.3793103448275863,2.3333333333333335,2.4,1.0344827586206897,2.0,1.4,1.7586206896551724,1.3333333333333333,1.4,0.3448275862068966,1.0,1.2,1.0689655172413792,2.3333333333333335,1.6,3.689655172413793,7.666666666666667,6.4,0.8275862068965517,3.0,1.8,0.04767994706982834,29.0,11.0,18.0,0.379,11.2,4.0,1.4,1.8,-3.5
PDX,Jordan Harrison,2026-10-06T17:14:25.338066+00:00,16,14.10625,14.966666666666669,18.160000000000004,5.0625,3.3333333333333335,5.0,1.75,1.6666666666666667,1.8,1.25,1.0,1.4,4.1875,5.0,6.2,0.375,0.0,0.4,2.0,1.6666666666666667,3.2,4.0,4.0,4.4,1.75,1.0,2.2,0.0567530462105179,16.0,5.0,11.0,0.313,14.1,5.1,1.8,4.2,-2.0
PDX,Kamiah Smalls,2026-10-06T17:14:25.341624+00:00,2,15.100000000000001,15.100000000000001,15.100000000000001,7.5,7.5,7.5,0.0,0.0,0.0,0.0,0.0,0.0,3.0,3.0,3.0,2.0,2.0,2.0,2.0,2.0,2.0,5.0,5.0,5.0,0.5,0.5,0.5,0.07852165256346441,2.0,1.0,1.0,0.5,15.1,7.5,0.0,3.0,-9.5
PDX,Karlie Samuelson,2026-10-06T17:14:25.345251+00:00,32,16.034375,19.0,20.279999999999998,4.75,3.6666666666666665,5.0,1.53125,2.0,1.8,1.03125,1.3333333333333333,1.4,0.875,1.3333333333333333,1.4,0.96875,0.3333333333333333,0.6,0.40625,1.0,0.8,3.84375,5.0,5.8,1.15625,1.6666666666666667,1.8,0.055779712786817676,32.0,12.0,20.0,0.375,16.0,4.8,1.5,0.9,-2.8
PDX,Luisa Geiselsoder,2026-10-06T17:14:25.348837+00:00,21,16.56190476190476,9.966666666666667,10.02,4.476190476190476,0.3333333333333333,1.2,2.619047619047619,1.6666666666666667,1.8,2.142857142857143,1.6666666666666667,1.4,1.2857142857142858,0.3333333333333333,0.6,0.7619047619047619,0.0,0.2,0.9047619047619048,0.6666666666666666,0.4,4.761904761904762,1.6666666666666667,2.4,0.7142857142857143,0.6666666666666666,0.4,0.05532138433971492,21.0,8.0,13.0,0.381,16.5,4.5,2.6,1.3,-1.2
PDX,Megan DiLeo,2026-10-06T17:14:25.352393+00:00,41,24.253658536585366,27.5,26.6,13.073170731707316,11.0,12.2,4.317073170731708,6.0,5.2,2.902439024390244,4.0,3.2,0.9024390243902439,0.6666666666666666,0.6,1.2682926829268293,0.3333333333333333,0.6,0.7804878048780488,1.3333333333333333,1.2,9.268292682926829,7.666666666666667,8.8,1.975609756097561,3.0,2.0,0.15111706631227237,41.0,16.0,25.0,0.39,24.3,13.1,4.3,0.9,-2.3
PDX,Nyadiew Puoch,2026-10-06T17:14:25.355997+00:00,42,18.459523809523812,28.766666666666666,26.74,4.309523809523809,9.0,8.0,2.1666666666666665,4.666666666666667,3.8,1.3571428571428572,3.6666666666666665,3.2,0.7619047619047619,1.3333333333333333,1.2,0.5238095238095238,1.0,1.0,0.6428571428571429,2.0,1.4,4.428571428571429,8.0,6.8,0.8571428571428571,2.0,2.0,0.04950132916130364,42.0,15.0,27.0,0.357,18.5,4.3,2.2,0.8,-3.4
PDX,Sarah Ashlee Barker,2026-10-06T17:14:25.359976+00:00,26,24.711538461538467,19.46666666666667,21.62,10.692307692307692,11.0,10.0,4.5,4.666666666666667,5.0,3.6923076923076925,3.6666666666666665,4.2,2.3846153846153846,2.6666666666666665,2.6,1.3846153846153846,1.6666666666666667,1.2,2.0,1.0,1.4,8.26923076923077,7.333333333333333,7.0,1.3461538461538463,0.3333333333333333,1.2,0.12550543691046456,26.0,10.0,16.0,0.385,24.7,10.7,4.5,2.4,-2.0
PDX,Serah Williams,2026-10-06T17:14:25.363484+00:00,39,13.133333333333335,13.0,16.240000000000002,4.282051282051282,2.0,4.8,2.717948717948718,2.6666666666666665,4.0,1.794871794871795,1.6666666666666667,2.2,0.46153846153846156,0.0,0.0,0.02564102564102564,0.0,0.0,0.7948717948717948,1.3333333333333333,0.8,3.1538461538461537,3.0,4.2,1.3333333333333333,0.0,1.4,0.04950011841429657,39.0,15.0,24.0,0.385,13.1,4.3,2.7,0.5,-1.6
PDX,Sug Sutton,2026-10-06T17:14:25.367023+00:00,3,22.833333333333332,22.833333333333332,22.833333333333332,11.333333333333334,11.333333333333334,11.333333333333334,1.6666666666666667,1.6666666666666667,1.6666666666666667,1.3333333333333333,1.3333333333333333,1.3333333333333333,5.666666666666667,5.666666666666667,5.666666666666667,0.6666666666666666,0.6666666666666666,0.6666666666666666,2.0,2.0,2.0,10.333333333333334,10.333333333333334,10.333333333333334,3.3333333333333335,3.3333333333333335,3.3333333333333335,0.14464003692685878,,,,,,,,,
PDX,Teja Oblak,2026-10-06T17:14:25.370461+00:00,29,13.389655172413791,13.633333333333333,15.0,5.551724137931035,2.3333333333333335,3.6,1.5862068965517242,1.3333333333333333,2.2,1.0689655172413792,1.0,1.6,3.1724137931034484,4.666666666666667,5.2,0.7586206896551724,0.3333333333333333,0.6,2.4827586206896552,2.0,2.0,5.206896551724138,4.666666666666667,5.4,0.6206896551724138,0.0,0.4,0.0668290321294021,29.0,10.0,19.0,0.345,13.4,5.6,1.6,3.2,-2.3
PHX,Alexis Prince,2026-10-06T17:14:25.373718+00:00,1,22.1,22.1,22.1,2.0,2.0,2.0,8.0,8.0,8.0,8.0,8.0,8.0,1.0,1.0,1.0,0.0,0.0,0.0,3.0,3.0,3.0,3.0,3.0,3.0,0.0,0.0,0.0,0.024691358024691357,1.0,1.0,0.0,1.0,22.1,2.0,8.0,1.0,5.0
PHX,Alyssa Thomas,2026-10-06T17:14:25.377675+00:00,81,32.27407407407407,29.666666666666668,28.3,14.790123456790123,13.333333333333334,12.4,8.296296296296296,9.333333333333334,8.4,6.654320987654321,8.0,7.0,8.82716049382716,10.666666666666666,10.0,0.012345679012345678,0.0,0.0,3.4814814814814814,2.6666666666666665,3.0,11.061728395061728,10.333333333333334,8.8,4.530864197530864,2.3333333333333335,3.4,0.1765119195051582,42.0,14.0,28.0,0.333,33.2,14.3,7.8,8.5,-1.3
PHX,Anneli Maley,2026-10-06T17:14:25.381609+00:00,2,3.05,3.05,3.05,0.5,0.5,0.5,1.0,1.0,1.0,1.0,1.0,1.0,0.0,0.0,0.0,0.0,0.0,0.0,0.0,0.0,0.0,1.0,1.0,1.0,1.0,1.0,1.0,0.005050505050505051,,,,,,,,,
PHX,DeWanna Bonner,2026-10-06T17:14:25.385416+00:00,61,26.34262295081967,29.933333333333337,28.68,10.721311475409836,15.333333333333334,12.4,5.377049180327869,7.333333333333333,6.6,4.475409836065574,6.333333333333333,5.8,1.3278688524590163,1.6666666666666667,1.6,1.2295081967213115,2.0,1.6,0.7704918032786885,1.3333333333333333,0.8,8.721311475409836,10.0,9.6,2.819672131147541,5.0,3.0,0.12873849001644389,33.0,18.0,15.0,0.545,23.6,9.8,4.2,1.2,-0.2
PHX,Haley Jones,2026-10-06T17:14:25.389814+00:00,4,11.975,14.700000000000001,11.975,2.25,2.3333333333333335,2.25,2.0,2.6666666666666665,2.0,1.5,2.0,1.5,1.0,1.0,1.0,0.25,0.3333333333333333,0.25,0.5,0.6666666666666666,0.5,3.0,3.6666666666666665,3.0,0.0,0.0,0.0,0.028109544354414394,,,,,,,,,
PHX,Jovana Nogic,2026-10-06T17:14:25.393534+00:00,16,20.15625,17.5,18.4,10.375,7.666666666666667,6.8,1.0625,1.0,1.0,0.625,1.0,0.8,1.625,0.6666666666666666,1.8,2.0,1.6666666666666667,1.0,1.4375,1.0,0.8,7.4375,6.333333333333333,6.6,2.375,0.0,0.8,0.12520433652020968,16.0,4.0,12.0,0.25,20.2,10.4,1.1,1.6,0.5
PHX,Kahleah Copper,2026-10-06T17:14:25.397320+00:00,68,30.430882352941172,32.53333333333333,33.04,19.073529411764707,28.0,28.2,3.3529411764705883,5.0,4.2,2.8823529411764706,4.666666666666667,3.6,1.7352941176470589,1.6666666666666667,1.6,1.838235294117647,1.6666666666666667,1.6,2.3088235294117645,2.3333333333333335,1.6,14.764705882352942,18.0,18.2,5.264705882352941,8.0,8.4,0.22654953004539782,40.0,13.0,27.0,0.325,32.9,21.5,3.7,1.9,-2.9
PHX,Kalani Brown,2026-10-06T17:14:25.401257+00:00,29,12.786206896551725,13.433333333333332,9.72,5.103448275862069,6.333333333333333,4.2,4.0344827586206895,3.3333333333333335,2.6,2.793103448275862,1.6666666666666667,1.6,0.5517241379310345,0.0,0.4,0.10344827586206896,0.3333333333333333,0.2,0.7931034482758621,0.6666666666666666,0.4,3.310344827586207,3.0,2.2,1.206896551724138,2.6666666666666665,1.6,0.06435960623112844,29.0,17.0,12.0,0.586,12.8,5.1,4.0,0.6,-1.8
PHX,Kara Dunn,2026-10-06T17:14:25.405025+00:00,4,14.9,13.633333333333333,14.9,6.5,5.666666666666667,6.5,1.5,1.3333333333333333,1.5,0.5,0.6666666666666666,0.5,0.5,0.3333333333333333,0.5,2.0,1.6666666666666667,2.0,0.25,0.3333333333333333,0.25,4.75,3.6666666666666665,4.75,0.5,0.6666666666666666,0.5,0.07101148799274108,4.0,3.0,1.0,0.75,14.9,6.5,1.5,0.5,-0.8
PHX,Kathryn Westbeld,2026-10-06T17:14:25.408711+00:00,43,18.425581395348836,17.933333333333334,15.86,5.1395348837209305,4.666666666666667,3.4,2.5348837209302326,3.3333333333333335,2.8,1.8372093023255813,2.0,2.0,0.9069767441860465,0.6666666666666666,0.4,0.9767441860465116,0.3333333333333333,0.2,0.5581395348837209,1.0,0.6,5.0,3.3333333333333335,3.0,0.7441860465116279,2.6666666666666665,2.0,0.06122949690821914,43.0,27.0,16.0,0.628,18.4,5.1,2.5,0.9,1.3
PHX,Kelsey Plum,2026-10-06T17:14:25.412449+00:00,5,21.1,19.533333333333335,21.1,15.8,13.333333333333334,15.8,1.8,1.0,1.8,1.8,1.0,1.8,2.8,2.0,2.8,1.8,1.6666666666666667,1.8,2.2,2.3333333333333335,2.2,11.0,11.666666666666666,11.0,3.8,2.6666666666666665,3.8,0.19066461405853952,17.0,8.0,9.0,0.471,30.5,21.5,2.1,5.4,-1.8
PHX,Kiana Williams,2026-10-06T17:14:25.416169+00:00,19,11.131578947368423,12.633333333333333,11.68,4.368421052631579,3.0,3.6,0.7368421052631579,0.3333333333333333,0.2,0.7368421052631579,0.3333333333333333,0.2,0.7368421052631579,0.6666666666666666,0.4,0.9473684210526315,0.6666666666666666,0.6,0.631578947368421,0.6666666666666666,0.8,3.8421052631578947,3.0,3.2,0.47368421052631576,1.0,1.0,0.051130379149915174,11.0,6.0,5.0,0.545,9.7,4.1,1.0,0.9,-3.0
PHX,Kitija Laksa,2026-10-06T17:14:25.419889+00:00,33,18.99090909090909,14.133333333333335,11.02,5.9393939393939394,3.6666666666666665,2.2,1.2121212121212122,0.6666666666666666,0.8,0.8787878787878788,0.6666666666666666,0.8,0.6363636363636364,0.6666666666666666,0.4,1.1515151515151516,0.6666666666666666,0.4,0.5757575757575758,0.6666666666666666,0.6,5.454545454545454,2.6666666666666665,2.0,0.9696969696969697,1.0,0.6,0.06972513264801881,33.0,19.0,14.0,0.576,19.0,5.9,1.2,0.6,-2.8
PHX,Kyara Linskens,2026-10-06T17:14:25.423656+00:00,19,10.642105263157895,12.1,10.280000000000001,3.0,1.6666666666666667,1.0,2.3684210526315788,3.0,2.0,1.6842105263157894,3.0,2.0,0.631578947368421,1.0,0.8,0.3684210526315789,0.3333333333333333,0.2,0.5789473684210527,0.3333333333333333,0.4,3.0526315789473686,2.6666666666666665,2.2,0.8947368421052632,0.0,0.0,0.03740447889099403,19.0,6.0,13.0,0.316,10.6,3.0,2.4,0.6,-2.9
PHX,Lexi Held,2026-10-06T17:14:25.427601+00:00,66,15.995454545454542,18.466666666666665,18.699999999999996,5.848484848484849,8.666666666666666,9.8,1.121212121212121,1.3333333333333333,1.0,0.7727272727272727,1.3333333333333333,0.8,1.3333333333333333,2.6666666666666665,2.4,0.9545454545454546,1.3333333333333333,1.8,0.9242424242424242,1.0,1.2,5.348484848484849,6.0,6.8,0.9090909090909091,2.6666666666666665,2.4,0.07140369378113089,42.0,18.0,24.0,0.429,15.3,5.4,1.1,1.4,-0.9
PHX,Maddy Westbeld,2026-10-06T17:14:25.431491+00:00,7,13.128571428571428,11.566666666666668,13.219999999999999,3.2857142857142856,3.0,4.2,2.0,1.3333333333333333,2.0,1.4285714285714286,0.6666666666666666,1.2,0.5714285714285714,0.3333333333333333,0.4,0.42857142857142855,0.3333333333333333,0.6,1.0,0.3333333333333333,0.6,3.5714285714285716,3.0,4.0,0.8571428571428571,0.6666666666666666,1.2,0.0363662144096792,10.0,3.0,7.0,0.3,12.0,2.6,1.8,0.6,-2.9
PHX,Marta Suarez,2026-10-06T17:14:25.435371+00:00,19,9.34736842105263,9.533333333333333,11.76,3.473684210526316,2.6666666666666665,4.2,1.4736842105263157,2.0,2.2,1.0,1.6666666666666667,1.8,0.3684210526315789,0.0,0.2,0.3684210526315789,0.6666666666666666,0.6,0.6842105263157895,0.6666666666666666,0.8,2.789473684210526,2.6666666666666665,3.4,0.8421052631578947,0.6666666666666666,1.0,0.03943634656421719,19.0,8.0,11.0,0.421,9.3,3.5,1.5,0.4,-2.4
PHX,Megan McConnell,2026-10-06T17:14:25.438968+00:00,1,12.6,12.6,12.6,3.0,3.0,3.0,1.0,1.0,1.0,0.0,0.0,0.0,3.0,3.0,3.0,1.0,1.0,1.0,0.0,0.0,0.0,4.0,4.0,4.0,0.0,0.0,0.0,0.046153846153846156,1.0,0.0,1.0,0.0,12.6,3.0,1.0,3.0,-22.0
PHX,Monique Akoa Makani,2026-10-06T17:14:25.442873+00:00,60,22.086666666666662,18.099999999999998,21.2,8.216666666666667,6.0,5.8,2.1666666666666665,1.3333333333333333,2.4,1.7166666666666666,1.3333333333333333,2.2,2.65,2.0,2.2,1.2166666666666666,0.6666666666666666,0.6,1.55,2.0,1.8,6.616666666666666,7.0,7.6,1.4166666666666667,0.0,0.0,0.1022127972045142,41.0,26.0,15.0,0.634,21.5,7.7,2.2,2.7,4.0
PHX,Murjanatu Musa,2026-10-06T17:14:25.447145+00:00,12,10.15,8.766666666666666,8.14,3.3333333333333335,3.3333333333333335,2.8,2.5833333333333335,2.6666666666666665,2.2,1.0833333333333333,0.6666666666666666,0.4,0.5833333333333334,0.6666666666666666,0.4,0.08333333333333333,0.0,0.0,0.5833333333333334,0.6666666666666666,0.4,2.9166666666666665,1.3333333333333333,1.8,0.9166666666666666,1.3333333333333333,0.8,0.03875390743363201,12.0,9.0,3.0,0.75,10.1,3.3,2.6,0.6,-4.0
PHX,Natasha Mack,2026-10-06T17:14:25.451206+00:00,70,20.53857142857143,25.733333333333334,24.64,6.8428571428571425,13.333333333333334,11.8,6.257142857142857,6.0,6.2,4.0,4.333333333333333,4.4,1.0142857142857142,0.3333333333333333,0.6,0.02857142857142857,0.0,0.0,0.7,1.3333333333333333,1.2,4.9714285714285715,9.333333333333334,8.4,1.3571428571428572,2.0,2.2,0.08215155734946653,36.0,13.0,23.0,0.361,22.6,8.9,6.7,1.1,-1.1
PHX,Noemie Brochant,2026-10-06T17:14:25.455327+00:00,43,23.574418604651164,28.133333333333336,28.5,6.348837209302325,6.0,9.4,2.0697674418604652,3.6666666666666665,3.2,1.6744186046511629,3.0,2.6,1.8604651162790697,2.0,2.8,1.0232558139534884,0.6666666666666666,1.0,1.0232558139534884,1.6666666666666667,1.8,5.5813953488372094,8.0,8.4,0.4418604651162791,0.3333333333333333,1.4,0.07481330747074896,43.0,15.0,28.0,0.349,23.6,6.3,2.1,1.9,-0.3
PHX,Peyton Williams,2026-10-06T17:14:25.459189+00:00,1,5.8,5.8,5.8,0.0,0.0,0.0,0.0,0.0,0.0,0.0,0.0,0.0,2.0,2.0,2.0,0.0,0.0,0.0,0.0,0.0,0.0,1.0,1.0,1.0,0.0,0.0,0.0,0.0,1.0,1.0,0.0,1.0,5.8,0.0,0.0,2.0,-1.0
PHX,Quionche Carter,2026-10-06T17:14:25.463175+00:00,13,6.207692307692307,8.066666666666666,5.96,1.1538461538461537,1.0,0.6,0.6923076923076923,0.6666666666666666,0.6,0.46153846153846156,0.6666666666666666,0.6,0.5384615384615384,1.0,0.6,0.0,0.0,0.0,0.15384615384615385,0.0,0.0,1.3846153846153846,2.0,1.4,1.2307692307692308,2.6666666666666665,1.6,0.014003038693329676,13.0,6.0,7.0,0.462,6.2,1.2,0.7,0.5,-1.8
PHX,Sami Whitcomb,2026-10-06T17:14:25.467450+00:00,64,21.771874999999998,19.599999999999998,20.16,7.84375,5.0,8.0,2.328125,1.6666666666666667,2.0,1.953125,1.0,1.4,2.390625,2.3333333333333335,2.6,1.765625,1.0,2.0,1.421875,1.6666666666666667,1.0,7.0,7.0,7.6,1.078125,1.3333333333333333,0.8,0.09193327695431106,21.0,7.0,14.0,0.333,17.4,5.3,1.7,2.1,-1.1
PHX,Satou Sabally,2026-10-06T17:14:25.471580+00:00,39,26.638461538461534,23.8,24.52,16.307692307692307,16.333333333333332,14.4,5.923076923076923,5.333333333333333,4.8,4.538461538461538,3.6666666666666665,3.8,2.5128205128205128,2.3333333333333335,2.4,1.7179487179487178,2.3333333333333335,2.2,1.9743589743589745,1.3333333333333333,0.8,13.205128205128204,10.666666666666666,10.2,4.743589743589744,3.0,3.0,0.1976620435315589,39.0,23.0,16.0,0.59,26.6,16.3,5.9,2.5,3.9
PHX,Saylor Poffenbarger,2026-10-06T17:14:25.475615+00:00,2,11.25,11.25,11.25,1.5,1.5,1.5,2.0,2.0,2.0,2.0,2.0,2.0,0.0,0.0,0.0,0.5,0.5,0.5,0.5,0.5,0.5,2.5,2.5,2.5,0.0,0.0,0.0,0.015957446808510637,7.0,3.0,4.0,0.429,6.9,0.4,1.4,0.1,-1.6
PHX,Sevgi Uzun,2026-10-06T17:14:25.479525+00:00,7,14.62857142857143,13.833333333333334,13.2,1.5714285714285714,1.6666666666666667,1.8,0.8571428571428571,0.3333333333333333,0.4,0.8571428571428571,0.3333333333333333,0.4,2.0,2.0,1.8,0.14285714285714285,0.3333333333333333,0.2,1.4285714285714286,1.3333333333333333,1.8,2.0,1.6666666666666667,1.8,0.8571428571428571,0.6666666666666666,0.8,0.020077001584456966,,,,,,,,,
PHX,Shay Ciezki,2026-10-06T17:14:25.483502+00:00,8,15.6375,18.266666666666666,20.46,8.5,7.0,11.6,1.5,1.0,2.0,1.25,0.6666666666666666,1.6,1.625,1.0,2.2,0.875,0.3333333333333333,1.0,0.75,1.0,1.0,5.5,5.666666666666667,7.4,2.625,2.6666666666666665,3.8,0.09633786740769569,8.0,4.0,4.0,0.5,15.6,8.5,1.5,1.6,-0.9
PHX,Valeriane Ayayi,2026-10-06T17:14:25.487415+00:00,35,16.231428571428573,12.133333333333333,14.539999999999997,6.285714285714286,3.6666666666666665,4.6,2.7714285714285714,3.0,2.8,2.085714285714286,2.0,2.0,1.2571428571428571,1.3333333333333333,1.6,0.5428571428571428,0.0,0.2,1.3142857142857143,0.3333333333333333,0.6,4.0,4.333333333333333,2.8,3.4571428571428573,3.6666666666666665,4.2,0.0722305016479485,35.0,12.0,23.0,0.343,16.2,6.3,2.8,1.3,-2.4
SEA,Alysha Clark,2026-10-06T17:14:25.491336+00:00,27,17.992592592592594,12.566666666666668,14.280000000000001,3.5185185185185186,1.3333333333333333,1.6,2.3703703703703702,2.0,2.4,2.037037037037037,1.6666666666666667,2.2,1.037037037037037,1.6666666666666667,1.8,0.5925925925925926,0.0,0.0,0.6296296296296297,0.6666666666666666,0.4,3.3333333333333335,2.6666666666666665,2.4,0.48148148148148145,0.0,0.0,0.04165046831063431,,,,,,,,,
SEA,Awa Fam,2026-10-06T17:14:25.495463+00:00,37,27.69189189189189,29.133333333333336,26.020000000000003,10.27027027027027,12.0,10.2,5.945945945945946,7.333333333333333,6.8,4.0,5.333333333333333,4.8,1.7837837837837838,1.6666666666666667,1.4,1.5135135135135136,2.0,1.8,1.6486486486486487,2.3333333333333335,1.6,8.891891891891891,11.666666666666666,9.6,1.0810810810810811,1.3333333333333333,1.2,0.12325858376922176,37.0,6.0,31.0,0.162,27.7,10.3,5.9,1.8,-3.6
SEA,Brittney Sykes,2026-10-06T17:14:25.499532+00:00,14,30.0,29.2,29.2,11.785714285714286,10.666666666666666,10.2,2.7142857142857144,3.0,3.0,2.142857142857143,1.6666666666666667,2.2,3.2857142857142856,2.3333333333333335,3.0,0.7142857142857143,0.0,0.0,2.142857142857143,1.6666666666666667,1.6,10.0,9.666666666666666,8.8,4.357142857142857,4.666666666666667,5.0,0.14156659808445268,39.0,18.0,21.0,0.462,30.6,14.1,3.2,4.0,0.2
SEA,Dominique Malonga,2026-10-06T17:14:25.503455+00:00,77,19.815584415584418,27.53333333333333,27.839999999999996,11.987012987012987,20.666666666666668,17.8,6.51948051948052,7.333333333333333,8.6,4.701298701298701,6.333333333333333,6.6,1.2207792207792207,1.0,1.4,0.33766233766233766,0.6666666666666666,0.4,1.844155844155844,2.6666666666666665,2.2,9.727272727272727,13.666666666666666,14.2,2.4935064935064934,7.0,5.2,0.14098242239893183,35.0,6.0,29.0,0.171,26.4,17.1,8.8,1.7,-4.2
SEA,Erica Wheeler,2026-10-06T17:14:25.507425+00:00,44,25.6,25.900000000000002,24.44,10.340909090909092,11.666666666666666,11.8,2.7045454545454546,3.3333333333333335,2.6,2.3181818181818183,3.0,2.4,3.272727272727273,2.3333333333333335,2.6,1.7272727272727273,3.0,3.2,1.5454545454545454,0.6666666666666666,1.2,9.545454545454545,9.333333333333334,9.2,1.1363636363636365,0.6666666666666666,0.6,0.1262250897350963,44.0,23.0,21.0,0.523,25.6,10.3,2.7,3.3,1.9
SEA,Ezi Magbegor,2026-10-06T17:14:25.511499+00:00,58,25.668965517241382,25.366666666666664,25.52,7.741379310344827,5.666666666666667,9.4,5.655172413793103,3.3333333333333335,4.4,4.068965517241379,2.6666666666666665,4.0,2.0172413793103448,1.6666666666666667,1.8,0.3793103448275862,0.3333333333333333,0.8,1.0,1.0,1.2,6.5344827586206895,6.0,8.4,1.706896551724138,1.3333333333333333,1.8,0.09528879652120491,14.0,3.0,11.0,0.214,20.4,6.9,4.0,1.8,-3.1
SEA,Flau'jae Johnson,2026-10-06T17:14:25.515450+00:00,42,28.68095238095238,33.6,32.36,14.904761904761905,22.333333333333332,22.2,4.809523809523809,5.666666666666667,4.4,3.642857142857143,3.3333333333333335,2.6,2.9285714285714284,4.0,3.0,1.4285714285714286,2.6666666666666665,2.4,2.619047619047619,4.0,3.8,13.095238095238095,19.0,19.2,3.6904761904761907,5.0,5.0,0.18296192508109874,42.0,7.0,35.0,0.167,28.7,14.9,4.8,2.9,-2.6
SEA,Gabby Williams,2026-10-06T17:14:25.519491+00:00,44,31.62045454545455,28.766666666666666,29.860000000000003,11.590909090909092,5.666666666666667,9.0,4.295454545454546,3.0,4.2,3.75,2.6666666666666665,3.8,4.204545454545454,3.6666666666666665,3.4,1.1363636363636365,0.3333333333333333,1.0,1.9090909090909092,1.6666666666666667,2.0,10.659090909090908,8.666666666666666,9.8,1.7045454545454546,0.0,1.2,0.1398496364359138,44.0,23.0,21.0,0.523,31.6,11.6,4.3,4.2,3.5
SEA,Grace VanSlooten,2026-10-06T17:14:25.523312+00:00,4,11.9,13.433333333333332,11.9,4.25,4.0,4.25,1.5,2.0,1.5,1.25,1.6666666666666667,1.25,0.75,1.0,0.75,0.5,0.3333333333333333,0.5,0.25,0.3333333333333333,0.25,2.0,2.0,2.0,2.0,2.0,2.0,0.05254489991435889,,,,,,,,,
SEA,Jade Melbourne,2026-10-06T17:14:25.527162+00:00,42,24.523809523809526,17.166666666666668,21.28,9.095238095238095,3.3333333333333335,6.2,2.142857142857143,2.0,2.6,1.7619047619047619,2.0,2.4,3.738095238095238,1.6666666666666667,3.0,0.7857142857142857,0.6666666666666666,0.8,1.7619047619047619,1.3333333333333333,1.4,6.928571428571429,4.333333333333333,5.8,2.9761904761904763,1.0,2.4,0.11171207593539476,42.0,8.0,34.0,0.19,24.5,9.1,2.1,3.7,-4.5
SEA,Jaylyn Sherrod,2026-10-06T17:14:25.531165+00:00,3,9.366666666666667,9.366666666666667,9.366666666666667,0.6666666666666666,0.6666666666666666,0.6666666666666666,1.0,1.0,1.0,0.3333333333333333,0.3333333333333333,0.3333333333333333,1.0,1.0,1.0,0.0,0.0,0.0,1.3333333333333333,1.3333333333333333,1.3333333333333333,2.6666666666666665,2.6666666666666665,2.6666666666666665,0.0,0.0,0.0,0.008658008658008658,13.0,7.0,6.0,0.538,7.6,1.9,0.9,1.1,-3.7
SEA,Jordan Horston,2026-10-06T17:14:25.535093+00:00,37,17.53243243243243,17.53333333333333,16.439999999999998,4.486486486486487,1.0,1.4,3.5405405405405403,3.3333333333333335,2.8,2.5945945945945947,2.0,1.6,1.2702702702702702,0.6666666666666666,1.2,0.35135135135135137,0.0,0.0,1.2432432432432432,2.0,1.8,4.783783783783784,3.3333333333333335,3.2,1.0,0.6666666666666666,0.4,0.055756338644186824,37.0,6.0,31.0,0.162,17.5,4.5,3.5,1.3,-3.2
SEA,Joyner Holmes,2026-10-06T17:14:25.538796+00:00,1,14.7,14.7,14.7,2.0,2.0,2.0,5.0,5.0,5.0,4.0,4.0,4.0,1.0,1.0,1.0,0.0,0.0,0.0,2.0,2.0,2.0,4.0,4.0,4.0,0.0,0.0,0.0,0.025974025974025976,1.0,1.0,0.0,1.0,14.7,2.0,5.0,1.0,-2.0
SEA,Katie Lou Samuelson,2026-10-06T17:14:25.542663+00:00,32,15.359375,18.5,15.9,4.4375,5.0,4.0,2.09375,3.0,2.0,1.71875,2.3333333333333335,1.4,0.8125,1.6666666666666667,1.2,0.8125,0.6666666666666666,0.6,0.46875,0.3333333333333333,0.6,3.625,5.666666666666667,4.4,0.875,1.0,0.6,0.05446240068512508,32.0,5.0,27.0,0.156,15.4,4.4,2.1,0.8,-4.4
SEA,Lexie Brown,2026-10-06T17:14:25.546727+00:00,34,11.014705882352942,9.9,10.08,2.6176470588235294,1.0,2.6,0.8823529411764706,0.3333333333333333,0.4,0.7941176470588235,0.3333333333333333,0.4,1.0,1.0,0.8,0.5588235294117647,0.3333333333333333,0.6,0.47058823529411764,0.3333333333333333,0.4,2.176470588235294,1.6666666666666667,1.4,0.47058823529411764,0.0,1.0,0.03144104590611541,10.0,3.0,7.0,0.3,14.8,3.8,1.3,1.1,-4.0
SEA,Li Yueru,2026-10-06T17:14:25.550515+00:00,9,8.700000000000001,5.033333333333333,6.24,2.7777777777777777,3.3333333333333335,3.4,1.5555555555555556,0.6666666666666666,1.4,1.1111111111111112,0.6666666666666666,1.2,0.6666666666666666,0.3333333333333333,0.2,0.2222222222222222,0.6666666666666666,0.4,0.7777777777777778,0.6666666666666666,0.8,2.2222222222222223,1.3333333333333333,1.6,1.3333333333333333,1.3333333333333333,1.8,0.03645339378262538,,,,,,,,,
SEA,Mackenzie Holmes,2026-10-06T17:14:25.554232+00:00,39,8.917948717948715,12.366666666666667,10.080000000000002,2.3076923076923075,3.3333333333333335,3.4,2.41025641025641,3.6666666666666665,3.0,1.5897435897435896,2.0,1.6,0.48717948717948717,1.3333333333333333,0.8,0.15384615384615385,0.0,0.0,0.3333333333333333,0.3333333333333333,0.4,1.6153846153846154,3.0,2.6,0.4358974358974359,0.0,0.4,0.030992509677386815,29.0,5.0,24.0,0.172,10.0,2.8,2.9,0.6,-2.6
SEA,Natisha Hiedeman,2026-10-06T17:14:25.557978+00:00,40,29.95,31.133333333333336,31.420000000000005,14.65,6.333333333333333,8.0,2.475,0.3333333333333333,1.0,2.225,0.0,0.6,4.975,6.666666666666667,6.4,1.75,0.3333333333333333,0.6,2.25,2.3333333333333335,2.4,11.975,6.666666666666667,8.4,2.85,1.6666666666666667,2.2,0.1787129113154968,40.0,7.0,33.0,0.175,30.0,14.7,2.5,5.0,-3.0
SEA,Nneka Ogwumike,2026-10-06T17:14:25.561721+00:00,44,30.88181818181818,32.96666666666667,31.660000000000004,18.25,19.0,17.8,7.0227272727272725,6.666666666666667,7.2,5.681818181818182,4.666666666666667,4.8,2.25,1.6666666666666667,1.2,1.5,1.6666666666666667,1.8,1.9318181818181819,2.0,2.0,14.022727272727273,15.0,14.8,2.6818181818181817,3.3333333333333335,3.2,0.22336918673918077,44.0,23.0,21.0,0.523,30.9,18.3,7.0,2.3,3.1
SEA,Skylar Diggins,2026-10-06T17:14:25.565682+00:00,43,31.23023255813954,31.03333333333333,30.9,15.511627906976743,15.0,16.0,2.511627906976744,2.6666666666666665,2.4,1.8837209302325582,1.0,1.2,6.0,6.333333333333333,6.0,1.441860465116279,1.3333333333333333,1.8,2.116279069767442,2.0,1.8,12.534883720930232,13.333333333333334,13.2,4.395348837209302,4.0,3.8,0.189371666969522,43.0,23.0,20.0,0.535,31.2,15.5,2.5,6.0,4.2
SEA,Stefanie Dolson,2026-10-06T17:14:25.569516+00:00,44,14.95681818181818,10.366666666666667,13.4,3.272727272727273,1.6666666666666667,3.2,2.409090909090909,2.3333333333333335,3.0,1.8181818181818181,2.0,2.6,1.1590909090909092,1.0,1.4,0.5227272727272727,0.3333333333333333,0.8,0.8636363636363636,1.0,1.2,2.340909090909091,1.0,2.0,0.7727272727272727,0.6666666666666666,0.8,0.04056177216440771,44.0,8.0,36.0,0.182,15.0,3.3,2.4,1.2,-3.9
SEA,Taina Mair,2026-10-06T17:14:25.573245+00:00,10,5.13,4.5,6.18,1.3,0.0,1.2,0.4,0.3333333333333333,0.4,0.2,0.0,0.2,0.5,0.3333333333333333,0.4,0.3,0.0,0.4,0.4,0.0,0.4,1.9,1.0,2.2,0.2,0.0,0.0,0.015765954475631897,10.0,1.0,9.0,0.1,5.1,1.3,0.4,0.5,-2.9
SEA,Taylor Thierry,2026-10-06T17:14:25.577154+00:00,17,9.711764705882352,20.333333333333332,19.96,1.9411764705882353,5.333333333333333,4.0,1.7058823529411764,2.3333333333333335,3.0,0.8823529411764706,1.6666666666666667,2.0,0.47058823529411764,1.3333333333333333,0.8,0.35294117647058826,1.0,0.6,0.17647058823529413,0.3333333333333333,0.2,1.8235294117647058,4.333333333333333,3.6,0.35294117647058826,0.6666666666666666,0.8,0.02557248269162986,17.0,5.0,12.0,0.294,9.7,1.9,1.7,0.5,-0.8
SEA,Tiffany Mitchell,2026-10-06T17:14:25.580960+00:00,23,13.030434782608696,6.266666666666667,7.959999999999999,2.9130434782608696,1.6666666666666667,2.0,0.5652173913043478,0.3333333333333333,0.4,0.34782608695652173,0.3333333333333333,0.4,0.21739130434782608,0.0,0.0,0.30434782608695654,0.3333333333333333,0.4,0.43478260869565216,0.3333333333333333,0.4,2.652173913043478,1.0,1.2,0.782608695652174,0.0,0.4,0.0373227855806505,39.0,18.0,21.0,0.462,13.1,3.2,1.1,0.3,-0.8
SEA,Zia Cooke,2026-10-06T17:14:25.585025+00:00,67,13.092537313432837,17.366666666666667,17.1,5.955223880597015,9.333333333333334,8.6,1.2238805970149254,1.6666666666666667,1.6,0.8507462686567164,1.3333333333333333,1.2,0.8656716417910447,3.0,2.6,0.7014925373134329,0.6666666666666666,0.6,0.9850746268656716,1.3333333333333333,1.4,5.507462686567164,10.0,8.8,1.8059701492537314,3.6666666666666665,3.2,0.07220859010797434,41.0,8.0,33.0,0.195,15.0,7.5,1.7,1.1,-2.3
TOR,Aneesah Morrow,2026-10-06T17:14:25.589003+00:00,7,19.442857142857143,19.5,19.280000000000005,9.285714285714286,9.0,9.2,6.571428571428571,8.666666666666666,6.6,4.285714285714286,5.333333333333333,4.2,0.8571428571428571,0.6666666666666666,1.0,0.5714285714285714,1.0,0.6,1.1428571428571428,0.6666666666666666,0.8,7.714285714285714,8.666666666666666,7.6,3.142857142857143,2.0,3.4,0.10627130337035427,27.0,4.0,23.0,0.148,22.2,11.0,8.3,1.4,-5.5
TOR,Brittney Sykes,2026-10-06T17:14:25.592564+00:00,17,29.394117647058824,14.1,21.52,18.58823529411765,8.666666666666666,11.4,3.4705882352941178,1.3333333333333333,1.6,2.5294117647058822,1.0,1.0,3.3529411764705883,2.6666666666666665,3.0,0.9411764705882353,0.3333333333333333,0.4,2.1176470588235294,0.6666666666666666,2.2,14.352941176470589,8.0,10.0,6.294117647058823,1.3333333333333333,2.4,0.20296287085403875,17.0,8.0,9.0,0.471,29.4,18.6,3.5,3.4,-1.6
TOR,Isabelle Harrison,2026-10-06T17:14:25.596087+00:00,32,23.709375,23.399999999999995,25.74,12.75,15.0,15.4,6.9375,10.333333333333334,10.0,5.0625,7.666666666666667,7.4,1.46875,0.0,0.4,0.6875,0.6666666666666666,0.8,1.78125,2.6666666666666665,2.0,10.8125,14.666666666666666,14.4,3.9375,5.0,6.6,0.15372320015556581,32.0,6.0,26.0,0.188,23.7,12.8,6.9,1.5,-5.2
TOR,Julie Allemand,2026-10-06T17:14:25.599622+00:00,33,28.290909090909093,24.733333333333334,23.52,6.03030303030303,3.3333333333333335,3.6,3.1515151515151514,3.3333333333333335,3.0,2.878787878787879,3.0,2.6,5.454545454545454,4.666666666666667,4.2,1.1818181818181819,0.6666666666666666,0.8,1.7272727272727273,1.6666666666666667,1.6,4.2727272727272725,3.3333333333333335,3.4,0.42424242424242425,0.3333333333333333,0.2,0.07214462987658335,33.0,8.0,25.0,0.242,28.3,6.0,3.2,5.5,-4.8
TOR,Kayla Alexander,2026-10-06T17:14:25.603096+00:00,4,10.1,10.1,10.1,2.25,2.6666666666666665,2.25,2.75,3.0,2.75,1.75,2.0,1.75,0.5,0.6666666666666666,0.5,0.0,0.0,0.0,1.0,1.0,1.0,1.75,2.0,1.75,1.0,0.6666666666666666,1.0,0.028768384233027182,4.0,0.0,4.0,0.0,10.1,2.3,2.8,0.5,-8.3
TOR,Kia Nurse,2026-10-06T17:14:25.606541+00:00,43,14.267441860465116,22.96666666666667,19.94,5.511627906976744,7.0,5.4,1.1627906976744187,1.3333333333333333,1.2,0.9302325581395349,1.0,0.8,1.0465116279069768,1.3333333333333333,1.2,1.1395348837209303,1.6666666666666667,1.2,0.5116279069767442,0.6666666666666666,0.8,4.813953488372093,8.333333333333334,6.4,1.302325581395349,2.0,1.6,0.06679141592807265,43.0,11.0,32.0,0.256,14.3,5.5,1.2,1.0,-4.7
TOR,Kiana Williams,2026-10-06T17:14:25.609952+00:00,3,19.599999999999998,19.599999999999998,19.599999999999998,6.0,6.0,6.0,0.3333333333333333,0.3333333333333333,0.3333333333333333,0.3333333333333333,0.3333333333333333,0.3333333333333333,1.3333333333333333,1.3333333333333333,1.3333333333333333,1.0,1.0,1.0,1.3333333333333333,1.3333333333333333,1.3333333333333333,7.0,7.0,7.0,1.3333333333333333,1.3333333333333333,1.3333333333333333,0.08319461625000636,24.0,5.0,19.0,0.208,12.9,4.1,0.4,1.2,-2.8
TOR,Kiki Rice,2026-10-06T17:14:25.613290+00:00,28,27.117857142857137,30.46666666666667,29.639999999999997,13.392857142857142,18.666666666666668,17.6,3.6785714285714284,4.0,4.4,2.4285714285714284,1.6666666666666667,2.2,3.4642857142857144,4.666666666666667,4.8,0.9285714285714286,1.3333333333333333,1.2,1.7857142857142858,2.3333333333333335,3.6,9.678571428571429,15.666666666666666,15.2,3.8214285714285716,3.0,2.8,0.16007236060847527,28.0,6.0,22.0,0.214,27.1,13.4,3.7,3.5,-5.2
TOR,Laura Juskaite,2026-10-06T17:14:25.616797+00:00,44,25.406818181818185,30.066666666666663,29.5,11.25,21.0,19.0,4.2272727272727275,4.0,3.8,3.1136363636363638,3.0,2.8,1.75,2.3333333333333335,2.0,1.0,1.0,1.2,2.0681818181818183,2.3333333333333335,2.4,8.340909090909092,13.333333333333334,12.4,2.977272727272727,8.0,6.8,0.13390986435548607,44.0,11.0,33.0,0.25,25.4,11.3,4.2,1.8,-4.5
TOR,Lexi Held,2026-10-06T17:14:25.620210+00:00,8,7.5,12.366666666666667,10.12,1.125,2.0,1.8,0.75,1.6666666666666667,1.2,0.375,0.6666666666666666,0.6,0.875,2.0,1.4,0.25,0.6666666666666666,0.4,0.5,1.0,0.8,1.25,2.6666666666666665,2.0,0.125,0.0,0.2,0.013722363945578232,,,,,,,,,
TOR,Maria Conde,2026-10-06T17:14:25.623662+00:00,35,26.41142857142857,18.666666666666668,22.52,8.514285714285714,3.0,3.4,4.514285714285714,3.0,3.2,3.6,3.0,3.0,2.5428571428571427,2.3333333333333335,2.4,1.5142857142857142,0.0,0.0,1.6,2.3333333333333335,1.8,8.257142857142858,6.0,6.2,1.2,0.3333333333333333,0.2,0.09674880794882651,35.0,10.0,25.0,0.286,26.4,8.5,4.5,2.5,-5.5
TOR,Mariella Fasoula,2026-10-06T17:14:25.627107+00:00,3,5.1000000000000005,5.1000000000000005,5.1000000000000005,1.3333333333333333,1.3333333333333333,1.3333333333333333,1.0,1.0,1.0,0.6666666666666666,0.6666666666666666,0.6666666666666666,0.3333333333333333,0.3333333333333333,0.3333333333333333,0.0,0.0,0.0,0.6666666666666666,0.6666666666666666,0.6666666666666666,1.6666666666666667,1.6666666666666667,1.6666666666666667,0.0,0.0,0.0,0.018518518518518517,3.0,0.0,3.0,0.0,5.1,1.3,1.0,0.3,-0.7
TOR,Marina Mabrey,2026-10-06T17:14:25.630514+00:00,32,29.515625,30.8,29.96,20.84375,27.0,20.4,3.28125,1.0,2.0,2.75,1.0,2.0,3.6875,3.3333333333333335,3.4,3.28125,5.0,3.6,3.09375,2.0,2.4,15.4375,18.333333333333332,15.0,4.46875,5.333333333333333,4.2,0.23105756305728536,32.0,10.0,22.0,0.313,29.5,20.8,3.3,3.7,-5.6
TOR,Nikolina Milic,2026-10-06T17:14:25.633945+00:00,7,9.014285714285714,7.8,9.58,3.0,2.3333333333333335,3.8,1.2857142857142858,1.6666666666666667,1.6,1.0,1.3333333333333333,1.2,0.42857142857142855,0.3333333333333333,0.4,0.0,0.0,0.0,0.7142857142857143,0.3333333333333333,0.4,2.7142857142857144,2.6666666666666665,3.6,0.5714285714285714,1.3333333333333333,0.8,0.0363545367740154,7.0,3.0,4.0,0.429,9.0,3.0,1.3,0.4,-2.0
TOR,Nyara Sabally,2026-10-06T17:14:25.637641+00:00,24,23.875,23.266666666666666,25.259999999999998,12.291666666666666,11.666666666666666,15.0,5.25,8.0,7.6,3.4583333333333335,5.0,5.0,1.7083333333333333,1.6666666666666667,1.8,0.8333333333333334,0.6666666666666666,1.6,1.5833333333333333,2.6666666666666665,2.8,8.541666666666666,10.666666666666666,11.2,3.4166666666666665,3.0,4.0,0.1430036544179723,24.0,8.0,16.0,0.333,23.9,12.3,5.3,1.7,-3.4
TOR,Ornella Bankole,2026-10-06T17:14:25.641103+00:00,14,14.771428571428572,17.466666666666665,18.580000000000002,3.357142857142857,3.3333333333333335,3.4,2.2857142857142856,3.0,2.6,1.2857142857142858,1.6666666666666667,1.4,1.0714285714285714,1.0,1.8,0.5,0.6666666666666666,0.4,0.35714285714285715,0.3333333333333333,0.6,2.642857142857143,3.3333333333333335,2.8,0.5,0.0,0.6,0.04270952567527482,14.0,2.0,12.0,0.143,14.8,3.4,2.3,1.1,-6.9
TOR,Temi Fagbenle,2026-10-06T17:14:25.644519+00:00,25,17.752,22.266666666666666,22.32,5.88,8.666666666666666,6.8,3.4,4.0,4.6,2.12,2.0,2.6,0.96,1.0,0.6,0.44,0.3333333333333333,0.4,1.28,1.3333333333333333,2.2,4.72,8.0,6.0,1.28,2.6666666666666665,2.0,0.06940644635059764,25.0,3.0,22.0,0.12,17.8,5.9,3.4,1.0,-6.5
TOR,Teonni Key,2026-10-06T17:14:25.648106+00:00,39,11.110256410256412,20.8,20.48,2.1538461538461537,4.333333333333333,4.0,2.1025641025641026,5.0,5.2,1.205128205128205,2.3333333333333335,3.4,0.5128205128205128,1.0,0.6,0.07692307692307693,0.0,0.0,0.5897435897435898,1.3333333333333333,1.0,2.282051282051282,4.333333333333333,3.2,0.6153846153846154,1.3333333333333333,1.4,0.026038555753464615,39.0,10.0,29.0,0.256,11.1,2.2,2.1,0.5,-3.8
TOR,Tima Pouye,2026-10-06T17:14:25.651538+00:00,19,9.378947368421052,4.966666666666668,7.279999999999999,3.1578947368421053,3.0,3.2,0.8421052631578947,0.6666666666666666,0.8,0.5263157894736842,0.3333333333333333,0.6,1.1578947368421053,0.6666666666666666,0.6,0.42105263157894735,0.3333333333333333,0.4,0.7368421052631579,1.0,1.2,2.8947368421052633,2.0,2.6,0.9473684210526315,1.0,0.6,0.03777013270532964,19.0,6.0,13.0,0.316,9.4,3.2,0.8,1.2,-2.4
TOR,Zaay Green,2026-10-06T17:14:25.654907+00:00,7,9.557142857142859,11.600000000000001,10.58,2.142857142857143,2.6666666666666665,2.6,1.0,1.6666666666666667,1.0,0.5714285714285714,0.6666666666666666,0.4,0.14285714285714285,0.0,0.0,0.42857142857142855,0.6666666666666666,0.6,0.5714285714285714,0.3333333333333333,0.6,2.857142857142857,4.0,3.4,0.0,0.0,0.0,0.028126220156957406,7.0,0.0,7.0,0.0,9.5,2.1,1.0,0.1,-4.3
WAS,Aaliyah Edwards,2026-10-06T17:14:25.658320+00:00,21,13.304761904761904,6.633333333333333,9.120000000000001,5.9523809523809526,3.3333333333333335,6.4,3.2857142857142856,1.6666666666666667,2.2,2.0952380952380953,1.0,1.4,0.42857142857142855,0.3333333333333333,0.2,0.0,0.0,0.0,1.0952380952380953,0.6666666666666666,0.4,4.476190476190476,2.3333333333333335,3.8,2.6666666666666665,2.6666666666666665,3.6,0.0771762187543559,,,,,,,,,
WAS,Alex Wilson,2026-10-06T17:14:25.662075+00:00,4,14.5,13.6,14.5,3.0,3.3333333333333335,3.0,1.75,1.6666666666666667,1.75,0.5,0.3333333333333333,0.5,0.75,0.6666666666666666,0.75,0.5,0.6666666666666666,0.5,0.5,0.6666666666666666,0.5,3.75,4.0,3.75,0.75,1.0,0.75,0.03525171666465701,4.0,2.0,2.0,0.5,14.5,3.0,1.8,0.8,-5.0
WAS,Alicia Florez,2026-10-06T17:14:25.665825+00:00,35,12.08,11.133333333333333,10.92,3.4571428571428573,3.6666666666666665,4.2,1.3714285714285714,0.6666666666666666,0.8,1.0571428571428572,0.6666666666666666,0.8,1.9428571428571428,1.6666666666666667,1.6,0.2571428571428571,0.3333333333333333,0.2,1.1714285714285715,1.3333333333333333,1.0,3.4857142857142858,1.6666666666666667,2.0,1.1428571428571428,0.0,0.4,0.04130240539024483,35.0,23.0,12.0,0.657,12.1,3.5,1.4,1.9,-1.4
WAS,Alysha Clark,2026-10-06T17:14:25.669919+00:00,15,22.86666666666667,27.099999999999998,25.52,4.533333333333333,7.0,4.2,3.533333333333333,1.3333333333333333,2.8,3.066666666666667,1.0,2.6,1.5333333333333334,2.0,1.8,0.6666666666666666,1.0,0.6,0.3333333333333333,0.3333333333333333,0.4,4.6,6.333333333333333,4.8,0.8666666666666667,1.3333333333333333,0.8,0.05836110209368046,42.0,19.0,23.0,0.452,19.7,3.9,2.8,1.2,-4.0
WAS,Angela Dugalic,2026-10-06T17:14:25.673755+00:00,38,8.715789473684211,2.3333333333333335,2.7,2.6578947368421053,0.6666666666666666,0.8,2.210526315789474,0.0,0.6,1.6842105263157894,0.0,0.6,0.5789473684210527,0.0,0.2,0.10526315789473684,0.0,0.0,0.6052631578947368,0.0,0.0,2.4210526315789473,0.3333333333333333,0.6,0.6578947368421053,0.0,0.0,0.032412503291007366,38.0,22.0,16.0,0.579,8.7,2.7,2.2,0.6,-2.5
WAS,Betnijah Laney-Hamilton,2026-10-06T17:14:25.677578+00:00,13,15.546153846153846,12.9,14.939999999999998,4.153846153846154,2.6666666666666665,3.6,1.8461538461538463,1.3333333333333333,1.6,1.4615384615384615,0.6666666666666666,1.2,2.3076923076923075,1.0,1.6,0.5384615384615384,0.6666666666666666,0.4,0.6923076923076923,0.0,0.4,3.6923076923076925,3.3333333333333335,3.2,0.8461538461538461,0.0,0.4,0.04723695784091265,30.0,20.0,10.0,0.667,16.2,4.5,1.9,1.9,3.1
WAS,Brittney Sykes,2026-10-06T17:14:25.681437+00:00,25,30.955999999999996,28.2,26.98,15.4,10.666666666666666,8.6,3.4,2.6666666666666665,2.6,2.92,2.3333333333333335,2.4,4.36,3.6666666666666665,4.0,0.84,0.6666666666666666,0.6,2.72,1.0,1.2,12.68,10.333333333333334,10.0,6.32,2.6666666666666665,1.6,0.19362065173559778,,,,,,,,,
WAS,Cassandre Prosper,2026-10-06T17:14:25.685287+00:00,38,9.578947368421055,5.033333333333333,4.12,2.0789473684210527,2.0,1.2,1.0,0.3333333333333333,0.4,0.3684210526315789,0.0,0.2,0.4473684210526316,0.3333333333333333,0.2,0.21052631578947367,0.3333333333333333,0.2,0.5789473684210527,0.3333333333333333,0.4,2.710526315789474,2.6666666666666665,1.8,0.47368421052631576,0.3333333333333333,0.2,0.02526537445609111,38.0,24.0,14.0,0.632,9.6,2.1,1.0,0.4,-1.5
WAS,Cotie McMahon,2026-10-06T17:14:25.689391+00:00,42,19.576190476190476,18.066666666666666,17.560000000000002,6.642857142857143,9.333333333333334,7.8,2.857142857142857,1.3333333333333333,2.0,2.380952380952381,1.3333333333333333,1.8,1.8571428571428572,1.0,1.4,0.5952380952380952,1.0,0.6,1.0714285714285714,1.0,1.0,5.476190476190476,5.0,4.8,2.5952380952380953,4.0,2.6,0.07895887279847742,42.0,27.0,15.0,0.643,19.6,6.6,2.9,1.9,-0.6
WAS,Darianna Littlepage-Buggs,2026-10-06T17:14:25.693255+00:00,4,1.8,2.3333333333333335,1.8,1.25,1.6666666666666667,1.25,0.25,0.3333333333333333,0.25,0.25,0.3333333333333333,0.25,0.0,0.0,0.0,0.25,0.3333333333333333,0.25,0.0,0.0,0.0,0.75,1.0,0.75,0.0,0.0,0.0,0.011363636363636364,4.0,3.0,1.0,0.75,1.8,1.3,0.3,0.0,-0.5
WAS,Emily Engstler,2026-10-06T17:14:25.697385+00:00,40,12.802499999999998,9.666666666666666,12.48,3.65,2.6666666666666665,2.8,3.25,4.666666666666667,4.0,2.325,3.3333333333333335,2.8,1.45,2.3333333333333335,1.8,0.4,0.0,0.0,0.95,0.3333333333333333,0.8,3.35,2.0,3.2,0.9,0.6666666666666666,0.4,0.047900007468474524,40.0,14.0,26.0,0.35,12.8,3.7,3.3,1.5,-1.9
WAS,Georgia Amoore,2026-10-06T17:14:25.701553+00:00,44,23.047727272727272,23.76666666666667,23.82,7.0,11.0,10.8,1.3636363636363635,0.6666666666666666,0.8,1.0909090909090908,0.3333333333333333,0.6,3.409090909090909,2.3333333333333335,3.4,1.5454545454545454,2.6666666666666665,3.0,2.0,1.3333333333333333,1.4,6.113636363636363,6.666666666666667,7.2,1.0681818181818181,2.0,1.2,0.08362871205440563,44.0,28.0,16.0,0.636,23.0,7.0,1.4,3.4,1.0
WAS,Jacy Sheldon,2026-10-06T17:14:25.705583+00:00,2,15.8,15.8,15.8,6.5,6.5,6.5,1.5,1.5,1.5,1.0,1.0,1.0,0.5,0.5,0.5,0.5,0.5,0.5,0.5,0.5,0.5,5.0,5.0,5.0,2.5,2.5,2.5,0.0740765258837548,30.0,6.0,24.0,0.2,23.6,7.5,1.9,1.9,-9.0
WAS,Jade Melbourne,2026-10-06T17:14:25.709504+00:00,43,23.448837209302326,18.7,19.259999999999998,5.930232558139535,4.0,4.6,1.8604651162790697,0.6666666666666666,1.0,1.4651162790697674,0.6666666666666666,0.8,2.883720930232558,3.0,3.6,0.6046511627906976,0.0,0.4,1.6744186046511629,1.3333333333333333,1.6,5.232558139534884,4.333333333333333,5.4,1.697674418604651,0.0,0.4,0.07782441339968936,43.0,16.0,27.0,0.372,23.4,5.9,1.9,2.9,-4.3
WAS,Kiki Iriafen,2026-10-06T17:14:25.713570+00:00,85,27.520000000000003,25.96666666666667,26.54,14.235294117647058,13.666666666666666,14.2,9.058823529411764,11.333333333333334,11.0,6.2,6.666666666666667,7.0,1.5411764705882354,1.0,0.8,0.2,0.3333333333333333,0.6,1.9764705882352942,2.3333333333333335,1.8,10.952941176470588,12.333333333333334,11.6,4.294117647058823,1.3333333333333333,1.6,0.17561175915565677,41.0,26.0,15.0,0.634,28.1,15.3,9.6,1.5,1.9
WAS,Lauren Betts,2026-10-06T17:14:25.717884+00:00,44,17.668181818181818,23.433333333333334,22.28,6.431818181818182,6.666666666666667,7.0,4.613636363636363,6.0,6.0,3.340909090909091,3.0,3.8,1.1590909090909092,2.3333333333333335,2.2,0.0,0.0,0.0,0.9090909090909091,1.3333333333333333,1.0,4.818181818181818,8.0,6.8,2.0,2.3333333333333335,3.4,0.07788954745749849,44.0,28.0,16.0,0.636,17.7,6.4,4.6,1.2,0.9
WAS,Lucy Olsen,2026-10-06T17:14:25.722089+00:00,63,10.361904761904762,2.1,1.8,3.492063492063492,1.0,0.6,0.9365079365079365,0.0,0.0,0.746031746031746,0.0,0.0,1.0634920634920635,0.0,0.0,0.42857142857142855,0.0,0.0,0.5079365079365079,0.3333333333333333,0.4,3.2222222222222223,0.6666666666666666,0.4,0.4444444444444444,0.3333333333333333,0.2,0.04613352565099979,22.0,14.0,8.0,0.636,6.6,2.5,0.5,0.8,0.4
WAS,Madison Scott,2026-10-06T17:14:25.726116+00:00,9,5.211111111111112,5.166666666666667,4.42,1.5555555555555556,1.3333333333333333,1.6,0.1111111111111111,0.0,0.0,0.0,0.0,0.0,0.2222222222222222,0.0,0.2,0.0,0.0,0.0,0.1111111111111111,0.0,0.0,1.2222222222222223,1.0,1.0,0.4444444444444444,0.6666666666666666,0.8,0.02200245896239816,9.0,2.0,7.0,0.222,5.2,1.6,0.1,0.2,-0.8
WAS,Michaela Onyenwere,2026-10-06T17:14:25.730134+00:00,40,24.837500000000002,22.0,21.78,9.025,9.666666666666666,9.4,2.55,1.0,1.0,1.2,0.6666666666666666,0.4,1.675,0.6666666666666666,1.4,1.45,2.0,1.6,1.625,1.6666666666666667,1.6,6.85,7.666666666666667,7.2,1.875,1.0,2.2,0.1047974200836013,40.0,26.0,14.0,0.65,24.8,9.0,2.6,1.7,2.5
WAS,Rori Harmon,2026-10-06T17:14:25.734283+00:00,15,5.059999999999999,1.8333333333333333,1.64,0.8,0.0,0.4,0.5333333333333333,0.0,0.0,0.5333333333333333,0.0,0.0,0.9333333333333333,1.0,0.6,0.06666666666666667,0.0,0.0,0.8,0.0,0.0,0.7333333333333333,0.0,0.2,0.26666666666666666,0.0,0.0,0.010091949973437526,15.0,9.0,6.0,0.6,5.0,0.8,0.5,0.9,-1.7
WAS,Shakira Austin,2026-10-06T17:14:25.738344+00:00,81,26.420987654320985,27.666666666666668,28.119999999999997,14.938271604938272,17.333333333333332,18.2,8.024691358024691,11.333333333333334,10.2,6.320987654320987,9.333333333333334,9.0,2.2098765432098766,3.6666666666666665,3.4,0.2345679012345679,0.0,0.0,2.617283950617284,1.6666666666666667,2.0,11.74074074074074,12.0,12.8,5.037037037037037,10.333333333333334,8.8,0.18617816665491033,43.0,27.0,16.0,0.628,29.4,17.0,9.5,2.6,2.1
WAS,Sika Kone,2026-10-06T17:14:25.742467+00:00,11,6.7727272727272725,3.533333333333333,4.34,2.090909090909091,2.0,2.0,1.6363636363636365,0.3333333333333333,0.4,1.3636363636363635,0.3333333333333333,0.4,0.45454545454545453,0.3333333333333333,0.2,0.09090909090909091,0.0,0.2,0.5454545454545454,0.3333333333333333,0.2,1.6363636363636365,1.0,1.0,0.8181818181818182,1.3333333333333333,1.2,0.026107606910868487,,,,,,,,,
WAS,Sonia Citron,2026-10-06T17:14:25.746454+00:00,84,32.55238095238095,30.599999999999998,31.4,15.80952380952381,16.333333333333332,15.8,3.869047619047619,4.666666666666667,4.0,3.107142857142857,4.333333333333333,3.2,3.3452380952380953,6.0,5.2,1.619047619047619,1.3333333333333333,1.8,2.2261904761904763,1.3333333333333333,1.4,10.94047619047619,10.0,11.0,4.2976190476190474,3.0,2.4,0.1962959563608958,40.0,25.0,15.0,0.625,33.0,16.8,3.8,4.4,3.2
WAS,Stefanie Dolson,2026-10-06T17:14:25.750476+00:00,43,15.186046511627904,15.4,15.460000000000003,3.744186046511628,1.0,3.0,2.255813953488372,2.3333333333333335,1.8,1.8837209302325582,2.3333333333333335,1.8,1.372093023255814,1.0,1.6,0.627906976744186,0.3333333333333333,0.6,0.6744186046511628,0.6666666666666666,0.4,3.302325581395349,2.3333333333333335,3.0,0.46511627906976744,0.0,0.4,0.04816927016009396,43.0,16.0,27.0,0.372,15.2,3.7,2.3,1.4,-1.3
WAS,Sug Sutton,2026-10-06T17:14:25.754396+00:00,43,26.100000000000005,26.833333333333332,26.479999999999997,7.372093023255814,6.0,7.4,1.7906976744186047,3.0,2.2,1.6046511627906976,3.0,2.2,3.86046511627907,4.333333333333333,4.2,0.9767441860465116,0.6666666666666666,1.0,1.930232558139535,1.6666666666666667,1.4,6.558139534883721,8.333333333333334,8.2,1.1162790697674418,1.0,1.0,0.09510088412556915,43.0,16.0,27.0,0.372,26.1,7.4,1.8,3.9,-1.0
